Date,Selic_Meta,IPCA_12m,USD_BRL,Divida_PIB,Resultado_Primario_Milhoes,Desemprego_PNAD,Focus_IPCA_Ano_Corrente,Focus_Selic_Ano_Corrente,Mkt_BOVA11,Mkt_IMAB11,Mkt_USD_BRL,Mkt_IFIX,Mkt_IBOVESPA
2020-01-01,4.5,4.19,,74.75,0.71,11.3,,,,,4.016786098480225,,
2020-01-02,4.5,,4.0213,,,,,,114.23999786376953,76.76000213623047,4.016300201416016,,118573.0
2020-01-03,4.5,,4.0522,,,,,,113.80000305175781,76.69999694824219,4.023399829864502,,117707.0
2020-01-04,4.5,,,,,,,,113.80000305175781,76.69999694824219,4.023399829864502,,117707.0
2020-01-05,4.5,,,,,,,,113.80000305175781,76.69999694824219,4.023399829864502,,117707.0
2020-01-06,4.5,,4.0554,,,,,,112.58999633789062,76.69999694824219,4.057000160217285,,116878.0
2020-01-07,4.5,,4.0841,,,,,,112.23999786376953,76.30000305175781,4.060400009155273,,116662.0
2020-01-08,4.5,,4.0672,,,,,,111.94999694824219,76.8499984741211,4.066199779510498,,116247.0
2020-01-09,4.5,,4.0744,,,,,,111.66000366210938,76.8499984741211,4.06279993057251,,115947.0
2020-01-10,4.5,,4.0745,,,,,,111.27999877929688,76.93000030517578,4.092100143432617,,115503.0
2020-01-11,4.5,,,,,,,,111.27999877929688,76.93000030517578,4.092100143432617,,115503.0
2020-01-12,4.5,,,,,,,,111.27999877929688,76.93000030517578,4.092100143432617,,115503.0
2020-01-13,4.5,,4.1309,,,,,,113.08000183105469,76.87999725341797,4.070499897003174,,117325.0
2020-01-14,4.5,,4.1443,,,,,,113.31999969482422,76.6500015258789,4.1458001136779785,,117632.0
2020-01-15,4.5,,4.1622,,,,,,112.18000030517578,76.6500015258789,4.13129997253418,,116414.0
2020-01-16,4.5,,4.1726,,,,,,112.3499984741211,76.5199966430664,4.174200057983398,,116704.0
2020-01-17,4.5,,4.1837,,,,,,114.0999984741211,76.7300033569336,4.183599948883057,,118478.0
2020-01-18,4.5,,,,,,,,114.0999984741211,76.7300033569336,4.183599948883057,,118478.0
2020-01-19,4.5,,,,,,,,114.0999984741211,76.7300033569336,4.183599948883057,,118478.0
2020-01-20,4.5,,4.1829,,,,,,114.41000366210938,76.63999938964844,4.161600112915039,,118862.0
2020-01-21,4.5,,4.2014,,,,,,112.6500015258789,76.70999908447266,4.188499927520752,,117026.0
2020-01-22,4.5,,4.1889,,,,,,114.0999984741211,76.94999694824219,4.210899829864502,,118391.0
2020-01-23,4.5,,4.1662,,,,,,115.20999908447266,77.08000183105469,4.181300163269043,,119528.0
2020-01-24,4.5,,4.1769,,,,,,114.0,76.9000015258789,4.169099807739258,,118376.0
2020-01-25,4.5,,,,,,,,114.0,76.9000015258789,4.169099807739258,,118376.0
2020-01-26,4.5,,,,,,,,114.0,76.9000015258789,4.169099807739258,,118376.0
2020-01-27,4.5,,4.2196,,,,,,110.29000091552734,77.0,4.1595001220703125,,114482.0
2020-01-28,4.5,,4.2064,,,,,,112.30000305175781,76.9000015258789,4.206099987030029,,116479.0
2020-01-29,4.5,,4.2013,,,,,,110.87999725341797,77.26000213623047,4.193399906158447,,115385.0
2020-01-30,4.5,,4.2523,,,,,,111.19000244140625,77.30000305175781,4.228899955749512,,115528.0
2020-01-31,4.5,,4.2695,,,,,,108.9000015258789,76.9800033569336,4.242199897766113,,113761.0
2020-02-01,4.5,4.01,,75.15,0.78,11.7,,,108.9000015258789,76.9800033569336,4.242199897766113,,113761.0
2020-02-02,4.5,,,,,,,,108.9000015258789,76.9800033569336,4.242199897766113,,113761.0
2020-02-03,4.5,,4.2475,,,,,,110.41999816894531,77.0,4.282599925994873,,114629.0
2020-02-04,4.5,,4.2381,,,,,,111.20999908447266,77.1500015258789,4.246799945831299,,115557.0
2020-02-05,4.5,,4.2449,,,,,,111.7699966430664,77.4000015258789,4.253699779510498,,116028.0
2020-02-06,4.25,,4.2477,,,,,,110.94999694824219,77.19000244140625,4.23360013961792,,115190.0
2020-02-07,4.25,,4.3076,,,,,,109.3499984741211,77.11000061035156,4.280799865722656,,113770.0
2020-02-08,4.25,,,,,,,,109.3499984741211,77.11000061035156,4.280799865722656,,113770.0
2020-02-09,4.25,,,,,,,,109.3499984741211,77.11000061035156,4.280799865722656,,113770.0
2020-02-10,4.25,,4.3195,,,,,,108.79000091552734,77.48999786376953,4.320400238037109,,112570.0
2020-02-11,4.25,,4.3148,,,,,,111.30000305175781,77.69000244140625,4.320974826812744,,115371.0
2020-02-12,4.25,,4.3366,,,,,,112.44999694824219,77.97000122070312,4.327530860900879,,116674.0
2020-02-13,4.25,,4.3389,,,,,,110.9000015258789,77.55000305175781,4.354499816894531,,115662.0
2020-02-14,4.25,,4.3163,,,,,,110.08000183105469,78.0,4.346766948699951,,114381.0
2020-02-15,4.25,,,,,,,,110.08000183105469,78.0,4.346766948699951,,114381.0
2020-02-16,4.25,,,,,,,,110.08000183105469,78.0,4.346766948699951,,114381.0
2020-02-17,4.25,,4.3157,,,,,,110.80000305175781,78.0,4.296999931335449,,115309.0
2020-02-18,4.25,,4.3471,,,,,,111.13999938964844,78.16999816894531,4.326499938964844,,114977.0
2020-02-19,4.25,,4.3728,,,,,,112.08000183105469,77.94999694824219,4.354800224304199,,116518.0
2020-02-20,4.25,,4.3873,,,,,,110.19999694824219,77.83000183105469,4.363999843597412,,114586.0
2020-02-21,4.25,,4.3924,,,,,,109.44999694824219,78.0,4.392300128936768,,113681.0
2020-02-22,4.25,,,,,,,,109.44999694824219,78.0,4.392300128936768,,113681.0
2020-02-23,4.25,,,,,,,,109.44999694824219,78.0,4.392300128936768,,113681.0
2020-02-24,4.25,,,,,,,,109.44999694824219,78.0,4.389800071716309,,113681.0
2020-02-25,4.25,,,,,,,,109.44999694824219,78.0,4.386600017547607,,113681.0
2020-02-26,4.25,,4.4359,,,,,,101.9000015258789,76.97000122070312,4.3867998123168945,,105718.0
2020-02-27,4.25,,4.4764,,,,,,99.19999694824219,77.04000091552734,4.449100017547607,,102984.0
2020-02-28,4.25,,4.4987,,,,,,100.5999984741211,76.9800033569336,4.484799861907959,,104172.0
2020-02-29,4.25,,,,,,,,100.5999984741211,76.9800033569336,4.484799861907959,,104172.0
2020-03-01,4.25,3.3,,76.78,0.85,12.4,,,100.5999984741211,76.9800033569336,4.484799861907959,,104172.0
2020-03-02,4.25,,4.4946,,,,,,102.98999786376953,77.75,4.441299915313721,,106625.0
2020-03-03,4.25,,4.4883,,,,,,101.75,77.9800033569336,4.472400188446045,,105537.0
2020-03-04,4.25,,4.5258,,,,,,103.0999984741211,78.31999969482422,4.513199806213379,,107224.0
2020-03-05,4.25,,4.6207,,,,,,98.79000091552734,77.94000244140625,4.583399772644043,,102233.0
2020-03-06,4.25,,4.6459,,,,,,94.4000015258789,77.77999877929688,4.606200218200684,,97997.0
2020-03-07,4.25,,,,,,,,94.4000015258789,77.77999877929688,4.606200218200684,,97997.0
2020-03-08,4.25,,,,,,,,94.4000015258789,77.77999877929688,4.606200218200684,,97997.0
2020-03-09,4.25,,4.7379,,,,,,82.69999694824219,75.8499984741211,4.589799880981445,,86067.0
2020-03-10,4.25,,4.6693,,,,,,88.62999725341797,76.0,4.722899913787842,,92214.0
2020-03-11,4.25,,4.6738,,,,,,82.05999755859375,74.0,4.642099857330322,,85171.0
2020-03-12,4.25,,4.8833,,,,,,70.0999984741211,69.19999694824219,4.813799858093262,,72583.0
2020-03-13,4.25,,4.7362,,,,,,79.48999786376953,71.0,4.790200233459473,,82678.0
2020-03-14,4.25,,,,,,,,79.48999786376953,71.0,4.790200233459473,,82678.0
2020-03-15,4.25,,,,,,,,79.48999786376953,71.0,4.790200233459473,,82678.0
2020-03-16,4.25,,4.9471,,,,,,68.4000015258789,71.0,4.85260009765625,,71168.0
2020-03-17,4.25,,5.0496,,,,,,71.0,70.51000213623047,4.999000072479248,,74617.0
2020-03-18,4.25,,5.1107,,,,,,65.01000213623047,67.0,5.009699821472168,,66895.0
2020-03-19,3.75,,5.1444,,,,,,65.0,67.0,5.103961944580078,,68332.0
2020-03-20,3.75,,5.0248,,,,,,64.7699966430664,69.0,5.094200134277344,,67069.0
2020-03-21,3.75,,,,,,,,64.7699966430664,69.0,5.094200134277344,,67069.0
2020-03-22,3.75,,,,,,,,64.7699966430664,69.0,5.094200134277344,,67069.0
2020-03-23,3.75,,5.0805,,,,,,61.13999938964844,65.0,5.045499801635742,,63570.0
2020-03-24,3.75,,5.0713,,,,,,67.4000015258789,67.16000366210938,5.14169979095459,,69729.0
2020-03-25,3.75,,5.0706,,,,,,71.7300033569336,70.0,5.098100185394287,,74956.0
2020-03-26,3.75,,5.001,,,,,,74.56999969482422,71.54000091552734,5.033699989318848,,77710.0
2020-03-27,3.75,,5.1109,,,,,,70.22000122070312,70.30999755859375,5.022600173950195,,73429.0
2020-03-28,3.75,,,,,,,,70.22000122070312,70.30999755859375,5.022600173950195,,73429.0
2020-03-29,3.75,,,,,,,,70.22000122070312,70.30999755859375,5.022600173950195,,73429.0
2020-03-30,3.75,,5.1594,,,,,,71.97000122070312,70.47000122070312,5.104629039764404,,74640.0
2020-03-31,3.75,,5.1987,,,,,,69.3499984741211,71.19999694824219,5.192699909210205,,73020.0
2020-04-01,3.75,2.4,5.2404,78.03,2.21,12.7,,,68.18000030517578,70.5,5.203499794006348,,70967.0
2020-04-02,3.75,,5.2651,,,,,,69.62999725341797,70.5,5.248199939727783,,72253.0
2020-04-03,3.75,,5.2997,,,,,,66.9000015258789,70.5,5.255300045013428,,69538.0
2020-04-04,3.75,,,,,,,,66.9000015258789,70.5,5.255300045013428,,69538.0
2020-04-05,3.75,,,,,,,,66.9000015258789,70.5,5.255300045013428,,69538.0
2020-04-06,3.75,,5.2471,,,,,,71.56999969482422,69.54000091552734,5.348499774932861,,74073.0
2020-04-07,3.75,,5.2217,,,,,,73.51000213623047,70.0,5.285299777984619,,76358.0
2020-04-08,3.75,,5.2123,,,,,,75.7300033569336,70.87000274658203,5.221700191497803,,78625.0
2020-04-09,3.75,,5.0779,,,,,,74.87000274658203,70.30000305175781,5.123499870300293,,77682.0
2020-04-10,3.75,,,,,,,,74.87000274658203,70.30000305175781,5.105800151824951,,77682.0
2020-04-11,3.75,,,,,,,,74.87000274658203,70.30000305175781,5.105800151824951,,77682.0
2020-04-12,3.75,,,,,,,,74.87000274658203,70.30000305175781,5.105800151824951,,77682.0
2020-04-13,3.75,,5.1824,,,,,,75.95999908447266,71.0,5.105500221252441,,78836.0
2020-04-14,3.75,,5.1858,,,,,,76.8499984741211,70.62999725341797,5.198500156402588,,79918.0
2020-04-15,3.75,,5.2579,,,,,,76.05000305175781,70.94000244140625,5.1620001792907715,,78831.0
2020-04-16,3.75,,5.2377,,,,,,74.93000030517578,72.0,5.236999988555908,,77812.0
2020-04-17,3.75,,5.2573,,,,,,76.0,72.0999984741211,5.230899810791016,,78990.0
2020-04-18,3.75,,,,,,,,76.0,72.0999984741211,5.230899810791016,,78990.0
2020-04-19,3.75,,,,,,,,76.0,72.0999984741211,5.230899810791016,,78990.0
2020-04-20,3.75,,5.2837,,,,,,75.66000366210938,73.87999725341797,5.232699871063232,,78973.0
2020-04-21,3.75,,,,,,,,75.66000366210938,73.87999725341797,5.315400123596191,,78973.0
2020-04-22,3.75,,5.3847,,,,,,77.69999694824219,73.0,5.315000057220459,,80687.0
2020-04-23,3.75,,5.4467,,,,,,76.6500015258789,72.4000015258789,5.456900119781494,,79673.0
2020-04-24,3.75,,5.651,,,,,,72.41000366210938,69.9000015258789,5.533100128173828,,75331.0
2020-04-25,3.75,,,,,,,,72.41000366210938,69.9000015258789,5.533100128173828,,75331.0
2020-04-26,3.75,,,,,,,,72.41000366210938,69.9000015258789,5.533100128173828,,75331.0
2020-04-27,3.75,,5.6358,,,,,,75.29000091552734,69.9800033569336,5.5725998878479,,78239.0
2020-04-28,3.75,,5.5683,,,,,,78.30000305175781,71.0999984741211,5.652599811553955,,81312.0
2020-04-29,3.75,,5.4291,,,,,,80.18000030517578,71.0999984741211,5.497399806976318,,83171.0
2020-04-30,3.75,,5.427,,,,,,77.20999908447266,70.63999938964844,5.334799766540527,,80506.0
2020-05-01,3.75,1.88,,79.95,3.81,13.1,,,77.20999908447266,70.63999938964844,5.486000061035156,,80506.0
2020-05-02,3.75,,,,,,,,77.20999908447266,70.63999938964844,5.486000061035156,,80506.0
2020-05-03,3.75,,,,,,,,77.20999908447266,70.63999938964844,5.486000061035156,,80506.0
2020-05-04,3.75,,5.5816,,,,,,76.0999984741211,71.0,5.4770002365112305,,78876.0
2020-05-05,3.75,,5.5354,,,,,,76.54000091552734,71.43000030517578,5.540599822998047,,79471.0
2020-05-06,3.75,,5.6676,,,,,,76.19999694824219,71.52999877929688,5.578100204467773,,79064.0
2020-05-07,3.0,,5.8365,,,,,,75.4000015258789,71.08999633789062,5.715199947357178,,78119.0
2020-05-08,3.0,,5.7653,,,,,,77.43000030517578,71.33999633789062,5.828719139099121,,80263.0
2020-05-09,3.0,,,,,,,,77.43000030517578,71.33999633789062,5.828719139099121,,80263.0
2020-05-10,3.0,,,,,,,,77.43000030517578,71.33999633789062,5.828719139099121,,80263.0
2020-05-11,3.0,,5.7954,,,,,,76.13999938964844,71.20999908447266,5.4770002365112305,,79065.0
2020-05-12,3.0,,5.7723,,,,,,75.0,70.81999969482422,5.8171000480651855,,77872.0
2020-05-13,3.0,,5.9022,,,,,,75.1500015258789,70.91000366210938,5.884799957275391,,77772.0
2020-05-14,3.0,,5.9372,,,,,,76.25,71.0999984741211,5.88640022277832,,79011.0
2020-05-15,3.0,,5.8229,,,,,,74.55999755859375,71.5999984741211,5.8094000816345215,,77557.0
2020-05-16,3.0,,,,,,,,74.55999755859375,71.5999984741211,5.8094000816345215,,77557.0
2020-05-17,3.0,,,,,,,,74.55999755859375,71.5999984741211,5.8094000816345215,,77557.0
2020-05-18,3.0,,5.7375,,,,,,78.02999877929688,71.95999908447266,5.855199813842773,,81194.0
2020-05-19,3.0,,5.7216,,,,,,77.6500015258789,72.5,5.718999862670898,,80742.0
2020-05-20,3.0,,5.6968,,,,,,78.44999694824219,72.5,5.755199909210205,,81319.0
2020-05-21,3.0,,5.6019,,,,,,79.97000122070312,73.01000213623047,5.690499782562256,,83027.0
2020-05-22,3.0,,5.5808,,,,,,79.94000244140625,73.0,5.5524001121521,,82173.0
2020-05-23,3.0,,,,,,,,79.94000244140625,73.0,5.5524001121521,,82173.0
2020-05-24,3.0,,,,,,,,79.94000244140625,73.0,5.5524001121521,,82173.0
2020-05-25,3.0,,5.4772,,,,,,82.5999984741211,73.30999755859375,5.52869987487793,,85663.0
2020-05-26,3.0,,5.3707,,,,,,82.44999694824219,73.6500015258789,5.443399906158447,,85469.0
2020-05-27,3.0,,5.2992,,,,,,84.68000030517578,73.6500015258789,5.343999862670898,,87946.0
2020-05-28,3.0,,5.3405,,,,,,83.6500015258789,73.6500015258789,5.27269983291626,,86949.0
2020-05-29,3.0,,5.4263,,,,,,84.1500015258789,73.38999938964844,5.403600215911865,,87403.0
2020-05-30,3.0,,,,,,,,84.1500015258789,73.38999938964844,5.403600215911865,,87403.0
2020-05-31,3.0,,,,,,,,84.1500015258789,73.38999938964844,5.403600215911865,,87403.0
2020-06-01,3.0,2.13,5.3639,82.87,6.18,13.6,,,85.33000183105469,73.25,5.334799766540527,,88620.0
2020-06-02,3.0,,5.2601,,,,,,87.77999877929688,73.73999786376953,5.366499900817871,,91046.0
2020-06-03,3.0,,5.0516,,,,,,89.37000274658203,74.0,5.1992998123168945,,93002.0
2020-06-04,3.0,,5.1041,,,,,,90.30999755859375,74.26000213623047,5.061600208282471,,93829.0
2020-06-05,3.0,,4.9775,,,,,,91.05000305175781,74.45999908447266,5.117199897766113,,94637.0
2020-06-06,3.0,,,,,,,,91.05000305175781,74.45999908447266,5.117199897766113,,94637.0
2020-06-07,3.0,,,,,,,,91.05000305175781,74.45999908447266,5.117199897766113,,94637.0
2020-06-08,3.0,,4.9331,,,,,,93.94999694824219,75.0,4.959499835968018,,97645.0
2020-06-09,3.0,,4.9057,,,,,,92.94999694824219,74.69999694824219,4.821599960327148,,96747.0
2020-06-10,3.0,,4.8894,,,,,,91.16999816894531,75.0,4.898399829864502,,94686.0
2020-06-11,3.0,,,,,,,,91.16999816894531,75.0,4.9721999168396,,94686.0
2020-06-12,3.0,,5.0373,,,,,,89.25,75.0999984741211,4.974999904632568,,92795.0
2020-06-13,3.0,,,,,,,,89.25,75.0999984741211,4.974999904632568,,92795.0
2020-06-14,3.0,,,,,,,,89.25,75.0999984741211,4.974999904632568,,92795.0
2020-06-15,3.0,,5.1883,,,,,,89.06999969482422,74.9000015258789,5.047800064086914,,92376.0
2020-06-16,3.0,,5.1285,,,,,,90.0,74.94999694824219,5.153206825256348,,93531.0
2020-06-17,3.0,,5.2499,,,,,,91.94999694824219,75.19999694824219,5.243599891662598,,95547.0
2020-06-18,2.25,,5.3468,,,,,,92.62999725341797,74.62999725341797,5.22790002822876,,96125.0
2020-06-19,2.25,,5.3466,,,,,,92.63999938964844,75.02999877929688,5.377200126647949,,96572.0
2020-06-20,2.25,,,,,,,,92.63999938964844,75.02999877929688,5.377200126647949,,96572.0
2020-06-21,2.25,,,,,,,,92.63999938964844,75.02999877929688,5.377200126647949,,96572.0
2020-06-22,2.25,,5.2226,,,,,,91.75,74.93000030517578,5.309999942779541,,95336.0
2020-06-23,2.25,,5.1705,,,,,,92.26000213623047,75.12999725341797,5.2519001960754395,,95975.0
2020-06-24,2.25,,5.2435,,,,,,90.7699966430664,74.5999984741211,5.151000022888184,,94377.0
2020-06-25,2.25,,5.3287,,,,,,92.38999938964844,75.0,5.34660005569458,,95983.0
2020-06-26,2.25,,5.4629,,,,,,90.22000122070312,74.95999908447266,5.359499931335449,,93834.0
2020-06-27,2.25,,,,,,,,90.22000122070312,74.95999908447266,5.359499931335449,,93834.0
2020-06-28,2.25,,,,,,,,90.22000122070312,74.95999908447266,5.359499931335449,,93834.0
2020-06-29,2.25,,5.4416,,,,,,92.30000305175781,75.0,5.480899810791016,,95735.0
2020-06-30,2.25,,5.476,,,,,,91.62000274658203,75.44000244140625,5.402100086212158,,95056.0
2020-07-01,2.25,2.31,5.3651,83.5,7.22,14.1,,,92.68000030517578,75.69999694824219,5.461699962615967,,96203.0
2020-07-02,2.25,,5.3028,,,,,,92.5,75.98999786376953,5.316199779510498,,96235.0
2020-07-03,2.25,,5.3374,,,,,,93.19000244140625,75.94999694824219,5.35890007019043,,96765.0
2020-07-04,2.25,,,,,,,,93.19000244140625,75.94999694824219,5.35890007019043,,96765.0
2020-07-05,2.25,,,,,,,,93.19000244140625,75.94999694824219,5.35890007019043,,96765.0
2020-07-06,2.25,,5.3085,,,,,,95.30999755859375,76.30000305175781,5.311399936676025,,98937.0
2020-07-07,2.25,,5.3318,,,,,,94.0999984741211,76.0,5.354300022125244,,97761.0
2020-07-08,2.25,,5.3482,,,,,,96.0999984741211,76.4000015258789,5.377799987792969,,99770.0
2020-07-09,2.25,,5.2978,,,,,,95.41000366210938,76.72000122070312,5.342599868774414,,99160.0
2020-07-10,2.25,,5.344,,,,,,96.33999633789062,77.1500015258789,5.337800025939941,,100032.0
2020-07-11,2.25,,,,,,,,96.33999633789062,77.1500015258789,5.337800025939941,,100032.0
2020-07-12,2.25,,,,,,,,96.33999633789062,77.1500015258789,5.337800025939941,,100032.0
2020-07-13,2.25,,5.3486,,,,,,95.05000305175781,77.4000015258789,5.326900005340576,,98697.0
2020-07-14,2.25,,5.4288,,,,,,96.5999984741211,77.37999725341797,5.401500225067139,,100440.0
2020-07-15,2.25,,5.3491,,,,,,98.02999877929688,77.51000213623047,5.366799831390381,,101791.0
2020-07-16,2.25,,5.356,,,,,,96.81999969482422,77.86000061035156,5.366948127746582,,100553.0
2020-07-17,2.25,,5.351,,,,,,99.12999725341797,77.7300033569336,5.330699920654297,,102888.0
2020-07-18,2.25,,,,,,,,99.12999725341797,77.7300033569336,5.330699920654297,,102888.0
2020-07-19,2.25,,,,,,,,99.12999725341797,77.7300033569336,5.330699920654297,,102888.0
2020-07-20,2.25,,5.3635,,,,,,100.5,78.02999877929688,5.385300159454346,,104426.0
2020-07-21,2.25,,5.2283,,,,,,100.29000091552734,78.41999816894531,5.327700138092041,,104310.0
2020-07-22,2.25,,5.1111,,,,,,100.37999725341797,78.23999786376953,5.1697998046875,,104290.0
2020-07-23,2.25,,5.1647,,,,,,98.4000015258789,78.18000030517578,5.118100166320801,,102293.0
2020-07-24,2.25,,5.2146,,,,,,98.58999633789062,78.19999694824219,5.210599899291992,,102382.0
2020-07-25,2.25,,,,,,,,98.58999633789062,78.19999694824219,5.210599899291992,,102382.0
2020-07-26,2.25,,,,,,,,98.58999633789062,78.19999694824219,5.210599899291992,,102382.0
2020-07-27,2.25,,5.1889,,,,,,100.45999908447266,78.48999786376953,5.229100227355957,,104477.0
2020-07-28,2.25,,5.1777,,,,,,100.05000305175781,78.55000305175781,5.141421794891357,,104109.0
2020-07-29,2.25,,5.1395,,,,,,101.4800033569336,79.97000122070312,5.152299880981445,,105605.0
2020-07-30,2.25,,5.1837,,,,,,101.30999755859375,78.83999633789062,5.168799877166748,,105009.0
2020-07-31,2.25,,5.2033,,,,,,99.29000091552734,79.23999786376953,5.153900146484375,,102912.0
2020-08-01,2.25,2.44,,85.83,8.21,14.8,,,99.29000091552734,79.23999786376953,5.153900146484375,,102912.0
2020-08-02,2.25,,,,,,,,99.29000091552734,79.23999786376953,5.153900146484375,,102912.0
2020-08-03,2.25,,5.3075,,,,,,99.19999694824219,79.29000091552734,5.221199989318848,,102830.0
2020-08-04,2.25,,5.3329,,,,,,97.5999984741211,79.94999694824219,5.318699836730957,,101216.0
2020-08-05,2.25,,5.276,,,,,,98.98999786376953,79.43000030517578,5.290200233459473,,102802.0
2020-08-06,2.0,,5.3431,,,,,,100.16999816894531,79.6500015258789,5.290900230407715,,104126.0
2020-08-07,2.0,,5.4227,,,,,,98.83000183105469,79.44999694824219,5.331299781799316,,102776.0
2020-08-08,2.0,,,,,,,,98.83000183105469,79.44999694824219,5.331299781799316,,102776.0
2020-08-09,2.0,,,,,,,,98.83000183105469,79.44999694824219,5.331299781799316,,102776.0
2020-08-10,2.0,,5.3933,,,,,,99.54000091552734,79.0,5.43720006942749,,103444.0
2020-08-11,2.0,,5.4285,,,,,,98.19999694824219,78.51000213623047,5.480500221252441,,102174.0
2020-08-12,2.0,,5.4551,,,,,,98.33000183105469,78.0999984741211,5.38040018081665,,102118.0
2020-08-13,2.0,,5.3801,,,,,,96.51000213623047,77.63999938964844,5.434999942779541,,100461.0
2020-08-14,2.0,,5.3852,,,,,,97.47000122070312,78.11000061035156,5.367000102996826,,101353.0
2020-08-15,2.0,,,,,,,,97.47000122070312,78.11000061035156,5.367000102996826,,101353.0
2020-08-16,2.0,,,,,,,,97.47000122070312,78.11000061035156,5.367000102996826,,101353.0
2020-08-17,2.0,,5.4497,,,,,,95.83000183105469,77.30000305175781,5.42080020904541,,99595.0
2020-08-18,2.0,,5.4659,,,,,,98.25,78.16000366210938,5.508299827575684,,102065.0
2020-08-19,2.0,,5.4906,,,,,,97.0,78.33000183105469,5.465400218963623,,100854.0
2020-08-20,2.0,,5.651,,,,,,97.66999816894531,78.19999694824219,5.556399822235107,,101468.0
2020-08-21,2.0,,5.6064,,,,,,97.5999984741211,78.54000091552734,5.5559000968933105,,101521.0
2020-08-22,2.0,,,,,,,,97.5999984741211,78.54000091552734,5.5559000968933105,,101521.0
2020-08-23,2.0,,,,,,,,97.5999984741211,78.54000091552734,5.5559000968933105,,101521.0
2020-08-24,2.0,,5.5954,,,,,,98.5,78.77999877929688,5.618599891662598,,102298.0
2020-08-25,2.0,,5.5997,,,,,,98.3499984741211,78.58000183105469,5.610599994659424,,102118.0
2020-08-26,2.0,,5.568,,,,,,96.62999725341797,78.31999969482422,5.507400035858154,,100627.0
2020-08-27,2.0,,5.5956,,,,,,96.87000274658203,78.2300033569336,5.6072001457214355,,100624.0
2020-08-28,2.0,,5.4679,,,,,,98.30000305175781,78.2300033569336,5.568699836730957,,102143.0
2020-08-29,2.0,,,,,,,,98.30000305175781,78.2300033569336,5.568699836730957,,102143.0
2020-08-30,2.0,,,,,,,,98.30000305175781,78.2300033569336,5.568699836730957,,102143.0
2020-08-31,2.0,,5.4713,,,,,,95.69999694824219,78.4000015258789,5.389999866485596,,99369.0
2020-09-01,2.0,3.14,5.3732,87.42,8.77,14.9,,,98.3499984741211,78.31999969482422,5.490900039672852,,102168.0
2020-09-02,2.0,,5.3741,,,,,,98.1500015258789,78.45999908447266,5.397299766540527,,101911.0
2020-09-03,2.0,,5.3079,,,,,,96.95999908447266,78.55000305175781,5.338699817657471,,100721.0
2020-09-04,2.0,,5.2848,,,,,,97.41999816894531,78.69000244140625,5.289899826049805,,101242.0
2020-09-05,2.0,,,,,,,,97.41999816894531,78.69000244140625,5.289899826049805,,101242.0
2020-09-06,2.0,,,,,,,,97.41999816894531,78.69000244140625,5.289899826049805,,101242.0
2020-09-07,2.0,,,,,,,,97.41999816894531,78.69000244140625,5.301000118255615,,101242.0
2020-09-08,2.0,,5.3698,,,,,,96.80000305175781,78.22000122070312,5.298299789428711,,100050.0
2020-09-09,2.0,,5.3024,,,,,,97.5,78.5,5.360599994659424,,101292.0
2020-09-10,2.0,,5.2936,,,,,,95.04000091552734,78.0999984741211,5.308499813079834,,98835.0
2020-09-11,2.0,,5.2854,,,,,,94.4800033569336,78.0,5.320499897003174,,98363.0
2020-09-12,2.0,,,,,,,,94.4800033569336,78.0,5.320499897003174,,98363.0
2020-09-13,2.0,,,,,,,,94.4800033569336,78.0,5.320499897003174,,98363.0
2020-09-14,2.0,,5.2984,,,,,,96.51000213623047,78.19999694824219,5.316199779510498,,100275.0
2020-09-15,2.0,,5.2728,,,,,,96.45999908447266,78.0,5.2683000564575195,,100298.0
2020-09-16,2.0,,5.2532,,,,,,95.91000366210938,77.9000015258789,5.2743000984191895,,99676.0
2020-09-17,2.0,,5.2593,,,,,,96.37000274658203,78.04000091552734,5.236000061035156,,100098.0
2020-09-18,2.0,,5.2889,,,,,,94.63999938964844,76.98999786376953,5.237800121307373,,98290.0
2020-09-19,2.0,,,,,,,,94.63999938964844,76.98999786376953,5.237800121307373,,98290.0
2020-09-20,2.0,,,,,,,,94.63999938964844,76.98999786376953,5.237800121307373,,98290.0
2020-09-21,2.0,,5.444,,,,,,93.4000015258789,76.69999694824219,5.389800071716309,,96991.0
2020-09-22,2.0,,5.4329,,,,,,93.66999816894531,76.87999725341797,5.412600040435791,,97294.0
2020-09-23,2.0,,5.5311,,,,,,92.16999816894531,77.01000213623047,5.469900131225586,,95735.0
2020-09-24,2.0,,5.5714,,,,,,93.30000305175781,77.16000366210938,5.592400074005127,,97012.0
2020-09-25,2.0,,5.5667,,,,,,93.5,77.16000366210938,5.508399963378906,,96999.0
2020-09-26,2.0,,,,,,,,93.5,77.16000366210938,5.508399963378906,,96999.0
2020-09-27,2.0,,,,,,,,93.5,77.16000366210938,5.508399963378906,,96999.0
2020-09-28,2.0,,5.5858,,,,,,91.19999694824219,76.5199966430664,5.561100006103516,,94666.0
2020-09-29,2.0,,5.6528,,,,,,89.91999816894531,76.37000274658203,5.660200119018555,,93580.0
2020-09-30,2.0,,5.6407,,,,,,91.05000305175781,76.47000122070312,5.630499839782715,,94603.0
2020-10-01,2.0,3.92,5.6441,87.66,8.82,14.6,,,91.91000366210938,76.55999755859375,5.608399868011475,,95479.0
2020-10-02,2.0,,5.6464,,,,,,90.11000061035156,76.69999694824219,5.642000198364258,,94016.0
2020-10-03,2.0,,,,,,,,90.11000061035156,76.69999694824219,5.642000198364258,,94016.0
2020-10-04,2.0,,,,,,,,90.11000061035156,76.69999694824219,5.642000198364258,,94016.0
2020-10-05,2.0,,5.6299,,,,,,92.63999938964844,76.5199966430664,5.681600093841553,,96089.0
2020-10-06,2.0,,5.5205,,,,,,92.02999877929688,76.30999755859375,5.573400020599365,,95615.0
2020-10-07,2.0,,5.6018,,,,,,91.94999694824219,76.62000274658203,5.593800067901611,,95526.0
2020-10-08,2.0,,5.62,,,,,,94.2699966430664,76.43000030517578,5.611299991607666,,97920.0
2020-10-09,2.0,,5.5393,,,,,,93.6500015258789,77.47000122070312,5.598599910736084,,97483.0
2020-10-10,2.0,,,,,,,,93.6500015258789,77.47000122070312,5.598599910736084,,97483.0
2020-10-11,2.0,,,,,,,,93.6500015258789,77.47000122070312,5.598599910736084,,97483.0
2020-10-12,2.0,,,,,,,,93.6500015258789,77.47000122070312,5.5289998054504395,,97483.0
2020-10-13,2.0,,5.5859,,,,,,94.80000305175781,77.23999786376953,5.529699802398682,,98503.0
2020-10-14,2.0,,5.5675,,,,,,95.58999633789062,76.80000305175781,5.56850004196167,,99334.0
2020-10-15,2.0,,5.6172,,,,,,95.33999633789062,77.69999694824219,5.5904998779296875,,99054.0
2020-10-16,2.0,,5.6226,,,,,,94.54000091552734,77.7699966430664,5.611199855804443,,98309.0
2020-10-17,2.0,,,,,,,,94.54000091552734,77.7699966430664,5.611199855804443,,98309.0
2020-10-18,2.0,,,,,,,,94.54000091552734,77.7699966430664,5.611199855804443,,98309.0
2020-10-19,2.0,,5.6023,,,,,,95.0,77.73999786376953,5.644800186157227,,98658.0
2020-10-20,2.0,,5.583,,,,,,96.66999816894531,78.08000183105469,5.605599880218506,,100540.0
2020-10-21,2.0,,5.6006,,,,,,96.6500015258789,77.86000061035156,5.6041998863220215,,100552.0
2020-10-22,2.0,,5.582,,,,,,98.05999755859375,77.6500015258789,5.607800006866455,,101918.0
2020-10-23,2.0,,5.612,,,,,,97.44000244140625,77.55000305175781,5.591300010681152,,101260.0
2020-10-24,2.0,,,,,,,,97.44000244140625,77.55000305175781,5.591300010681152,,101260.0
2020-10-25,2.0,,,,,,,,97.44000244140625,77.55000305175781,5.591300010681152,,101260.0
2020-10-26,2.0,,5.6328,,,,,,97.2300033569336,77.5,5.616199970245361,,101017.0
2020-10-27,2.0,,5.6491,,,,,,95.68000030517578,77.29000091552734,5.622700214385986,,99606.0
2020-10-28,2.0,,5.7325,,,,,,91.55999755859375,77.30999755859375,5.7052001953125,,95369.0
2020-10-29,2.0,,5.7803,,,,,,92.80000305175781,77.63999938964844,5.744900226593018,,96582.0
2020-10-30,2.0,,5.7718,,,,,,90.66000366210938,77.43000030517578,5.7778000831604,,93952.0
2020-10-31,2.0,,,,,,,,90.66000366210938,77.43000030517578,5.7778000831604,,93952.0
2020-11-01,2.0,4.31,,86.96,8.81,14.3,,,90.66000366210938,77.43000030517578,5.7778000831604,,93952.0
2020-11-02,2.0,,,,,,,,90.66000366210938,77.43000030517578,5.741399765014648,,93952.0
2020-11-03,2.0,,5.6895,,,,,,92.26000213623047,77.5,5.741099834442139,,95587.0
2020-11-04,2.0,,5.6932,,,,,,94.16000366210938,77.91999816894531,5.754899978637695,,97811.0
2020-11-05,2.0,,5.5624,,,,,,96.94999694824219,77.55999755859375,5.663000106811523,,100774.0
2020-11-06,2.0,,5.5313,,,,,,97.19000244140625,77.7699966430664,5.523399829864502,,100799.0
2020-11-07,2.0,,,,,,,,97.19000244140625,77.7699966430664,5.523399829864502,,100799.0
2020-11-08,2.0,,,,,,,,97.19000244140625,77.7699966430664,5.523399829864502,,100799.0
2020-11-09,2.0,,5.2821,,,,,,99.5,78.55999755859375,5.36269998550415,,103913.0
2020-11-10,2.0,,5.3696,,,,,,101.0,78.33999633789062,5.384699821472168,,105351.0
2020-11-11,2.0,,5.402,,,,,,100.88999938964844,77.80000305175781,5.413899898529053,,104532.0
2020-11-12,2.0,,5.4094,,,,,,98.69999694824219,77.70999908447266,5.389999866485596,,102175.0
2020-11-13,2.0,,5.4854,,,,,,100.83000183105469,77.7300033569336,5.456699848175049,,104512.0
2020-11-14,2.0,,,,,,,,100.83000183105469,77.7300033569336,5.456699848175049,,104512.0
2020-11-15,2.0,,,,,,,,100.83000183105469,77.7300033569336,5.456699848175049,,104512.0
2020-11-16,2.0,,5.4198,,,,,,102.51000213623047,77.77999877929688,5.456999778747559,,106430.0
2020-11-17,2.0,,5.3968,,,,,,103.0999984741211,77.5999984741211,5.414899826049805,,107229.0
2020-11-18,2.0,,5.2932,,,,,,101.91999816894531,77.3499984741211,5.327199935913086,,106483.0
2020-11-19,2.0,,5.333,,,,,,102.7300033569336,77.30000305175781,5.361700057983398,,106517.0
2020-11-20,2.0,,5.3505,,,,,,102.7300033569336,77.30000305175781,5.304500102996826,,106517.0
2020-11-21,2.0,,,,,,,,102.7300033569336,77.30000305175781,5.304500102996826,,106517.0
2020-11-22,2.0,,,,,,,,102.7300033569336,77.30000305175781,5.304500102996826,,106517.0
2020-11-23,2.0,,5.3828,,,,,,103.27999877929688,77.44999694824219,5.3780999183654785,,107379.0
2020-11-24,2.0,,5.4037,,,,,,105.72000122070312,77.29000091552734,5.4405999183654785,,109786.0
2020-11-25,2.0,,5.3508,,,,,,105.83000183105469,76.94000244140625,5.372600078582764,,110133.0
2020-11-26,2.0,,5.3201,,,,,,106.0199966430664,77.66999816894531,5.3225998878479,,110227.0
2020-11-27,2.0,,5.3494,,,,,,106.44000244140625,77.55000305175781,5.335299968719482,10.0,110575.0
2020-11-28,2.0,,,,,,,,106.44000244140625,77.55000305175781,5.335299968719482,10.0,110575.0
2020-11-29,2.0,,,,,,,,106.44000244140625,77.55000305175781,5.335299968719482,10.0,110575.0
2020-11-30,2.0,,5.3317,,,,,,105.0,77.5999984741211,5.34250020980835,9.98960018157959,108888.0
2020-12-01,2.0,4.52,5.2789,86.94,9.24,14.2,,,107.05000305175781,77.98999786376953,5.331099987030029,9.971209526062012,111335.0
2020-12-02,2.0,,5.2267,,,,,,107.75,78.44999694824219,5.204899787902832,10.0,111814.0
2020-12-03,2.0,,5.1625,,,,,,108.1500015258789,79.30999755859375,5.216300010681152,10.010000228881836,112919.0
2020-12-04,2.0,,5.1706,,,,,,109.43000030517578,78.56999969482422,5.151000022888184,9.979999542236328,113682.0
2020-12-05,2.0,,,,,,,,109.43000030517578,78.56999969482422,5.151000022888184,9.979999542236328,113682.0
2020-12-06,2.0,,,,,,,,109.43000030517578,78.56999969482422,5.151000022888184,9.979999542236328,113682.0
2020-12-07,2.0,,5.1018,,,,,,109.30999755859375,78.83000183105469,5.154399871826172,9.9399995803833,113625.0
2020-12-08,2.0,,5.092,,,,,,109.44000244140625,79.02999877929688,5.098299980163574,9.920000076293945,113571.0
2020-12-09,2.0,,5.1109,,,,,,108.7699966430664,79.0,5.119699954986572,9.890000343322754,112722.0
2020-12-10,2.0,,5.0852,,,,,,110.69999694824219,79.44000244140625,5.1697001457214355,9.869999885559082,114992.0
2020-12-11,2.0,,5.0691,,,,,,110.79000091552734,79.56999969482422,5.024199962615967,9.890000343322754,115323.0
2020-12-12,2.0,,,,,,,,110.79000091552734,79.56999969482422,5.024199962615967,9.890000343322754,115323.0
2020-12-13,2.0,,,,,,,,110.79000091552734,79.56999969482422,5.024199962615967,9.890000343322754,115323.0
2020-12-14,2.0,,5.0578,,,,,,110.19999694824219,79.29000091552734,5.064199924468994,9.859999656677246,114975.0
2020-12-15,2.0,,5.0968,,,,,,111.76000213623047,79.88999938964844,5.117700099945068,9.859999656677246,116146.0
2020-12-16,2.0,,5.1057,,,,,,113.3499984741211,80.0,5.078884124755859,9.859999656677246,117947.0
2020-12-17,2.0,,5.0612,,,,,,113.98999786376953,80.5,5.083199977874756,9.869999885559082,118157.0
2020-12-18,2.0,,5.0986,,,,,,113.5,80.72000122070312,5.0569000244140625,9.930000305175781,117679.0
2020-12-19,2.0,,,,,,,,113.5,80.72000122070312,5.0569000244140625,9.930000305175781,117679.0
2020-12-20,2.0,,,,,,,,113.5,80.72000122070312,5.0569000244140625,9.930000305175781,117679.0
2020-12-21,2.0,,5.1572,,,,,,111.43000030517578,80.7699966430664,5.100599765777588,9.930000305175781,116016.0
2020-12-22,2.0,,5.1473,,,,,,112.25,80.91000366210938,5.118937969207764,9.979999542236328,116348.0
2020-12-23,2.0,,5.174,,,,,,113.13999938964844,81.26000213623047,5.1566548347473145,10.050000190734863,117857.0
2020-12-24,2.0,,5.18,,,,,,113.13999938964844,81.26000213623047,5.2153000831604,10.050000190734863,117857.0
2020-12-25,2.0,,,,,,,,113.13999938964844,81.26000213623047,5.2153000831604,10.050000190734863,117857.0
2020-12-26,2.0,,,,,,,,113.13999938964844,81.26000213623047,5.2153000831604,10.050000190734863,117857.0
2020-12-27,2.0,,,,,,,,113.13999938964844,81.26000213623047,5.2153000831604,10.050000190734863,117857.0
2020-12-28,2.0,,5.239,,,,,,114.69999694824219,81.19000244140625,5.2153000831604,10.079999923706055,119051.0
2020-12-29,2.0,,5.1942,,,,,,114.97000122070312,81.66000366210938,5.2459001541137695,10.15999984741211,119475.0
2020-12-30,2.0,,5.1967,,,,,,114.6500015258789,81.19999694824219,5.208600044250488,10.229999542236328,119306.0
2020-12-31,2.0,,5.1967,,,,,,114.6500015258789,81.19999694824219,5.190838813781738,10.229999542236328,119306.0
2021-01-01,2.0,4.56,,86.91,9.13,14.4,,,114.6500015258789,81.19999694824219,5.1921000480651855,10.229999542236328,119306.0
2021-01-02,2.0,,,,,,,,114.6500015258789,81.19999694824219,5.1921000480651855,10.229999542236328,119306.0
2021-01-03,2.0,,,,,,,,114.6500015258789,81.19999694824219,5.1921000480651855,10.229999542236328,119306.0
2021-01-04,2.0,,5.1626,,,,,,114.08999633789062,82.19999694824219,5.19189977645874,10.220000267028809,118558.0
2021-01-05,2.0,,5.3269,,,,,,114.69000244140625,81.98999786376953,5.295300006866455,10.229999542236328,119223.0
2021-01-06,2.0,,5.3182,,,,,,115.55000305175781,81.94000244140625,5.28410005569458,10.220000267028809,119851.0
2021-01-07,2.0,,5.3433,,,,,,118.37000274658203,81.16999816894531,5.312900066375732,10.25,121956.0
2021-01-08,2.0,,5.3683,,,,,,120.4000015258789,81.25,5.40880012512207,10.260000228881836,125077.0
2021-01-09,2.0,,,,,,,,120.4000015258789,81.25,5.40880012512207,10.260000228881836,125077.0
2021-01-10,2.0,,,,,,,,120.4000015258789,81.25,5.40880012512207,10.260000228881836,125077.0
2021-01-11,2.0,,5.4966,,,,,,118.62000274658203,81.0,5.4121880531311035,10.25,122807.0
2021-01-12,2.0,,5.4637,,,,,,119.44999694824219,81.16000366210938,5.48769998550415,10.220000267028809,123998.0
2021-01-13,2.0,,5.307,,,,,,117.36000061035156,81.2699966430664,5.321400165557861,10.210000038146973,122040.0
2021-01-14,2.0,,5.2617,,,,,,118.68000030517578,81.30000305175781,5.297500133514404,10.220000267028809,123481.0
2021-01-15,2.0,,5.2714,,,,,,115.77999877929688,81.48999786376953,5.195799827575684,10.229999542236328,120502.0
2021-01-16,2.0,,,,,,,,115.77999877929688,81.48999786376953,5.195799827575684,10.229999542236328,120502.0
2021-01-17,2.0,,,,,,,,115.77999877929688,81.48999786376953,5.195799827575684,10.229999542236328,120502.0
2021-01-18,2.0,,5.2788,,,,,,116.54000091552734,81.30000305175781,5.291299819946289,10.239999771118164,121242.0
2021-01-19,2.0,,5.2945,,,,,,116.0,81.04000091552734,5.2947998046875,10.260000228881836,120673.0
2021-01-20,2.0,,5.3033,,,,,,115.23999786376953,80.93000030517578,5.3566999435424805,10.260000228881836,119708.0
2021-01-21,2.0,,5.3166,,,,,,113.80999755859375,80.56999969482422,5.290500164031982,10.25,118443.0
2021-01-22,2.0,,5.4301,,,,,,113.18000030517578,80.4000015258789,5.3495001792907715,10.220000267028809,117172.0
2021-01-23,2.0,,,,,,,,113.18000030517578,80.4000015258789,5.3495001792907715,10.220000267028809,117172.0
2021-01-24,2.0,,,,,,,,113.18000030517578,80.4000015258789,5.3495001792907715,10.220000267028809,117172.0
2021-01-25,2.0,,5.5089,,,,,,113.18000030517578,80.4000015258789,5.4654998779296875,10.220000267028809,117172.0
2021-01-26,2.0,,5.3865,,,,,,112.08000183105469,80.8499984741211,5.4654998779296875,10.210000038146973,116464.0
2021-01-27,2.0,,5.3824,,,,,,111.58999633789062,80.5999984741211,5.353799819946289,10.199999809265137,115882.0
2021-01-28,2.0,,5.4282,,,,,,114.51000213623047,80.80000305175781,5.412600040435791,10.239999771118164,119314.0
2021-01-29,2.0,,5.4759,,,,,,110.55999755859375,81.19999694824219,5.437989234924316,10.239999771118164,116007.0
2021-01-30,2.0,,,,,,,,110.55999755859375,81.19999694824219,5.437989234924316,10.239999771118164,116007.0
2021-01-31,2.0,,,,,,,,110.55999755859375,81.19999694824219,5.437989234924316,10.239999771118164,116007.0
2021-02-01,2.0,5.2,5.4608,86.87,8.91,14.6,,,113.05999755859375,81.58999633789062,5.4608001708984375,10.220000267028809,117365.0
2021-02-02,2.0,,5.3875,,,,,,113.8499984741211,82.0,5.430500030517578,10.229999542236328,118234.0
2021-02-03,2.0,,5.3423,,,,,,115.25,82.23999786376953,5.3668999671936035,10.229999542236328,119725.0
2021-02-04,2.0,,5.391,,,,,,114.62000274658203,82.0,5.3520002365112305,10.25,119261.0
2021-02-05,2.0,,5.3884,,,,,,115.81999969482422,82.29000091552734,5.4257001876831055,10.289999961853027,119925.0
2021-02-06,2.0,,,,,,,,115.81999969482422,82.29000091552734,5.4257001876831055,10.289999961853027,119925.0
2021-02-07,2.0,,,,,,,,115.81999969482422,82.29000091552734,5.4257001876831055,10.289999961853027,119925.0
2021-02-08,2.0,,5.367,,,,,,115.18000030517578,81.9800033569336,5.369200229644775,10.239999771118164,119516.0
2021-02-09,2.0,,5.4216,,,,,,114.91000366210938,81.81999969482422,5.364299774169922,10.25,119429.0
2021-02-10,2.0,,5.4024,,,,,,113.91999816894531,81.91000366210938,5.376699924468994,10.220000267028809,118430.0
2021-02-11,2.0,,5.3626,,,,,,114.9000015258789,81.77999877929688,5.384900093078613,10.239999771118164,119235.0
2021-02-12,2.0,,5.3815,,,,,,115.05000305175781,81.37000274658203,5.3653998374938965,10.25,119116.0
2021-02-13,2.0,,,,,,,,115.05000305175781,81.37000274658203,5.3653998374938965,10.25,119116.0
2021-02-14,2.0,,,,,,,,115.05000305175781,81.37000274658203,5.3653998374938965,10.25,119116.0
2021-02-15,2.0,,,,,,,,115.05000305175781,81.37000274658203,5.368599891662598,10.25,119116.0
2021-02-16,2.0,,,,,,,,115.05000305175781,81.37000274658203,5.368000030517578,10.25,119116.0
2021-02-17,2.0,,5.4138,,,,,,115.86000061035156,81.13999938964844,5.3694000244140625,10.260000228881836,120391.0
2021-02-18,2.0,,5.4238,,,,,,114.61000061035156,81.75,5.409800052642822,10.229999542236328,119140.0
2021-02-19,2.0,,5.3924,,,,,,113.81999969482422,81.36000061035156,5.42579984664917,10.270000457763672,118748.0
2021-02-20,2.0,,,,,,,,113.81999969482422,81.36000061035156,5.42579984664917,10.270000457763672,118748.0
2021-02-21,2.0,,,,,,,,113.81999969482422,81.36000061035156,5.42579984664917,10.270000457763672,118748.0
2021-02-22,2.0,,5.5044,,,,,,108.25,80.45999908447266,5.38070011138916,10.229999542236328,112668.0
2021-02-23,2.0,,5.449,,,,,,110.76000213623047,80.44999694824219,5.463399887084961,10.180000305175781,115227.0
2021-02-24,2.0,,5.4182,,,,,,111.45999908447266,80.01000213623047,5.439599990844727,10.289999961853027,115668.0
2021-02-25,2.0,,5.46,,,,,,108.08999633789062,80.0,5.402964115142822,10.270000457763672,112256.0
2021-02-26,2.0,,5.5302,,,,,,105.58999633789062,79.81999969482422,5.528025150299072,10.300000190734863,110035.0
2021-02-27,2.0,,,,,,,,105.58999633789062,79.81999969482422,5.528025150299072,10.300000190734863,110035.0
2021-02-28,2.0,,,,,,,,105.58999633789062,79.81999969482422,5.528025150299072,10.300000190734863,110035.0
2021-03-01,2.0,6.1,5.5832,85.1,8.4,14.9,,,105.94000244140625,79.5999984741211,5.597599983215332,10.289999961853027,110335.0
2021-03-02,2.0,,5.6844,,,,,,107.5,79.29000091552734,5.640699863433838,10.260000228881836,111540.0
2021-03-03,2.0,,5.7342,,,,,,107.16000366210938,79.0,5.675099849700928,10.229999542236328,111184.0
2021-03-04,2.0,,5.6008,,,,,,108.56999969482422,80.06999969482422,5.617499828338623,10.210000038146973,112690.0
2021-03-05,2.0,,5.687,,,,,,110.93000030517578,80.79000091552734,5.668300151824951,10.220000267028809,115202.0
2021-03-06,2.0,,,,,,,,110.93000030517578,80.79000091552734,5.668300151824951,10.220000267028809,115202.0
2021-03-07,2.0,,,,,,,,110.93000030517578,80.79000091552734,5.668300151824951,10.220000267028809,115202.0
2021-03-08,2.0,,5.7343,,,,,,105.3499984741211,80.66000366210938,5.689499855041504,10.220000267028809,110612.0
2021-03-09,2.0,,5.8397,,,,,,107.19000244140625,79.80999755859375,5.874599933624268,10.1899995803833,111331.0
2021-03-10,2.0,,5.7449,,,,,,108.62999725341797,80.0,5.801499843597412,10.149999618530273,112776.0
2021-03-11,2.0,,5.589,,,,,,110.44999694824219,80.48999786376953,5.67110013961792,10.15999984741211,114984.0
2021-03-12,2.0,,5.564,,,,,,109.85135650634766,80.25,5.534800052642822,10.15999984741211,114160.0
2021-03-13,2.0,,,,,,,,109.85135650634766,80.25,5.534800052642822,10.15999984741211,114160.0
2021-03-14,2.0,,,,,,,,109.85135650634766,80.25,5.534800052642822,10.15999984741211,114160.0
2021-03-15,2.0,,5.6296,,,,,,110.51969909667969,80.12999725341797,5.4951558113098145,10.130000114440918,114851.0
2021-03-16,2.0,,5.5851,,,,,,109.71434020996094,80.55000305175781,5.614500045776367,10.100000381469727,114019.0
2021-03-17,2.0,,5.6579,,,,,,112.1492919921875,80.44999694824219,5.6234002113342285,10.079999923706055,116549.0
2021-03-18,2.75,,5.5474,,,,,,110.49861145019531,80.36000061035156,5.583099842071533,10.050000190734863,114835.0
2021-03-19,2.75,,5.5082,,,,,,111.83014678955078,79.80000305175781,5.558700084686279,10.069999694824219,116222.0
2021-03-20,2.75,,,,,,,,111.83014678955078,79.80000305175781,5.558700084686279,10.069999694824219,116222.0
2021-03-21,2.75,,,,,,,,111.83014678955078,79.80000305175781,5.558700084686279,10.069999694824219,116222.0
2021-03-22,2.75,,5.5269,,,,,,110.63616180419922,79.30000305175781,5.493563175201416,10.050000190734863,114979.0
2021-03-23,2.75,,5.4951,,,,,,108.98515319824219,79.25,5.505499839782715,10.039999961853027,113262.0
2021-03-24,2.75,,5.533,,,,,,107.83213806152344,78.86000061035156,5.520400047302246,10.039999961853027,112064.0
2021-03-25,2.75,,5.6585,,,,,,109.45245361328125,79.0,5.61959981918335,10.029999732971191,113750.0
2021-03-26,2.75,,5.7042,,,,,,110.44692993164062,79.2300033569336,5.648399829864502,10.039999961853027,114781.0
2021-03-27,2.75,,,,,,,,110.44692993164062,79.2300033569336,5.648399829864502,10.039999961853027,114781.0
2021-03-28,2.75,,,,,,,,110.44692993164062,79.2300033569336,5.648399829864502,10.039999961853027,114781.0
2021-03-29,2.75,,5.7925,,,,,,111.060302734375,79.19999694824219,5.752399921417236,10.0600004196167,115419.0
2021-03-30,2.75,,5.7642,,,,,,112.4375228881836,79.45999908447266,5.780799865722656,10.100000381469727,116850.0
2021-03-31,2.75,,5.6973,,,,,,112.22679901123047,79.44000244140625,5.771599769592285,10.149999618530273,116634.0
2021-04-01,2.75,6.76,5.6849,82.62,6.75,14.8,,,110.9017105102539,79.56999969482422,5.63129997253418,10.170000076293945,115253.0
2021-04-02,2.75,,,,,,,,110.9017105102539,79.56999969482422,5.707399845123291,10.170000076293945,115253.0
2021-04-03,2.75,,,,,,,,110.9017105102539,79.56999969482422,5.707399845123291,10.170000076293945,115253.0
2021-04-04,2.75,,,,,,,,110.9017105102539,79.56999969482422,5.707399845123291,10.170000076293945,115253.0
2021-04-05,2.75,,5.6579,,,,,,113.0841064453125,79.54000091552734,5.710599899291992,10.15999984741211,117518.0
2021-04-06,2.75,,5.6263,,,,,,113.06353759765625,79.3499984741211,5.662700176239014,10.130000114440918,117499.0
2021-04-07,2.75,,5.5864,,,,,,113.18211364746094,79.2300033569336,5.593200206756592,10.119999885559082,117624.0
2021-04-08,2.75,,5.5817,,,,,,113.75,79.86000061035156,5.612100124359131,10.119999885559082,118313.0
2021-04-09,2.75,,5.6445,,,,,,113.01000213623047,79.45999908447266,5.5665998458862305,10.119999885559082,117670.0
2021-04-10,2.75,,,,,,,,113.01000213623047,79.45999908447266,5.5665998458862305,10.119999885559082,117670.0
2021-04-11,2.75,,,,,,,,113.01000213623047,79.45999908447266,5.5665998458862305,10.119999885559082,117670.0
2021-04-12,2.75,,5.6582,,,,,,114.4000015258789,79.4000015258789,5.679299831390381,10.100000381469727,118812.0
2021-04-13,2.75,,5.7064,,,,,,114.66999816894531,79.16999816894531,5.7322001457214355,10.100000381469727,119297.0
2021-04-14,2.75,,5.6936,,,,,,115.5999984741211,79.11000061035156,5.716300010681152,10.09000015258789,120295.0
2021-04-15,2.75,,5.6234,,,,,,116.19999694824219,79.41000366210938,5.652900218963623,10.100000381469727,120701.0
2021-04-16,2.75,,5.6328,,,,,,116.45999908447266,79.75,5.614999771118164,10.109999656677246,121114.0
2021-04-17,2.75,,,,,,,,116.45999908447266,79.75,5.614999771118164,10.109999656677246,121114.0
2021-04-18,2.75,,,,,,,,116.45999908447266,79.75,5.614999771118164,10.109999656677246,121114.0
2021-04-19,2.75,,5.575,,,,,,116.33999633789062,79.86000061035156,5.5858001708984375,10.09000015258789,120934.0
2021-04-20,2.75,,5.5266,,,,,,115.4800033569336,80.30000305175781,5.545300006866455,10.09000015258789,120062.0
2021-04-21,2.75,,,,,,,,115.4800033569336,80.30000305175781,5.56790018081665,10.09000015258789,120062.0
2021-04-22,2.75,,5.497,,,,,,114.94999694824219,80.80000305175781,5.56790018081665,10.079999923706055,119371.0
2021-04-23,2.75,,5.4787,,,,,,115.97000122070312,81.05000305175781,5.44320011138916,10.100000381469727,120530.0
2021-04-24,2.75,,,,,,,,115.97000122070312,81.05000305175781,5.44320011138916,10.100000381469727,120530.0
2021-04-25,2.75,,,,,,,,115.97000122070312,81.05000305175781,5.44320011138916,10.100000381469727,120530.0
2021-04-26,2.75,,5.4566,,,,,,115.94999694824219,81.01000213623047,5.477200031280518,10.100000381469727,120595.0
2021-04-27,2.75,,5.4424,,,,,,114.77999877929688,80.9800033569336,5.435299873352051,10.100000381469727,119388.0
2021-04-28,2.75,,5.4005,,,,,,116.4000015258789,80.98999786376953,5.451000213623047,10.09000015258789,121053.0
2021-04-29,2.75,,5.3662,,,,,,115.31999969482422,80.9800033569336,5.341400146484375,10.109999656677246,120066.0
2021-04-30,2.75,,5.4036,,,,,,114.4000015258789,80.93000030517578,5.336400032043457,10.149999618530273,118894.0
2021-05-01,2.75,8.06,,81.45,5.21,14.7,,,114.4000015258789,80.93000030517578,5.336400032043457,10.149999618530273,118894.0
2021-05-02,2.75,,,,,,,,114.4000015258789,80.93000030517578,5.336400032043457,10.149999618530273,118894.0
2021-05-03,2.75,,5.4087,,,,,,114.68000030517578,80.75,5.439700126647949,10.119999885559082,119209.0
2021-05-04,2.75,,5.4505,,,,,,113.2699966430664,80.38999938964844,5.4380998611450195,10.119999885559082,117712.0
2021-05-05,2.75,,5.3872,,,,,,115.1500015258789,80.5199966430664,5.442599773406982,10.09000015258789,119564.0
2021-05-06,3.5,,5.2897,,,,,,115.43000030517578,80.48999786376953,5.352700233459473,10.119999885559082,119921.0
2021-05-07,3.5,,5.2217,,,,,,117.45999908447266,80.68000030517578,5.273430824279785,10.130000114440918,122038.0
2021-05-08,3.5,,,,,,,,117.45999908447266,80.68000030517578,5.273430824279785,10.130000114440918,122038.0
2021-05-09,3.5,,,,,,,,117.45999908447266,80.68000030517578,5.273430824279785,10.130000114440918,122038.0
2021-05-10,3.5,,5.2227,,,,,,117.13999938964844,80.55999755859375,5.235499858856201,10.119999885559082,121909.0
2021-05-11,3.5,,5.2403,,,,,,118.12999725341797,80.66000366210938,5.2221999168396,10.119999885559082,122964.0
2021-05-12,3.5,,5.2353,,,,,,115.2699966430664,80.48999786376953,5.221199989318848,10.119999885559082,119710.0
2021-05-13,3.5,,5.2815,,,,,,116.04000091552734,80.37000274658203,5.303100109100342,10.109999656677246,120706.0
2021-05-14,3.5,,5.2701,,,,,,117.23999786376953,80.62999725341797,5.307700157165527,10.119999885559082,121881.0
2021-05-15,3.5,,,,,,,,117.23999786376953,80.62999725341797,5.307700157165527,10.119999885559082,121881.0
2021-05-16,3.5,,,,,,,,117.23999786376953,80.62999725341797,5.307700157165527,10.119999885559082,121881.0
2021-05-17,3.5,,5.2755,,,,,,118.30999755859375,80.66000366210938,5.269499778747559,10.100000381469727,122938.0
2021-05-18,3.5,,5.2588,,,,,,118.19000244140625,80.55999755859375,5.271500110626221,10.100000381469727,122980.0
2021-05-19,3.5,,5.2822,,,,,,118.01000213623047,80.3499984741211,5.259500026702881,10.100000381469727,122636.0
2021-05-20,3.5,,5.2905,,,,,,117.91000366210938,80.55000305175781,5.308000087738037,10.109999656677246,122701.0
2021-05-21,3.5,,5.3027,,,,,,118.01000213623047,80.75,5.281300067901611,10.109999656677246,122592.0
2021-05-22,3.5,,,,,,,,118.01000213623047,80.75,5.281300067901611,10.109999656677246,122592.0
2021-05-23,3.5,,,,,,,,118.01000213623047,80.75,5.281300067901611,10.109999656677246,122592.0
2021-05-24,3.5,,5.3198,,,,,,119.26000213623047,80.61000061035156,5.361800193786621,10.079999923706055,124032.0
2021-05-25,3.5,,5.3143,,,,,,118.4000015258789,80.91000366210938,5.31850004196167,10.100000381469727,122988.0
2021-05-26,3.5,,5.3164,,,,,,119.23999786376953,80.87000274658203,5.330699920654297,10.149999618530273,123989.0
2021-05-27,3.5,,5.284,,,,,,119.58999633789062,81.19000244140625,5.310500144958496,10.149999618530273,124367.0
2021-05-28,3.5,,5.2281,,,,,,120.72000122070312,81.16000366210938,5.2382001876831055,10.170000076293945,125561.0
2021-05-29,3.5,,,,,,,,120.72000122070312,81.16000366210938,5.2382001876831055,10.170000076293945,125561.0
2021-05-30,3.5,,,,,,,,120.72000122070312,81.16000366210938,5.2382001876831055,10.170000076293945,125561.0
2021-05-31,3.5,,5.2322,,,,,,121.25,81.41999816894531,5.23799991607666,10.180000305175781,126216.0
2021-06-01,3.5,8.35,5.1636,80.6,3.66,14.2,,,123.33000183105469,81.68000030517578,5.216599941253662,10.119999885559082,128267.0
2021-06-02,3.5,,5.1147,,,,,,124.66999816894531,81.94000244140625,5.149700164794922,10.170000076293945,129601.0
2021-06-03,3.5,,,,,,,,124.66999816894531,81.94000244140625,5.07450008392334,10.170000076293945,129601.0
2021-06-04,3.5,,5.0666,,,,,,125.05000305175781,82.58999633789062,5.076300144195557,10.199999809265137,130126.0
2021-06-05,3.5,,,,,,,,125.05000305175781,82.58999633789062,5.076300144195557,10.199999809265137,130126.0
2021-06-06,3.5,,,,,,,,125.05000305175781,82.58999633789062,5.076300144195557,10.199999809265137,130126.0
2021-06-07,3.5,,5.0498,,,,,,125.75,82.12000274658203,5.044600009918213,10.1899995803833,130776.0
2021-06-08,3.5,,5.0489,,,,,,124.70999908447266,81.86000061035156,5.045199871063232,10.15999984741211,129787.0
2021-06-09,3.5,,5.0533,,,,,,124.87999725341797,81.48999786376953,5.034900188446045,10.170000076293945,129907.0
2021-06-10,3.5,,5.0635,,,,,,125.0,81.0999984741211,5.061500072479248,10.15999984741211,130076.0
2021-06-11,3.5,,5.119,,,,,,124.4800033569336,81.0999984741211,5.054500102996826,10.149999618530273,129441.0
2021-06-12,3.5,,,,,,,,124.4800033569336,81.0999984741211,5.054500102996826,10.149999618530273,129441.0
2021-06-13,3.5,,,,,,,,124.4800033569336,81.0999984741211,5.054500102996826,10.149999618530273,129441.0
2021-06-14,3.5,,5.0707,,,,,,125.1500015258789,81.25,5.117000102996826,10.119999885559082,130208.0
2021-06-15,3.5,,5.0874,,,,,,125.18000030517578,80.94000244140625,5.058599948883057,10.109999656677246,130091.0
2021-06-16,3.5,,5.0207,,,,,,124.22000122070312,81.0,5.043799877166748,10.09000015258789,129259.0
2021-06-17,4.25,,5.0359,,,,,,123.08999633789062,80.75,5.054299831390381,10.079999923706055,128057.0
2021-06-18,4.25,,5.0314,,,,,,123.2699966430664,79.62000274658203,5.007400035858154,10.079999923706055,128405.0
2021-06-19,4.25,,,,,,,,123.2699966430664,79.62000274658203,5.007400035858154,10.079999923706055,128405.0
2021-06-20,4.25,,,,,,,,123.2699966430664,79.62000274658203,5.007400035858154,10.079999923706055,128405.0
2021-06-21,4.25,,5.0373,,,,,,124.2300033569336,80.0,5.0960001945495605,10.069999694824219,129265.0
2021-06-22,4.25,,5.0178,,,,,,123.81999969482422,79.72000122070312,5.0131001472473145,10.029999732971191,128767.0
2021-06-23,4.25,,4.9519,,,,,,123.54000091552734,79.80000305175781,4.957099914550781,9.970000267028809,128428.0
2021-06-24,4.25,,4.9277,,,,,,124.52999877929688,80.1500015258789,4.965199947357178,9.970000267028809,129514.0
2021-06-25,4.25,,4.9206,,,,,,122.5,80.18000030517578,4.912700176239014,9.770000457763672,127256.0
2021-06-26,4.25,,,,,,,,122.5,80.18000030517578,4.912700176239014,9.770000457763672,127256.0
2021-06-27,4.25,,,,,,,,122.5,80.18000030517578,4.912700176239014,9.770000457763672,127256.0
2021-06-28,4.25,,4.942,,,,,,122.44999694824219,80.05999755859375,4.91540002822876,9.649999618530273,127429.0
2021-06-29,4.25,,4.945,,,,,,122.30999755859375,80.06999969482422,4.924799919128418,9.819999694824219,127327.0
2021-06-30,4.25,,5.0022,,,,,,121.80999755859375,80.1500015258789,4.955100059509277,9.850000381469727,126802.0
2021-07-01,4.25,8.99,5.0055,80.25,2.77,13.7,,,120.7300033569336,80.5,4.969200134277344,9.850000381469727,125666.0
2021-07-02,4.25,,5.0293,,,,,,122.77999877929688,80.68000030517578,5.045102119445801,9.869999885559082,127622.0
2021-07-03,4.25,,,,,,,,122.77999877929688,80.68000030517578,5.045102119445801,9.869999885559082,127622.0
2021-07-04,4.25,,,,,,,,122.77999877929688,80.68000030517578,5.045102119445801,9.869999885559082,127622.0
2021-07-05,4.25,,5.0749,,,,,,121.97000122070312,80.69000244140625,5.059199810028076,9.850000381469727,126920.0
2021-07-06,4.25,,5.1645,,,,,,120.30000305175781,80.83999633789062,5.088459014892578,9.869999885559082,125095.0
2021-07-07,4.25,,5.2328,,,,,,122.27999877929688,81.0,5.195300102233887,9.869999885559082,127019.0
2021-07-08,4.25,,5.2587,,,,,,120.66000366210938,80.75,5.231200218200684,9.869999885559082,125428.0
2021-07-09,4.25,,5.2393,,,,,,120.66000366210938,80.75,5.257999897003174,9.869999885559082,125428.0
2021-07-10,4.25,,,,,,,,120.66000366210938,80.75,5.257999897003174,9.869999885559082,125428.0
2021-07-11,4.25,,,,,,,,120.66000366210938,80.75,5.257999897003174,9.869999885559082,125428.0
2021-07-12,4.25,,5.2239,,,,,,122.77999877929688,80.9000015258789,5.257900238037109,10.0,127594.0
2021-07-13,4.25,,5.177,,,,,,123.31999969482422,80.76000213623047,5.172699928283691,10.09000015258789,128168.0
2021-07-14,4.25,,5.088,,,,,,123.47000122070312,81.0,5.162399768829346,10.119999885559082,128407.0
2021-07-15,4.25,,5.1,,,,,,122.80000305175781,81.18000030517578,5.069900035858154,10.149999618530273,127468.0
2021-07-16,4.25,,5.0941,,,,,,121.1500015258789,81.4800033569336,5.110000133514404,10.15999984741211,125960.0
2021-07-17,4.25,,,,,,,,121.1500015258789,81.4800033569336,5.110000133514404,10.15999984741211,125960.0
2021-07-18,4.25,,,,,,,,121.1500015258789,81.4800033569336,5.110000133514404,10.15999984741211,125960.0
2021-07-19,4.25,,5.1978,,,,,,119.73999786376953,81.56999969482422,5.1153998374938965,10.140000343322754,124395.0
2021-07-20,4.25,,5.2465,,,,,,120.5999984741211,81.6500015258789,5.250899791717529,10.149999618530273,125401.0
2021-07-21,4.25,,5.2516,,,,,,121.12000274658203,81.6500015258789,5.219900131225586,10.149999618530273,125929.0
2021-07-22,4.25,,5.1978,,,,,,121.43000030517578,81.52999877929688,5.187300205230713,10.140000343322754,126147.0
2021-07-23,4.25,,5.1701,,,,,,120.19999694824219,81.5199966430664,5.1996002197265625,10.119999885559082,125053.0
2021-07-24,4.25,,,,,,,,120.19999694824219,81.5199966430664,5.1996002197265625,10.119999885559082,125053.0
2021-07-25,4.25,,,,,,,,120.19999694824219,81.5199966430664,5.1996002197265625,10.119999885559082,125053.0
2021-07-26,4.25,,5.1863,,,,,,121.19999694824219,81.30999755859375,5.19789981842041,10.109999656677246,126004.0
2021-07-27,4.25,,5.1669,,,,,,119.76000213623047,81.27999877929688,5.1753997802734375,10.140000343322754,124612.0
2021-07-28,4.25,,5.1527,,,,,,121.44999694824219,81.0,5.169099807739258,10.130000114440918,126286.0
2021-07-29,4.25,,5.0682,,,,,,120.7300033569336,81.36000061035156,5.114799976348877,10.119999885559082,125675.0
2021-07-30,4.25,,5.1216,,,,,,117.11000061035156,80.66000366210938,5.080399990081787,10.140000343322754,121801.0
2021-07-31,4.25,,,,,,,,117.11000061035156,80.66000366210938,5.080399990081787,10.140000343322754,121801.0
2021-08-01,4.25,9.68,,79.64,1.52,13.2,,,117.11000061035156,80.66000366210938,5.080399990081787,10.140000343322754,121801.0
2021-08-02,4.25,,5.1379,,,,,,117.5999984741211,80.80999755859375,5.208700180053711,10.100000381469727,122516.0
2021-08-03,4.25,,5.2464,,,,,,118.7300033569336,80.58999633789062,5.174600124359131,10.0600004196167,123577.0
2021-08-04,4.25,,5.2091,,,,,,116.95999908447266,81.16999816894531,5.196800231933594,10.029999732971191,121801.0
2021-08-05,5.25,,5.1464,,,,,,116.93000030517578,80.0199966430664,5.1682000160217285,9.989999771118164,121633.0
2021-08-06,5.25,,5.241,,,,,,118.23999786376953,80.22000122070312,5.245200157165527,9.979999542236328,122810.0
2021-08-07,5.25,,,,,,,,118.23999786376953,80.22000122070312,5.245200157165527,9.979999542236328,122810.0
2021-08-08,5.25,,,,,,,,118.23999786376953,80.22000122070312,5.245200157165527,9.979999542236328,122810.0
2021-08-09,5.25,,5.2774,,,,,,118.13999938964844,80.06999969482422,5.23199987411499,9.9399995803833,123019.0
2021-08-10,5.25,,5.2217,,,,,,117.56999969482422,80.05000305175781,5.231800079345703,9.890000343322754,122202.0
2021-08-11,5.25,,5.2013,,,,,,117.26000213623047,80.05999755859375,5.188300132751465,9.84000015258789,122056.0
2021-08-12,5.25,,5.2351,,,,,,115.87000274658203,79.93000030517578,5.218200206756592,9.770000457763672,120701.0
2021-08-13,5.25,,5.2474,,,,,,116.55999755859375,79.30999755859375,5.252200126647949,9.84000015258789,121194.0
2021-08-14,5.25,,,,,,,,116.55999755859375,79.30999755859375,5.252200126647949,9.84000015258789,121194.0
2021-08-15,5.25,,,,,,,,116.55999755859375,79.30999755859375,5.252200126647949,9.84000015258789,121194.0
2021-08-16,5.25,,5.2495,,,,,,114.62999725341797,78.62999725341797,5.247499942779541,9.779999732971191,119180.0
2021-08-17,5.25,,5.2585,,,,,,113.3499984741211,79.0,5.259699821472168,9.720000267028809,117904.0
2021-08-18,5.25,,5.3025,,,,,,112.05999755859375,78.37000274658203,5.294300079345703,9.699999809265137,116643.0
2021-08-19,5.25,,5.418,,,,,,112.8499984741211,78.45999908447266,5.378600120544434,9.649999618530273,117165.0
2021-08-20,5.25,,5.4274,,,,,,113.6500015258789,79.30000305175781,5.414100170135498,9.699999809265137,118053.0
2021-08-21,5.25,,,,,,,,113.6500015258789,79.30000305175781,5.414100170135498,9.699999809265137,118053.0
2021-08-22,5.25,,,,,,,,113.6500015258789,79.30000305175781,5.414100170135498,9.699999809265137,118053.0
2021-08-23,5.25,,5.3686,,,,,,113.05000305175781,79.19999694824219,5.379000186920166,9.75,117472.0
2021-08-24,5.25,,5.3017,,,,,,115.62999725341797,79.4000015258789,5.379899978637695,9.75,120211.0
2021-08-25,5.25,,5.2465,,,,,,116.13999938964844,80.19999694824219,5.245800018310547,9.760000228881836,120818.0
2021-08-26,5.25,,5.2429,,,,,,114.06999969482422,80.43000030517578,5.210999965667725,9.720000267028809,118724.0
2021-08-27,5.25,,5.22,,,,,,116.18000030517578,80.69999694824219,5.2515997886657715,9.75,120678.0
2021-08-28,5.25,,,,,,,,116.18000030517578,80.69999694824219,5.2515997886657715,9.75,120678.0
2021-08-29,5.25,,,,,,,,116.18000030517578,80.69999694824219,5.2515997886657715,9.75,120678.0
2021-08-30,5.25,,5.1952,,,,,,115.08000183105469,80.61000061035156,5.2027997970581055,9.779999732971191,119740.0
2021-08-31,5.25,,5.1433,,,,,,114.08000183105469,79.75,5.1828999519348145,9.800000190734863,118781.0
2021-09-01,5.25,10.25,5.1576,79.62,0.61,12.7,,,114.80000305175781,78.80000305175781,5.1493000984191895,9.789999961853027,119396.0
2021-09-02,5.25,,5.1735,,,,,,112.1500015258789,79.80000305175781,5.184599876403809,9.770000457763672,116677.0
2021-09-03,5.25,,5.1685,,,,,,112.08999633789062,79.80999755859375,5.18179988861084,9.720000267028809,116933.0
2021-09-04,5.25,,,,,,,,112.08999633789062,79.80999755859375,5.18179988861084,9.720000267028809,116933.0
2021-09-05,5.25,,,,,,,,112.08999633789062,79.80999755859375,5.18179988861084,9.720000267028809,116933.0
2021-09-06,5.25,,5.1773,,,,,,113.4800033569336,79.4800033569336,5.189799785614014,9.760000228881836,117869.0
2021-09-07,5.25,,,,,,,,113.4800033569336,79.4800033569336,5.169300079345703,9.760000228881836,117869.0
2021-09-08,5.25,,5.2524,,,,,,109.08000183105469,79.56999969482422,5.169600009918213,9.6899995803833,113413.0
2021-09-09,5.25,,5.2825,,,,,,111.51000213623047,79.58999633789062,5.3206000328063965,9.720000267028809,115361.0
2021-09-10,5.25,,5.2158,,,,,,109.87999725341797,80.0,5.196499824523926,9.75,114286.0
2021-09-11,5.25,,,,,,,,109.87999725341797,80.0,5.196499824523926,9.75,114286.0
2021-09-12,5.25,,,,,,,,109.87999725341797,80.0,5.196499824523926,9.75,114286.0
2021-09-13,5.25,,5.219,,,,,,112.12000274658203,80.0999984741211,5.247000217437744,9.770000457763672,116404.0
2021-09-14,5.25,,5.226,,,,,,111.69999694824219,80.5,5.213200092315674,9.760000228881836,116181.0
2021-09-15,5.25,,5.2576,,,,,,110.68000030517578,80.19000244140625,5.238900184631348,9.779999732971191,115063.0
2021-09-16,5.25,,5.2594,,,,,,109.44000244140625,80.54000091552734,5.221700191497803,9.770000457763672,113794.0
2021-09-17,5.25,,5.3103,,,,,,107.13999938964844,80.30000305175781,5.256800174713135,9.779999732971191,111439.0
2021-09-18,5.25,,,,,,,,107.13999938964844,80.30000305175781,5.256800174713135,9.779999732971191,111439.0
2021-09-19,5.25,,,,,,,,107.13999938964844,80.30000305175781,5.256800174713135,9.779999732971191,111439.0
2021-09-20,5.25,,5.3332,,,,,,104.7699966430664,80.05000305175781,5.289700031280518,9.670000076293945,108844.0
2021-09-21,5.25,,5.3044,,,,,,105.7699966430664,80.31999969482422,5.323200225830078,9.680000305175781,110250.0
2021-09-22,5.25,,5.2783,,,,,,107.98999786376953,80.4000015258789,5.268899917602539,9.699999809265137,112282.0
2021-09-23,6.25,,5.2891,,,,,,109.5999984741211,80.18000030517578,5.287700176239014,9.710000038146973,114064.0
2021-09-24,6.25,,5.3435,,,,,,109.02999877929688,79.93000030517578,5.3018999099731445,9.729999542236328,113283.0
2021-09-25,6.25,,,,,,,,109.02999877929688,79.93000030517578,5.3018999099731445,9.729999542236328,113283.0
2021-09-26,6.25,,,,,,,,109.02999877929688,79.93000030517578,5.3018999099731445,9.729999542236328,113283.0
2021-09-27,6.25,,5.3478,,,,,,108.88999938964844,79.9000015258789,5.336999893188477,9.720000267028809,113583.0
2021-09-28,6.25,,5.4206,,,,,,105.83000183105469,79.91999816894531,5.390399932861328,9.710000038146973,110124.0
2021-09-29,6.25,,5.4173,,,,,,106.83000183105469,80.05000305175781,5.427599906921387,9.710000038146973,111107.0
2021-09-30,6.25,,5.4394,,,,,,106.48999786376953,80.13999938964844,5.414299964904785,9.770000457763672,110979.0
2021-10-01,6.25,10.67,5.3911,79.52,0.23,12.1,,,108.48999786376953,80.0999984741211,5.441699981689453,9.770000457763672,112900.0
2021-10-02,6.25,,,,,,,,108.48999786376953,80.0999984741211,5.441699981689453,9.770000457763672,112900.0
2021-10-03,6.25,,,,,,,,108.48999786376953,80.0999984741211,5.441699981689453,9.770000457763672,112900.0
2021-10-04,6.25,,5.4204,,,,,,106.18000030517578,80.30999755859375,5.3678998947143555,9.739999771118164,110393.0
2021-10-05,6.25,,5.4611,,,,,,106.12000274658203,79.80000305175781,5.453199863433838,9.899999618530273,110458.0
2021-10-06,6.25,,5.5097,,,,,,106.37000274658203,80.19999694824219,5.475500106811523,9.880000114440918,110560.0
2021-10-07,6.25,,5.514,,,,,,106.41999816894531,79.87999725341797,5.4918999671936035,9.880000114440918,110585.0
2021-10-08,6.25,,5.5084,,,,,,108.38999938964844,80.51000213623047,5.517000198364258,9.869999885559082,112833.0
2021-10-09,6.25,,,,,,,,108.38999938964844,80.51000213623047,5.517000198364258,9.869999885559082,112833.0
2021-10-10,6.25,,,,,,,,108.38999938964844,80.51000213623047,5.517000198364258,9.869999885559082,112833.0
2021-10-11,6.25,,5.5161,,,,,,107.75,80.23999786376953,5.506899833679199,9.880000114440918,112180.0
2021-10-12,6.25,,,,,,,,107.75,80.23999786376953,5.535999774932861,9.880000114440918,112180.0
2021-10-13,6.25,,5.5471,,,,,,109.23999786376953,80.12000274658203,5.531499862670898,9.880000114440918,113456.0
2021-10-14,6.25,,5.4988,,,,,,108.97000122070312,79.98999786376953,5.512499809265137,9.850000381469727,113185.0
2021-10-15,6.25,,5.451,,,,,,110.22000122070312,79.91999816894531,5.512199878692627,9.880000114440918,114648.0
2021-10-16,6.25,,,,,,,,110.22000122070312,79.91999816894531,5.512199878692627,9.880000114440918,114648.0
2021-10-17,6.25,,,,,,,,110.22000122070312,79.91999816894531,5.512199878692627,9.880000114440918,114648.0
2021-10-18,6.25,,5.5193,,,,,,109.94999694824219,79.54000091552734,5.458399772644043,9.880000114440918,114428.0
2021-10-19,6.25,,5.5521,,,,,,106.80000305175781,77.0,5.511300086975098,9.84000015258789,110673.0
2021-10-20,6.25,,5.5571,,,,,,106.7300033569336,79.0,5.5833001136779785,9.829999923706055,110786.0
2021-10-21,6.25,,5.6423,,,,,,103.6500015258789,78.4000015258789,5.59630012512207,9.550000190734863,107735.0
2021-10-22,6.25,,5.7117,,,,,,102.33000183105469,78.19999694824219,5.657800197601318,9.539999961853027,106296.0
2021-10-23,6.25,,,,,,,,102.33000183105469,78.19999694824219,5.657800197601318,9.539999961853027,106296.0
2021-10-24,6.25,,,,,,,,102.33000183105469,78.19999694824219,5.657800197601318,9.539999961853027,106296.0
2021-10-25,6.25,,5.5973,,,,,,104.55000305175781,78.33000183105469,5.649199962615967,9.529999732971191,108715.0
2021-10-26,6.25,,5.58,,,,,,102.25,77.7699966430664,5.5543999671936035,9.510000228881836,106420.0
2021-10-27,6.25,,5.5667,,,,,,102.4000015258789,77.7699966430664,5.564799785614014,9.489999771118164,106363.0
2021-10-28,7.75,,5.6124,,,,,,100.61000061035156,77.76000213623047,5.534999847412109,9.470000267028809,105705.0
2021-10-29,7.75,,5.643,,,,,,99.68000030517578,77.66000366210938,5.644899845123291,9.470000267028809,103501.0
2021-10-30,7.75,,,,,,,,99.68000030517578,77.66000366210938,5.644899845123291,9.470000267028809,103501.0
2021-10-31,7.75,,,,,,,,99.68000030517578,77.66000366210938,5.644899845123291,9.470000267028809,103501.0
2021-11-01,7.75,10.74,5.6694,78.22,-0.14,11.6,,,101.5199966430664,77.76000213623047,5.633699893951416,9.479999542236328,105551.0
2021-11-02,7.75,,,,,,,,101.5199966430664,77.76000213623047,5.678899765014648,9.479999542236328,105551.0
2021-11-03,7.75,,5.6672,,,,,,102.0,79.0,5.678599834442139,9.449999809265137,105617.0
2021-11-04,7.75,,5.5942,,,,,,99.6500015258789,78.4800033569336,5.5524001121521,9.420000076293945,103412.0
2021-11-05,7.75,,5.5455,,,,,,100.80999755859375,78.98999786376953,5.6016998291015625,9.380000114440918,104824.0
2021-11-06,7.75,,,,,,,,100.80999755859375,78.98999786376953,5.6016998291015625,9.380000114440918,104824.0
2021-11-07,7.75,,,,,,,,100.80999755859375,78.98999786376953,5.6016998291015625,9.380000114440918,104824.0
2021-11-08,7.75,,5.5627,,,,,,100.83000183105469,78.45999908447266,5.541100025177002,9.220000267028809,104781.0
2021-11-09,7.75,,5.4957,,,,,,101.38999938964844,78.8499984741211,5.543099880218506,9.210000038146973,105535.0
2021-11-10,7.75,,5.459,,,,,,102.0199966430664,78.48999786376953,5.479100227355957,9.15999984741211,105968.0
2021-11-11,7.75,,5.4171,,,,,,103.55000305175781,78.9000015258789,5.4899001121521,9.180000305175781,107725.0
2021-11-12,7.75,,5.4199,,,,,,102.12999725341797,79.16000366210938,5.3979997634887695,9.170000076293945,106312.0
2021-11-13,7.75,,,,,,,,102.12999725341797,79.16000366210938,5.3979997634887695,9.170000076293945,106312.0
2021-11-14,7.75,,,,,,,,102.12999725341797,79.16000366210938,5.3979997634887695,9.170000076293945,106312.0
2021-11-15,7.75,,,,,,,,102.12999725341797,79.16000366210938,5.457600116729736,9.170000076293945,106312.0
2021-11-16,7.75,,5.4772,,,,,,100.36000061035156,78.44999694824219,5.456299781799316,9.109999656677246,104508.0
2021-11-17,7.75,,5.4993,,,,,,99.25,78.98999786376953,5.502200126647949,9.149999618530273,102945.0
2021-11-18,7.75,,5.547,,,,,,98.6500015258789,79.08999633789062,5.52869987487793,9.149999618530273,102524.0
2021-11-19,7.75,,5.5584,,,,,,99.2699966430664,78.97000122070312,5.556399822235107,9.199999809265137,103035.0
2021-11-20,7.75,,,,,,,,99.2699966430664,78.97000122070312,5.556399822235107,9.199999809265137,103035.0
2021-11-21,7.75,,,,,,,,99.2699966430664,78.97000122070312,5.556399822235107,9.199999809265137,103035.0
2021-11-22,7.75,,5.5841,,,,,,98.23999786376953,79.01000213623047,5.611599922180176,9.149999618530273,102122.0
2021-11-23,7.75,,5.6456,,,,,,100.0,78.97000122070312,5.585599899291992,9.09000015258789,103663.0
2021-11-24,7.75,,5.6027,,,,,,100.66000366210938,79.3499984741211,5.570400238037109,8.930000305175781,104514.0
2021-11-25,7.75,,5.574,,,,,,101.98999786376953,79.31999969482422,5.605199813842773,9.0,105811.0
2021-11-26,7.75,,5.5865,,,,,,98.38999938964844,79.68000030517578,5.565100193023682,9.0,102224.0
2021-11-27,7.75,,,,,,,,98.38999938964844,79.68000030517578,5.565100193023682,9.0,102224.0
2021-11-28,7.75,,,,,,,,98.38999938964844,79.68000030517578,5.565100193023682,9.0,102224.0
2021-11-29,7.75,,5.6118,,,,,,99.01000213623047,79.5999984741211,5.607800006866455,9.079999923706055,102814.0
2021-11-30,7.75,,5.6199,,,,,,98.3499984741211,79.73999786376953,5.6006999015808105,8.9399995803833,101915.0
2021-12-01,7.75,10.06,5.6168,77.31,-0.72,11.1,,,97.08999633789062,80.02999877929688,5.620871067047119,9.050000190734863,100775.0
2021-12-02,7.75,,5.6345,,,,,,100.43000030517578,80.2699966430664,5.6915669441223145,9.069999694824219,104466.0
2021-12-03,7.75,,5.6432,,,,,,101.31999969482422,80.68000030517578,5.643321990966797,9.15999984741211,105070.0
2021-12-04,7.75,,,,,,,,101.31999969482422,80.68000030517578,5.643321990966797,9.15999984741211,105070.0
2021-12-05,7.75,,,,,,,,101.31999969482422,80.68000030517578,5.643321990966797,9.15999984741211,105070.0
2021-12-06,7.75,,5.6877,,,,,,103.0,80.62000274658203,5.65009880065918,9.369999885559082,106859.0
2021-12-07,7.75,,5.6411,,,,,,103.62999725341797,80.91999816894531,5.688000202178955,9.449999809265137,107558.0
2021-12-08,7.75,,5.5779,,,,,,104.19999694824219,81.23999786376953,5.611800193786621,9.5,108096.0
2021-12-09,9.25,,5.5564,,,,,7.0,102.13999938964844,80.91000366210938,5.531599998474121,9.489999771118164,106291.0
2021-12-10,9.25,,5.5931,,,,,7.0,103.7300033569336,81.5,5.571100234985352,9.520000457763672,107758.0
2021-12-11,9.25,,,,,,,7.0,103.7300033569336,81.5,5.571100234985352,9.520000457763672,107758.0
2021-12-12,9.25,,,,,,,7.0,103.7300033569336,81.5,5.571100234985352,9.520000457763672,107758.0
2021-12-13,9.25,,5.6357,,,,,7.0,103.5,81.44999694824219,5.60866117477417,9.579999923706055,107383.0
2021-12-14,9.25,,5.6461,,,,,7.0,102.69999694824219,81.3499984741211,5.679699897766113,9.550000190734863,106760.0
2021-12-15,9.25,,5.7127,,,,,6.5,103.19999694824219,81.0999984741211,5.680600166320801,9.5600004196167,107370.0
2021-12-16,9.25,,5.6963,,,,,6.75,104.41000366210938,80.87999725341797,5.6793999671936035,9.569999694824219,108212.0
2021-12-17,9.25,,5.6959,,,,,7.0,103.0999984741211,80.3499984741211,5.687399864196777,9.59000015258789,107201.0
2021-12-18,9.25,,,,,,,7.0,103.0999984741211,80.3499984741211,5.687399864196777,9.59000015258789,107201.0
2021-12-19,9.25,,,,,,,7.0,103.0999984741211,80.3499984741211,5.687399864196777,9.59000015258789,107201.0
2021-12-20,9.25,,5.7055,,,,,7.0,101.0,80.12999725341797,5.693059921264648,9.609999656677246,105020.0
2021-12-21,9.25,,5.7372,,,,,7.0,101.41999816894531,80.44000244140625,5.741300106048584,9.640000343322754,105500.0
2021-12-22,9.25,,5.7201,,,,,7.0,101.43000030517578,80.4000015258789,5.74399995803833,9.640000343322754,105244.0
2021-12-23,9.25,,5.691,,,,,7.0,100.8499984741211,80.54000091552734,5.6529998779296875,9.699999809265137,104891.0
2021-12-24,9.25,,5.6591,,,,,7.0,100.8499984741211,80.54000091552734,5.671795845031738,9.699999809265137,104891.0
2021-12-25,9.25,,,,,,,7.0,100.8499984741211,80.54000091552734,5.671795845031738,9.699999809265137,104891.0
2021-12-26,9.25,,,,,,,7.0,100.8499984741211,80.54000091552734,5.671795845031738,9.699999809265137,104891.0
2021-12-27,9.25,,5.665,,,,,7.0,101.5999984741211,80.25,5.67110013961792,9.760000228881836,105531.0
2021-12-28,9.25,,5.6438,,,,,7.0,101.05999755859375,80.33000183105469,5.624100208282471,9.84000015258789,104864.0
2021-12-29,9.25,,5.6619,,,,,7.0,100.25,81.69999694824219,5.627500057220459,9.920000076293945,104107.0
2021-12-30,9.25,,5.5805,,,,,7.0,100.80000305175781,78.80000305175781,5.702700138092041,9.960000038146973,104822.0
2021-12-31,9.25,,5.5805,,,,,7.0,100.80000305175781,78.80000305175781,5.570199966430664,9.960000038146973,104822.0
2022-01-01,9.25,10.38,,77.0,-1.19,11.2,,7.0,100.80000305175781,78.80000305175781,5.570199966430664,9.960000038146973,104822.0
2022-01-02,9.25,,,,,,,7.0,100.80000305175781,78.80000305175781,5.570199966430664,9.960000038146973,104822.0
2022-01-03,9.25,,5.6309,,,,,7.0,99.93000030517578,80.16999816894531,5.569300174713135,9.890000343322754,103922.0
2022-01-04,9.25,,5.6776,,,,,7.0,99.56999969482422,79.94000244140625,5.68120002746582,9.890000343322754,103514.0
2022-01-05,9.25,,5.6628,,,,,7.0,97.0999984741211,79.68000030517578,5.676199913024902,9.800000190734863,101006.0
2022-01-06,9.25,,5.7042,,,,,7.0,97.8499984741211,79.5,5.705635070800781,9.779999732971191,101561.0
2022-01-07,9.25,,5.6753,,,,,7.0,98.69999694824219,79.33999633789062,5.682400226593018,9.789999961853027,102719.0
2022-01-08,9.25,,,,,,,7.0,98.69999694824219,79.33999633789062,5.682400226593018,9.789999961853027,102719.0
2022-01-09,9.25,,,,,,,7.0,98.69999694824219,79.33999633789062,5.682400226593018,9.789999961853027,102719.0
2022-01-10,9.25,,5.6736,,,,,7.0,98.43000030517578,79.33999633789062,5.632199764251709,9.760000228881836,101945.0
2022-01-11,9.25,,5.6351,,,,3.0,7.0,100.0999984741211,79.0,5.662199974060059,9.770000457763672,103779.0
2022-01-12,9.25,,5.5611,,,,3.0,7.0,101.91000366210938,78.98999786376953,5.567299842834473,9.739999771118164,105686.0
2022-01-13,9.25,,5.5246,,,,3.0,7.0,101.55000305175781,79.30000305175781,5.533199787139893,9.739999771118164,105530.0
2022-01-14,9.25,,5.5349,,,,3.0,7.0,103.06999969482422,79.33999633789062,5.526700019836426,9.8100004196167,106928.0
2022-01-15,9.25,,,,,,3.0,7.0,103.06999969482422,79.33999633789062,5.526700019836426,9.8100004196167,106928.0
2022-01-16,9.25,,,,,,3.0,7.0,103.06999969482422,79.33999633789062,5.526700019836426,9.8100004196167,106928.0
2022-01-17,9.25,,5.5058,,,,3.0,7.0,102.58000183105469,78.83000183105469,5.533299922943115,9.899999618530273,106692.0
2022-01-18,9.25,,5.5213,,,,3.0,7.0,102.8499984741211,78.83000183105469,5.5157999992370605,9.899999618530273,106522.0
2022-01-19,9.25,,5.4978,,,,3.0,7.0,104.05000305175781,79.19000244140625,5.565700054168701,9.899999618530273,108013.0
2022-01-20,9.25,,5.4166,,,,3.0,7.0,104.9000015258789,79.62000274658203,5.43720006942749,9.859999656677246,109102.0
2022-01-21,9.25,,5.4401,,,,3.0,7.0,104.69999694824219,79.44999694824219,5.418099880218506,9.890000343322754,108942.0
2022-01-22,9.25,,,,,,3.0,7.0,104.69999694824219,79.44999694824219,5.418099880218506,9.890000343322754,108942.0
2022-01-23,9.25,,,,,,3.0,7.0,104.69999694824219,79.44999694824219,5.418099880218506,9.890000343322754,108942.0
2022-01-24,9.25,,5.491,,,,3.0,7.0,104.08000183105469,79.9800033569336,5.457099914550781,9.829999923706055,107752.0
2022-01-25,9.25,,5.4971,,,,3.0,7.0,106.33000183105469,79.6500015258789,5.486100196838379,9.800000190734863,109845.0
2022-01-26,9.25,,5.4324,,,,3.0,7.0,107.38999938964844,80.05000305175781,5.440703868865967,9.779999732971191,111573.0
2022-01-27,9.25,,5.3812,,,,3.0,7.0,108.19999694824219,79.45999908447266,5.429166793823242,9.770000457763672,112315.0
2022-01-28,9.25,,5.3954,,,,3.0,7.0,107.58000183105469,79.41999816894531,5.40348482131958,9.770000457763672,111478.0
2022-01-29,9.25,,,,,,3.0,7.0,107.58000183105469,79.41999816894531,5.40348482131958,9.770000457763672,111478.0
2022-01-30,9.25,,,,,,3.0,7.0,107.58000183105469,79.41999816894531,5.40348482131958,9.770000457763672,111478.0
2022-01-31,9.25,,5.3574,,,,3.0,7.0,107.9800033569336,79.62000274658203,5.362599849700928,9.8100004196167,112388.0
2022-02-01,9.25,10.54,5.281,76.92,-1.36,11.2,3.0,7.0,109.1500015258789,79.62999725341797,5.303100109100342,9.800000190734863,113147.0
2022-02-02,9.25,,5.2956,,,,3.0,7.0,107.69000244140625,79.95999908447266,5.264500141143799,9.989999771118164,112161.0
2022-02-03,10.75,,5.3025,,,,3.0,7.0,107.7699966430664,80.45999908447266,5.260900020599365,9.970000267028809,111696.0
2022-02-04,10.75,,5.3284,,,,3.0,7.0,108.0199966430664,80.05000305175781,5.282899856567383,10.0,112245.0
2022-02-05,10.75,,,,,,3.0,7.0,108.0199966430664,80.05000305175781,5.282899856567383,10.0,112245.0
2022-02-06,10.75,,,,,,3.0,7.0,108.0199966430664,80.05000305175781,5.282899856567383,10.0,112245.0
2022-02-07,10.75,,5.2913,,,,3.0,7.0,107.72000122070312,80.31999969482422,5.326900005340576,9.84000015258789,111996.0
2022-02-08,10.75,,5.2699,,,,3.0,7.0,108.2300033569336,80.04000091552734,5.262599945068359,9.84000015258789,112234.0
2022-02-09,10.75,,5.2735,,,,3.0,7.0,108.2300033569336,79.77999877929688,5.258399963378906,9.680000305175781,112461.0
2022-02-10,10.75,,5.2101,,,,3.0,7.0,109.0999984741211,79.70999908447266,5.234499931335449,9.680000305175781,113359.0
2022-02-11,10.75,,5.1987,,,,3.0,7.0,109.30999755859375,79.70999908447266,5.248700141906738,9.699999809265137,113572.0
2022-02-12,10.75,,,,,,3.0,7.0,109.30999755859375,79.70999908447266,5.248700141906738,9.699999809265137,113572.0
2022-02-13,10.75,,,,,,3.0,7.0,109.30999755859375,79.70999908447266,5.248700141906738,9.699999809265137,113572.0
2022-02-14,10.75,,5.2106,,,,3.0,7.0,109.5199966430664,79.75,5.249956130981445,9.649999618530273,113807.0
2022-02-15,10.75,,5.1881,,,,3.0,7.0,110.5999984741211,79.75,5.214000225067139,9.619999885559082,114660.0
2022-02-16,10.75,,5.163,,,,3.0,7.0,110.7699966430664,79.94000244140625,5.157899856567383,9.65999984741211,115181.0
2022-02-17,10.75,,5.1565,,,,3.0,7.0,109.0999984741211,80.04000091552734,5.135799884796143,9.6899995803833,113528.0
2022-02-18,10.75,,5.1339,,,,3.0,7.0,108.51000213623047,80.02999877929688,5.170599937438965,9.699999809265137,112768.0
2022-02-19,10.75,,,,,,3.0,7.0,108.51000213623047,80.02999877929688,5.170599937438965,9.699999809265137,112768.0
2022-02-20,10.75,,,,,,3.0,7.0,108.51000213623047,80.02999877929688,5.170599937438965,9.699999809265137,112768.0
2022-02-21,10.75,,5.0997,,,,3.0,7.0,107.44999694824219,80.0199966430664,5.137499809265137,9.510000228881836,111725.0
2022-02-22,10.75,,5.0611,,,,3.0,7.0,109.0,79.83999633789062,5.102700233459473,9.470000267028809,112892.0
2022-02-23,10.75,,5.0143,,,,3.0,7.0,107.58000183105469,79.88999938964844,5.05709981918335,9.399999618530273,112008.0
2022-02-24,10.75,,5.1174,,,,3.0,7.0,107.4800033569336,79.80999755859375,5.008699893951416,9.109999656677246,111592.0
2022-02-25,10.75,,5.1394,,,,3.0,7.0,108.9000015258789,79.79000091552734,5.122200012207031,9.600000381469727,113142.0
2022-02-26,10.75,,,,,,3.0,7.0,108.9000015258789,79.79000091552734,5.122200012207031,9.600000381469727,113142.0
2022-02-27,10.75,,,,,,3.0,7.0,108.9000015258789,79.79000091552734,5.122200012207031,9.600000381469727,113142.0
2022-02-28,10.75,,,,,,3.0,7.0,108.9000015258789,79.79000091552734,5.15939998626709,9.600000381469727,113142.0
2022-03-01,10.75,11.3,,76.4,-1.34,11.1,3.0,7.0,108.9000015258789,79.79000091552734,5.158400058746338,9.600000381469727,113142.0
2022-03-02,10.75,,5.1347,,,,3.0,7.0,111.0999984741211,79.97000122070312,5.158999919891357,9.65999984741211,115174.0
2022-03-03,10.75,,5.0479,,,,3.0,7.0,111.0199966430664,80.02999877929688,5.096502780914307,9.670000076293945,115166.0
2022-03-04,10.75,,5.0758,,,,3.0,7.5,110.4000015258789,79.83999633789062,5.030900001525879,9.600000381469727,114474.0
2022-03-05,10.75,,,,,,3.0,7.5,110.4000015258789,79.83999633789062,5.030900001525879,9.600000381469727,114474.0
2022-03-06,10.75,,,,,,3.0,7.5,110.4000015258789,79.83999633789062,5.030900001525879,9.600000381469727,114474.0
2022-03-07,10.75,,5.0579,,,,3.0,7.5,107.11000061035156,79.88999938964844,5.06056022644043,9.59000015258789,111593.0
2022-03-08,10.75,,5.0903,,,,3.0,7.375,107.29000091552734,79.5,5.110499858856201,9.600000381469727,111203.0
2022-03-09,10.75,,5.0094,,,,3.0,7.0,109.77999877929688,79.5,5.058800220489502,9.59000015258789,113900.0
2022-03-10,10.75,,5.0513,,,,3.0,7.0,109.4000015258789,79.5,5.011499881744385,9.569999694824219,113663.0
2022-03-11,10.75,,5.0255,,,,3.0,7.0,107.69999694824219,79.5,5.009699821472168,9.579999923706055,111713.0
2022-03-12,10.75,,,,,,3.0,7.0,107.69999694824219,79.5,5.009699821472168,9.579999923706055,111713.0
2022-03-13,10.75,,,,,,3.0,7.0,107.69999694824219,79.5,5.009699821472168,9.579999923706055,111713.0
2022-03-14,10.75,,5.0647,,,,3.0,7.0,106.04000091552734,79.5,5.073500156402588,9.5,109928.0
2022-03-15,10.75,,5.1314,,,,3.0,7.0,104.9000015258789,79.5,5.121399879455566,9.550000190734863,108959.0
2022-03-16,10.75,,5.1287,,,,3.0,7.0,107.13999938964844,79.5,5.1631999015808105,9.550000190734863,111112.0
2022-03-17,11.75,,5.0764,,,,3.0,7.0,108.83000183105469,79.5,5.0738749504089355,9.550000190734863,113076.0
2022-03-18,11.75,,5.0411,,,,3.0,7.0,110.7300033569336,79.5,5.039400100708008,9.649999618530273,115311.0
2022-03-19,11.75,,,,,,3.0,7.0,110.7300033569336,79.5,5.039400100708008,9.649999618530273,115311.0
2022-03-20,11.75,,,,,,3.0,7.0,110.7300033569336,79.5,5.039400100708008,9.649999618530273,115311.0
2022-03-21,11.75,,4.9666,,,,3.0,7.0,111.94000244140625,79.5,5.0177998542785645,9.649999618530273,116155.0
2022-03-22,11.75,,4.9208,,,,3.0,7.0,113.0999984741211,79.5,4.935200214385986,9.550000190734863,117272.0
2022-03-23,11.75,,4.8704,,,,3.0,7.0,112.9000015258789,79.5,4.909999847412109,9.600000381469727,117457.0
2022-03-24,11.75,,4.8067,,,,3.0,7.0,114.73999786376953,79.5,4.82420015335083,9.569999694824219,119053.0
2022-03-25,11.75,,4.7782,,,,3.0,7.0,114.75,79.5,4.826300144195557,9.619999885559082,119081.0
2022-03-26,11.75,,,,,,3.0,7.0,114.75,79.5,4.826300144195557,9.619999885559082,119081.0
2022-03-27,11.75,,,,,,3.0,7.0,114.75,79.5,4.826300144195557,9.619999885559082,119081.0
2022-03-28,11.75,,4.7905,,,,3.0,7.0,114.51000213623047,79.5,4.7368998527526855,9.630000114440918,118738.0
2022-03-29,11.75,,4.7486,,,,3.0,7.0,115.75,79.5,4.764100074768066,9.649999618530273,120014.0
2022-03-30,11.75,,4.7497,,,,3.0,7.0,115.9000015258789,79.5,4.756199836730957,9.699999809265137,120260.0
2022-03-31,11.75,,4.7378,,,,3.0,7.0,115.5999984741211,79.5,4.769700050354004,9.75,119999.0
2022-04-01,11.75,12.13,4.6984,76.33,-1.48,10.5,3.0,7.0,117.19999694824219,79.5,4.737800121307373,9.859999656677246,121570.0
2022-04-02,11.75,,,,,,3.0,7.0,117.19999694824219,79.5,4.737800121307373,9.859999656677246,121570.0
2022-04-03,11.75,,,,,,3.0,7.0,117.19999694824219,79.5,4.737800121307373,9.859999656677246,121570.0
2022-04-04,11.75,,4.6175,,,,3.0,7.0,116.80000305175781,79.5,4.657199859619141,9.899999618530273,121280.0
2022-04-05,11.75,,4.64,,,,3.0,7.0,114.51000213623047,79.5,4.593800067901611,9.779999732971191,118885.0
2022-04-06,11.75,,4.6967,,,,3.0,7.25,113.87000274658203,79.5,4.650700092315674,9.800000190734863,118228.0
2022-04-07,11.75,,4.7422,,,,3.0,7.5,114.6500015258789,79.5,4.715199947357178,9.970000267028809,118862.0
2022-04-08,11.75,,4.7513,,,,3.0,7.0,113.9800033569336,79.5,4.752099990844727,9.930000305175781,118322.0
2022-04-09,11.75,,,,,,3.0,7.0,113.9800033569336,79.5,4.752099990844727,9.930000305175781,118322.0
2022-04-10,11.75,,,,,,3.0,7.0,113.9800033569336,79.5,4.752099990844727,9.930000305175781,118322.0
2022-04-11,11.75,,4.7025,,,,3.0,7.0,112.56999969482422,79.5,4.6981000900268555,9.920000076293945,116953.0
2022-04-12,11.75,,4.6483,,,,3.0,7.0,111.7699966430664,79.5,4.693600177764893,9.90999984741211,116147.0
2022-04-13,11.75,,4.6811,,,,3.0,7.0,112.5199966430664,79.5,4.673099994659424,9.779999732971191,116782.0
2022-04-14,11.75,,4.7158,,,,3.0,7.0,111.6500015258789,79.5,4.690199851989746,9.84000015258789,116182.0
2022-04-15,11.75,,,,,,3.0,7.0,111.6500015258789,79.5,4.701000213623047,9.84000015258789,116182.0
2022-04-16,11.75,,,,,,3.0,7.0,111.6500015258789,79.5,4.701000213623047,9.84000015258789,116182.0
2022-04-17,11.75,,,,,,3.0,7.0,111.6500015258789,79.5,4.701000213623047,9.84000015258789,116182.0
2022-04-18,11.75,,4.6746,,,,3.0,7.0,111.45999908447266,79.5,4.7006001472473145,9.779999732971191,115687.0
2022-04-19,11.75,,4.6664,,,,3.0573,7.0,110.91999816894531,79.5,4.6519999504089355,9.8100004196167,115057.0
2022-04-20,11.75,,4.6397,,,,3.0,7.0,110.05000305175781,79.5,4.664999961853027,9.850000381469727,114344.0
2022-04-21,11.75,,,,,,3.0,7.0,110.05000305175781,79.5,4.620800018310547,9.850000381469727,114344.0
2022-04-22,11.75,,4.7326,,,,3.0,7.0,106.75,79.5,4.620800018310547,9.850000381469727,111078.0
2022-04-23,11.75,,,,,,3.0,7.0,106.75,79.5,4.620800018310547,9.850000381469727,111078.0
2022-04-24,11.75,,,,,,3.0,7.0,106.75,79.5,4.620800018310547,9.850000381469727,111078.0
2022-04-25,11.75,,4.8818,,,,3.0,7.0,106.76000213623047,79.5,4.795199871063232,9.850000381469727,110685.0
2022-04-26,11.75,,4.9666,,,,3.0,7.0,104.27999877929688,79.5,4.876200199127197,9.8100004196167,108213.0
2022-04-27,11.75,,5.0167,,,,3.0,7.125,105.5199966430664,79.5,4.997799873352051,9.8100004196167,109349.0
2022-04-28,11.75,,5.011,,,,3.0,7.0,105.86000061035156,79.5,4.963600158691406,9.710000038146973,109919.0
2022-04-29,11.75,,4.9191,,,,3.0,7.0,103.4000015258789,79.5,4.93779993057251,9.760000228881836,107876.0
2022-04-30,11.75,,,,,,3.0,7.0,103.4000015258789,79.5,4.93779993057251,9.760000228881836,107876.0
2022-05-01,11.75,11.73,,75.68,-1.28,9.8,3.0,7.0,103.4000015258789,79.5,4.93779993057251,9.760000228881836,107876.0
2022-05-02,11.75,,5.0266,,,,3.0,7.0,102.72000122070312,79.5,4.97130012512207,9.699999809265137,106639.0
2022-05-03,11.75,,5.0167,,,,3.0,7.0,102.72000122070312,79.5,5.084700107574463,9.829999923706055,106528.0
2022-05-04,11.75,,5.0093,,,,3.0,7.0,104.37999725341797,79.5,4.958099842071533,9.8100004196167,108344.0
2022-05-05,12.75,,5.0051,,,,3.0,7.0,101.5,79.5,4.918799877166748,9.979999542236328,105304.0
2022-05-06,12.75,,5.075,,,,3.0,7.0,101.2300033569336,79.5,5.0279998779296875,9.800000190734863,105135.0
2022-05-07,12.75,,,,,,3.0,7.0,101.2300033569336,79.5,5.0279998779296875,9.800000190734863,105135.0
2022-05-08,12.75,,,,,,3.0,7.0,101.2300033569336,79.5,5.0279998779296875,9.800000190734863,105135.0
2022-05-09,12.75,,5.134,,,,3.0,7.0,99.68000030517578,79.5,5.080399990081787,9.75,103250.0
2022-05-10,12.75,,5.139,,,,3.0,7.0,99.23999786376953,79.5,5.160900115966797,9.75,103110.0
2022-05-11,12.75,,5.1244,,,,3.0,7.0,100.63999938964844,79.5,5.13129997253418,9.729999542236328,104397.0
2022-05-12,12.75,,5.1482,,,,3.0,7.0,102.04000091552734,79.5,5.134252071380615,9.680000305175781,105688.0
2022-05-13,12.75,,5.1075,,,,3.0,7.0,103.29000091552734,79.5,5.133399963378906,9.649999618530273,106924.0
2022-05-14,12.75,,,,,,3.0,7.0,103.29000091552734,79.5,5.133399963378906,9.649999618530273,106924.0
2022-05-15,12.75,,,,,,3.0,7.0,103.29000091552734,79.5,5.133399963378906,9.649999618530273,106924.0
2022-05-16,12.75,,5.0666,,,,3.0,7.0,104.4000015258789,79.5,5.058300018310547,9.670000076293945,108233.0
2022-05-17,12.75,,4.9676,,,,3.0,7.0,104.9000015258789,79.5,5.059700012207031,9.979999542236328,108789.0
2022-05-18,12.75,,4.9592,,,,3.0,7.0,102.20999908447266,79.5,4.9380998611450195,9.6899995803833,106247.0
2022-05-19,12.75,,4.9198,,,,3.0,7.5,103.08000183105469,79.5,4.96750020980835,9.670000076293945,107005.0
2022-05-20,12.75,,4.8777,,,,3.0,7.5,104.66000366210938,79.5,4.929999828338623,9.65999984741211,108488.0
2022-05-21,12.75,,,,,,3.0,7.5,104.66000366210938,79.5,4.929999828338623,9.65999984741211,108488.0
2022-05-22,12.75,,,,,,3.0,7.5,104.66000366210938,79.5,4.929999828338623,9.65999984741211,108488.0
2022-05-23,12.75,,4.7973,,,,3.0,7.375,106.76000213623047,79.5,4.880199909210205,9.720000267028809,110346.0
2022-05-24,12.75,,4.8106,,,,3.0,7.5,106.63999938964844,79.5,4.813499927520752,9.729999542236328,110581.0
2022-05-25,12.75,,4.8359,,,,3.0,7.0,106.66000366210938,79.5,4.817800045013428,9.760000228881836,110580.0
2022-05-26,12.75,,4.7967,,,,3.0,7.5,108.0199966430664,79.5,4.822800159454346,9.770000457763672,111890.0
2022-05-27,12.75,,4.7434,,,,3.0,7.0,107.9000015258789,79.5,4.768199920654297,9.789999961853027,111942.0
2022-05-28,12.75,,,,,,3.0,7.0,107.9000015258789,79.5,4.768199920654297,9.789999961853027,111942.0
2022-05-29,12.75,,,,,,3.0,7.0,107.9000015258789,79.5,4.768199920654297,9.789999961853027,111942.0
2022-05-30,12.75,,4.7216,,,,3.24,7.5,106.91999816894531,79.5,4.729599952697754,9.930000305175781,111032.0
2022-05-31,12.75,,4.7289,,,,3.22,7.5,107.18000030517578,79.5,4.752399921417236,9.920000076293945,111351.0
2022-06-01,12.75,11.89,4.7765,75.61,-2.11,9.3,3.1,7.5,107.47000122070312,79.5,4.730400085449219,9.890000343322754,111360.0
2022-06-02,12.75,,4.7879,,,,3.2,7.5,108.43000030517578,79.5,4.815499782562256,9.90999984741211,112393.0
2022-06-03,12.75,,4.7956,,,,3.0,7.0,107.4800033569336,79.5,4.7957000732421875,9.899999618530273,111102.0
2022-06-04,12.75,,,,,,3.0,7.0,107.4800033569336,79.5,4.7957000732421875,9.899999618530273,111102.0
2022-06-05,12.75,,,,,,3.0,7.0,107.4800033569336,79.5,4.7957000732421875,9.899999618530273,111102.0
2022-06-06,12.75,,4.7839,,,,3.0,7.5,106.41999816894531,79.5,4.775000095367432,9.9399995803833,110186.0
2022-06-07,12.75,,4.8909,,,,3.1,7.0,106.1500015258789,79.5,4.7941999435424805,9.890000343322754,110070.0
2022-06-08,12.75,,4.8711,,,,3.0,7.5,104.5999984741211,79.5,4.867526054382324,9.90999984741211,108368.0
2022-06-09,12.75,,4.8951,,,,3.0,7.25,103.68000030517578,79.5,4.898099899291992,9.869999885559082,107094.0
2022-06-10,12.75,,4.9836,,,,3.0,7.5,101.81999969482422,79.5,4.903299808502197,9.869999885559082,105481.0
2022-06-11,12.75,,,,,,3.0,7.5,101.81999969482422,79.5,4.903299808502197,9.869999885559082,105481.0
2022-06-12,12.75,,,,,,3.0,7.5,101.81999969482422,79.5,4.903299808502197,9.869999885559082,105481.0
2022-06-13,12.75,,5.1033,,,,3.0,7.5,99.12000274658203,79.5,4.984000205993652,9.789999961853027,102598.0
2022-06-14,12.75,,5.1203,,,,3.0,7.5,98.36000061035156,79.5,5.113399982452393,9.800000190734863,102063.0
2022-06-15,12.75,,5.1119,,,,3.0,7.5,99.37999725341797,79.5,5.116099834442139,9.800000190734863,102807.0
2022-06-16,13.25,,,,,,3.0,7.5,99.37999725341797,79.5,5.052000045776367,9.800000190734863,102807.0
2022-06-17,13.25,,5.1313,,,,3.0,7.375,96.20999908447266,79.5,5.052199840545654,9.850000381469727,99825.0
2022-06-18,13.25,,,,,,3.0,7.375,96.20999908447266,79.5,5.052199840545654,9.850000381469727,99825.0
2022-06-19,13.25,,,,,,3.0,7.375,96.20999908447266,79.5,5.052199840545654,9.850000381469727,99825.0
2022-06-20,13.25,,5.1641,,,,3.0,7.0,96.29000091552734,79.5,5.152100086212158,9.850000381469727,99853.0
2022-06-21,13.25,,5.1462,,,,3.0,7.25,96.4000015258789,79.5,5.18720006942749,9.800000190734863,99685.0
2022-06-22,13.25,,5.1509,,,,3.0,7.5,96.02999877929688,79.5,5.122799873352051,9.819999694824219,99522.0
2022-06-23,13.25,,5.1833,,,,3.0,7.125,94.66000366210938,79.5,5.193600177764893,9.880000114440918,98080.0
2022-06-24,13.25,,5.2334,,,,3.0,7.5,95.47000122070312,79.5,5.23799991607666,9.800000190734863,98672.0
2022-06-25,13.25,,,,,,3.0,7.5,95.47000122070312,79.5,5.23799991607666,9.800000190734863,98672.0
2022-06-26,13.25,,,,,,3.0,7.5,95.47000122070312,79.5,5.23799991607666,9.800000190734863,98672.0
2022-06-27,13.25,,5.2214,,,,3.0,7.5,97.3499984741211,79.5,5.241399765014648,9.84000015258789,100764.0
2022-06-28,13.25,,5.2179,,,,3.0,7.5,97.05000305175781,79.5,5.236800193786621,9.930000305175781,100591.0
2022-06-29,13.25,,5.2268,,,,3.0,7.5,96.0,79.5,5.266600131988525,9.949999809265137,99622.0
2022-06-30,13.25,,5.238,,,,3.0,7.5,95.0,79.5,5.1809000968933105,9.979999542236328,98542.0
2022-07-01,13.25,10.07,5.3142,75.24,-2.4,9.1,3.0,7.625,95.62999725341797,79.5,5.251999855041504,9.930000305175781,98954.0
2022-07-02,13.25,,,,,,3.0,7.625,95.62999725341797,79.5,5.251999855041504,9.930000305175781,98954.0
2022-07-03,13.25,,,,,,3.0,7.625,95.62999725341797,79.5,5.251999855041504,9.930000305175781,98954.0
2022-07-04,13.25,,5.3038,,,,3.0,7.5,95.19999694824219,79.5,5.330999851226807,9.920000076293945,98609.0
2022-07-05,13.25,,5.3899,,,,3.0,7.5,94.80000305175781,79.5,5.3282999992370605,9.729999542236328,98295.0
2022-07-06,13.25,,5.4321,,,,3.26,7.5,95.41999816894531,79.5,5.385200023651123,9.760000228881836,98719.0
2022-07-07,13.25,,5.364,,,,3.25,7.5,97.37999725341797,79.5,5.427999973297119,9.9399995803833,100730.0
2022-07-08,13.25,,5.3086,,,,3.1001,7.5,96.87999725341797,79.5,5.338200092315674,9.979999542236328,100289.0
2022-07-09,13.25,,,,,,3.1001,7.5,96.87999725341797,79.5,5.338200092315674,9.979999542236328,100289.0
2022-07-10,13.25,,,,,,3.1001,7.5,96.87999725341797,79.5,5.338200092315674,9.979999542236328,100289.0
2022-07-11,13.25,,5.3477,,,,3.0,7.5,94.80000305175781,79.5,5.254000186920166,9.899999618530273,98212.0
2022-07-12,13.25,,5.412,,,,3.0,7.5,94.9000015258789,79.5,5.377200126647949,9.779999732971191,98271.0
2022-07-13,13.25,,5.3992,,,,3.0,7.5,94.51000213623047,79.5,5.436500072479248,9.800000190734863,97881.0
2022-07-14,13.25,,5.4568,,,,3.0001,7.5,92.55000305175781,79.5,5.390900135040283,9.800000190734863,96121.0
2022-07-15,13.25,,5.4014,,,,3.04,7.5,93.2699966430664,79.5,5.422800064086914,9.739999771118164,96551.0
2022-07-16,13.25,,,,,,3.04,7.5,93.2699966430664,79.5,5.422800064086914,9.739999771118164,96551.0
2022-07-17,13.25,,,,,,3.04,7.5,93.2699966430664,79.5,5.422800064086914,9.739999771118164,96551.0
2022-07-18,13.25,,5.3675,,,,3.0101,7.125,93.37000274658203,79.5,5.410099983215332,9.75,96916.0
2022-07-19,13.25,,5.3904,,,,3.0,7.0,94.69999694824219,79.5,5.436800003051758,9.710000038146973,98245.0
2022-07-20,13.25,,5.4288,,,,3.0,7.25,94.94999694824219,79.5,5.413099765777588,9.800000190734863,98287.0
2022-07-21,13.25,,5.475,,,,3.0,7.5,95.3499984741211,79.5,5.470200061798096,9.850000381469727,99033.0
2022-07-22,13.25,,5.4522,,,,3.0,7.5,95.41999816894531,79.5,5.497799873352051,9.800000190734863,98925.0
2022-07-23,13.25,,,,,,3.0,7.5,95.41999816894531,79.5,5.497799873352051,9.800000190734863,98925.0
2022-07-24,13.25,,,,,,3.0,7.5,95.41999816894531,79.5,5.497799873352051,9.800000190734863,98925.0
2022-07-25,13.25,,5.4144,,,,3.0,7.5,96.75,79.5,5.496699810028076,9.75,100270.0
2022-07-26,13.25,,5.3608,,,,3.0,7.5,96.1500015258789,79.5,5.356299877166748,9.729999542236328,99772.0
2022-07-27,13.25,,5.3074,,,,3.0,7.5,97.83000183105469,79.5,5.350100040435791,9.770000457763672,101438.0
2022-07-28,13.25,,5.2149,,,,3.0,7.5,99.0999984741211,79.5,5.243000030517578,9.84000015258789,102597.0
2022-07-29,13.25,,5.1884,,,,3.0,7.5,99.30000305175781,79.5,5.182700157165527,9.9399995803833,103165.0
2022-07-30,13.25,,,,,,3.0,7.5,99.30000305175781,79.5,5.182700157165527,9.9399995803833,103165.0
2022-07-31,13.25,,,,,,3.0,7.5,99.30000305175781,79.5,5.182700157165527,9.9399995803833,103165.0
2022-08-01,13.25,8.73,5.1606,74.57,-1.89,8.9,3.0,7.5,98.55999755859375,79.5,5.171199798583984,9.880000114440918,102225.0
2022-08-02,13.25,,5.2329,,,,3.0,7.5,99.52999877929688,79.5,5.184000015258789,9.899999618530273,103362.0
2022-08-03,13.25,,5.2846,,,,3.0,7.5,100.19999694824219,79.5,5.277699947357178,9.9399995803833,103775.0
2022-08-04,13.75,,5.2409,,,,3.0,7.5,102.4800033569336,79.5,5.282700061798096,9.899999618530273,105892.0
2022-08-05,13.75,,5.2165,,,,3.0,7.5,102.73999786376953,79.5,5.211100101470947,9.899999618530273,106472.0
2022-08-06,13.75,,,,,,3.0,7.5,102.73999786376953,79.5,5.211100101470947,9.899999618530273,106472.0
2022-08-07,13.75,,,,,,3.0,7.5,102.73999786376953,79.5,5.211100101470947,9.899999618530273,106472.0
2022-08-08,13.75,,5.1247,,,,3.0,7.5,104.80000305175781,79.5,5.164599895477295,9.949999809265137,108402.0
2022-08-09,13.75,,5.1224,,,,3.0,7.5,105.05000305175781,79.5,5.110099792480469,9.920000076293945,108651.0
2022-08-10,13.75,,5.0497,,,,3.0,7.5,106.55999755859375,79.5,5.123700141906738,9.920000076293945,110236.0
2022-08-11,13.75,,5.1127,,,,3.0,7.5,105.87999725341797,79.5,5.093699932098389,9.979999542236328,109718.0
2022-08-12,13.75,,5.1023,,,,3.0,7.5,108.63999938964844,79.5,5.1570000648498535,10.09000015258789,112764.0
2022-08-13,13.75,,,,,,3.0,7.5,108.63999938964844,79.5,5.1570000648498535,10.09000015258789,112764.0
2022-08-14,13.75,,,,,,3.0,7.5,108.63999938964844,79.5,5.1570000648498535,10.09000015258789,112764.0
2022-08-15,13.75,,5.0925,,,,3.0,7.5,108.97000122070312,79.5,5.074900150299072,10.260000228881836,113032.0
2022-08-16,13.75,,5.134,,,,3.0,7.5,109.76000213623047,79.5,5.095600128173828,10.170000076293945,113512.0
2022-08-17,13.75,,5.1784,,,,3.0,7.5,109.98999786376953,79.5,5.1417388916015625,10.239999771118164,113708.0
2022-08-18,13.75,,5.1773,,,,3.0,7.5,109.94000244140625,79.5,5.164999961853027,10.25,113813.0
2022-08-19,13.75,,5.1961,,,,3.0,7.5,107.52999877929688,79.5,5.166999816894531,10.300000190734863,111496.0
2022-08-20,13.75,,,,,,3.0,7.5,107.52999877929688,79.5,5.166999816894531,10.300000190734863,111496.0
2022-08-21,13.75,,,,,,3.0,7.5,107.52999877929688,79.5,5.166999816894531,10.300000190734863,111496.0
2022-08-22,13.75,,5.1709,,,,3.0,7.5,106.7300033569336,79.5,5.168399810791016,10.329999923706055,110501.0
2022-08-23,13.75,,5.103,,,,3.0,7.5,109.0999984741211,79.5,5.156099796295166,10.300000190734863,112857.0
2022-08-24,13.75,,5.105,,,,3.0,7.5,109.18000030517578,79.5,5.103499889373779,10.300000190734863,112898.0
2022-08-25,13.75,,5.1173,,,,3.0,7.5,109.5999984741211,79.5,5.110099792480469,10.270000457763672,113532.0
2022-08-26,13.75,,5.0903,,,,3.0,7.5,108.36000061035156,79.5,5.108699798583984,10.229999542236328,112299.0
2022-08-27,13.75,,,,,,3.0,7.5,108.36000061035156,79.5,5.108699798583984,10.229999542236328,112299.0
2022-08-28,13.75,,,,,,3.0,7.5,108.36000061035156,79.5,5.108699798583984,10.229999542236328,112299.0
2022-08-29,13.75,,5.0428,,,,3.0,7.5,108.4000015258789,79.5,5.0625,10.359999656677246,112323.0
2022-08-30,13.75,,5.0617,,,,3.22,7.5,106.4000015258789,79.5,5.027200222015381,10.399999618530273,110431.0
2022-08-31,13.75,,5.179,,,,3.22,7.5,105.83000183105469,79.5,5.1219000816345215,10.470000267028809,109523.0
2022-09-01,13.75,7.17,5.2007,74.15,-1.85,8.7,3.155,7.5,106.58999633789062,79.5,5.181700229644775,10.380000114440918,110405.0
2022-09-02,13.75,,5.1878,,,,3.0001,7.5,107.08999633789062,79.5,5.2403998374938965,10.489999771118164,110864.0
2022-09-03,13.75,,,,,,3.0001,7.5,107.08999633789062,79.5,5.2403998374938965,10.489999771118164,110864.0
2022-09-04,13.75,,,,,,3.0001,7.5,107.08999633789062,79.5,5.2403998374938965,10.489999771118164,110864.0
2022-09-05,13.75,,5.1686,,,,3.0207,7.5,108.44999694824219,79.5,5.171000003814697,10.460000038146973,112203.0
2022-09-06,13.75,,5.2228,,,,3.0001,7.5,105.94999694824219,79.5,5.153900146484375,10.449999809265137,109764.0
2022-09-07,13.75,,,,,,3.0001,7.5,105.94999694824219,79.5,5.247200012207031,10.449999809265137,109764.0
2022-09-08,13.75,,5.2155,,,,3.0,7.5,106.18000030517578,79.5,5.246699810028076,10.399999618530273,109916.0
2022-09-09,13.75,,5.1633,,,,3.0,7.5,108.4000015258789,79.5,5.2133002281188965,10.430000305175781,112300.0
2022-09-10,13.75,,,,,,3.0,7.5,108.4000015258789,79.5,5.2133002281188965,10.430000305175781,112300.0
2022-09-11,13.75,,,,,,3.0,7.5,108.4000015258789,79.5,5.2133002281188965,10.430000305175781,112300.0
2022-09-12,13.75,,5.1183,,,,3.0,7.5,109.44000244140625,79.5,5.146299839019775,10.65999984741211,113407.0
2022-09-13,13.75,,5.1794,,,,3.0,7.5,106.9800033569336,79.5,5.0920000076293945,10.5600004196167,110794.0
2022-09-14,13.75,,5.1774,,,,3.0001,7.5,106.75,79.5,5.189799785614014,10.529999732971191,110547.0
2022-09-15,13.75,,5.2211,,,,3.0,7.5,106.11000061035156,79.5,5.162700176239014,10.5,109954.0
2022-09-16,13.75,,5.2882,,,,3.0,7.5,105.5999984741211,79.5,5.246099948883057,10.4399995803833,109280.0
2022-09-17,13.75,,,,,,3.0,7.5,105.5999984741211,79.5,5.246099948883057,10.4399995803833,109280.0
2022-09-18,13.75,,,,,,3.0,7.5,105.5999984741211,79.5,5.246099948883057,10.4399995803833,109280.0
2022-09-19,13.75,,5.2367,,,,3.0,7.5,108.22000122070312,79.5,5.250699996948242,10.4399995803833,111824.0
2022-09-20,13.75,,5.1705,,,,3.0,7.5,108.8499984741211,79.5,5.170899868011475,10.510000228881836,112517.0
2022-09-21,13.75,,5.1692,,,,3.0,7.5,108.16000366210938,79.5,5.141499996185303,10.4399995803833,111936.0
2022-09-22,13.75,,5.1677,,,,3.0,7.5,110.12999725341797,79.5,5.170400142669678,10.520000457763672,114070.0
2022-09-23,13.75,,5.2257,,,,3.0,7.5,107.83999633789062,79.5,5.115499973297119,10.510000228881836,111716.0
2022-09-24,13.75,,,,,,3.0,7.5,107.83999633789062,79.5,5.115499973297119,10.510000228881836,111716.0
2022-09-25,13.75,,,,,,3.0,7.5,107.83999633789062,79.5,5.115499973297119,10.510000228881836,111716.0
2022-09-26,13.75,,5.3548,,,,3.0,7.5,105.12999725341797,79.5,5.258800029754639,10.5,109114.0
2022-09-27,13.75,,5.3508,,,,3.0,7.5,104.68000030517578,79.5,5.389400005340576,10.449999809265137,108376.0
2022-09-28,13.75,,5.3594,,,,3.0,7.5,104.81999969482422,79.5,5.3780999183654785,10.5,108451.0
2022-09-29,13.75,,5.3916,,,,3.0,7.5,103.80000305175781,79.5,5.374199867248535,10.399999618530273,107664.0
2022-09-30,13.75,,5.4066,,,,3.0,8.0,106.45999908447266,79.5,5.396200180053711,10.460000038146973,110037.0
2022-10-01,13.75,6.47,,73.7,-1.75,8.3,3.0,8.0,106.45999908447266,79.5,5.396200180053711,10.460000038146973,110037.0
2022-10-02,13.75,,,,,,3.0,8.0,106.45999908447266,79.5,5.396200180053711,10.460000038146973,110037.0
2022-10-03,13.75,,5.2002,,,,3.0,8.0,112.4000015258789,79.5,5.414299964904785,10.550000190734863,116134.0
2022-10-04,13.75,,5.1411,,,,3.0,8.0,112.3499984741211,79.5,5.16349983215332,10.550000190734863,116230.0
2022-10-05,13.75,,5.2144,,,,3.0,7.5,113.31999969482422,79.5,5.17579984664917,10.510000228881836,117198.0
2022-10-06,13.75,,5.2009,,,,3.0,8.0,113.47000122070312,79.5,5.195199966430664,10.550000190734863,117561.0
2022-10-07,13.75,,5.2221,,,,3.0606,7.75,112.77999877929688,79.5,5.220099925994873,10.539999961853027,116375.0
2022-10-08,13.75,,,,,,3.0606,7.75,112.77999877929688,79.5,5.220099925994873,10.539999961853027,116375.0
2022-10-09,13.75,,,,,,3.0606,7.75,112.77999877929688,79.5,5.220099925994873,10.539999961853027,116375.0
2022-10-10,13.75,,5.1941,,,,3.0,7.5,112.08000183105469,79.5,5.198400020599365,10.529999732971191,115941.0
2022-10-11,13.75,,5.2068,,,,3.0606,7.5,110.88999938964844,79.5,5.186800003051758,10.5,114827.0
2022-10-12,13.75,,,,,,3.0606,7.5,110.88999938964844,79.5,5.292099952697754,10.5,114827.0
2022-10-13,13.75,,5.3017,,,,3.0,7.5,110.26000213623047,79.5,5.291500091552734,10.489999771118164,114300.0
2022-10-14,13.75,,5.2824,,,,3.0412,7.5,108.22000122070312,79.5,5.259799957275391,10.489999771118164,112072.0
2022-10-15,13.75,,,,,,3.0412,7.5,108.22000122070312,79.5,5.259799957275391,10.489999771118164,112072.0
2022-10-16,13.75,,,,,,3.0412,7.5,108.22000122070312,79.5,5.259799957275391,10.489999771118164,112072.0
2022-10-17,13.75,,5.2713,,,,3.0,7.625,109.9000015258789,79.5,5.327400207519531,10.489999771118164,113624.0
2022-10-18,13.75,,5.2697,,,,3.0,7.875,111.94000244140625,79.5,5.2773590087890625,10.449999809265137,115743.0
2022-10-19,13.75,,5.2808,,,,3.0001,7.5,112.3499984741211,79.5,5.239799976348877,10.510000228881836,116274.0
2022-10-20,13.75,,5.2176,,,,3.0,7.5,112.9000015258789,79.5,5.269199848175049,10.510000228881836,117171.0
2022-10-21,13.75,,5.1919,,,,3.0,7.5,116.43000030517578,79.5,5.216599941253662,10.520000457763672,119929.0
2022-10-22,13.75,,,,,,3.0,7.5,116.43000030517578,79.5,5.216599941253662,10.520000457763672,119929.0
2022-10-23,13.75,,,,,,3.0,7.5,116.43000030517578,79.5,5.216599941253662,10.520000457763672,119929.0
2022-10-24,13.75,,5.2744,,,,3.0,7.5,112.13999938964844,79.5,5.163400173187256,10.510000228881836,116013.0
2022-10-25,13.75,,5.3091,,,,3.0,7.5,110.4800033569336,79.5,5.30620002746582,10.4399995803833,114626.0
2022-10-26,13.75,,5.3248,,,,3.0,7.625,108.77999877929688,79.5,5.315199851989746,10.5,112764.0
2022-10-27,13.75,,5.3003,,,,3.0,7.75,110.0,79.5,5.383900165557861,10.510000228881836,114641.0
2022-10-28,13.75,,5.3454,,,,3.0412,7.75,113.0,79.5,5.339200019836426,10.550000190734863,114539.0
2022-10-29,13.75,,,,,,3.0412,7.75,113.0,79.5,5.339200019836426,10.550000190734863,114539.0
2022-10-30,13.75,,,,,,3.0412,7.75,113.0,79.5,5.339200019836426,10.550000190734863,114539.0
2022-10-31,13.75,,5.257,,,,3.0,7.625,112.1500015258789,79.5,5.28849983215332,10.5,116037.0
2022-11-01,13.75,5.9,5.15,72.95,-1.38,8.1,3.0,8.0,112.80999755859375,79.5,5.178800106048584,10.510000228881836,116929.0
2022-11-02,13.75,,,,,,3.0,8.0,112.80999755859375,79.5,5.142399787902832,10.510000228881836,116929.0
2022-11-03,13.75,,5.1349,,,,3.0,8.0,113.0999984741211,79.5,5.142600059509277,10.489999771118164,116896.0
2022-11-04,13.75,,5.036,,,,3.0,7.875,114.0,79.5,5.1149001121521,10.529999732971191,118155.0
2022-11-05,13.75,,,,,,3.0,7.875,114.0,79.5,5.1149001121521,10.529999732971191,118155.0
2022-11-06,13.75,,,,,,3.0,7.875,114.0,79.5,5.1149001121521,10.529999732971191,118155.0
2022-11-07,13.75,,5.0886,,,,3.0,8.0,111.22000122070312,79.5,5.078132152557373,10.489999771118164,115342.0
2022-11-08,13.75,,5.1744,,,,3.0,7.75,112.30000305175781,79.5,5.153326988220215,10.479999542236328,116160.0
2022-11-09,13.75,,5.1629,,,,3.0,7.75,109.75,79.5,5.14300012588501,10.399999618530273,113580.0
2022-11-10,13.75,,5.3064,,,,3.0,8.0,106.0999984741211,79.5,5.185200214385986,10.369999885559082,109775.0
2022-11-11,13.75,,5.3051,,,,3.0,7.875,108.55000305175781,79.5,5.341579914093018,10.239999771118164,112253.0
2022-11-12,13.75,,,,,,3.0,7.875,108.55000305175781,79.5,5.341579914093018,10.239999771118164,112253.0
2022-11-13,13.75,,,,,,3.0,7.875,108.55000305175781,79.5,5.341579914093018,10.239999771118164,112253.0
2022-11-14,13.75,,5.3013,,,,3.0001,8.0,109.23999786376953,79.5,5.279058933258057,10.270000457763672,113161.0
2022-11-15,13.75,,,,,,3.0001,8.0,109.23999786376953,79.5,5.331200122833252,10.270000457763672,113161.0
2022-11-16,13.75,,5.3204,,,,3.0001,8.0,106.04000091552734,79.5,5.331699848175049,10.220000267028809,110243.0
2022-11-17,13.75,,5.4655,,,,3.0001,8.0,105.69000244140625,79.5,5.39900016784668,10.050000190734863,109703.0
2022-11-18,13.75,,5.3477,,,,3.0,8.0,104.8499984741211,79.5,5.422100067138672,10.130000114440918,108880.0
2022-11-19,13.75,,,,,,3.0,8.0,104.8499984741211,79.5,5.422100067138672,10.130000114440918,108880.0
2022-11-20,13.75,,,,,,3.0,8.0,104.8499984741211,79.5,5.422100067138672,10.130000114440918,108880.0
2022-11-21,13.75,,5.3259,,,,3.0001,8.0,106.08000183105469,79.5,5.38129997253418,9.979999542236328,109748.0
2022-11-22,13.75,,5.3339,,,,3.0,8.0,105.06999969482422,79.5,5.318600177764893,10.100000381469727,109037.0
2022-11-23,13.75,,5.393,,,,3.0,8.0,105.23999786376953,79.5,5.357699871063232,9.949999809265137,108683.0
2022-11-24,13.75,,5.3149,,,,3.0,8.0,108.19999694824219,79.5,5.35830020904541,9.970000267028809,111831.0
2022-11-25,13.75,,5.3508,,,,3.0,8.0,105.06999969482422,79.5,5.320000171661377,10.039999961853027,108977.0
2022-11-26,13.75,,,,,,3.0,8.0,105.06999969482422,79.5,5.320000171661377,10.039999961853027,108977.0
2022-11-27,13.75,,,,,,3.0,8.0,105.06999969482422,79.5,5.320000171661377,10.039999961853027,108977.0
2022-11-28,13.75,,5.3796,,,,3.0,8.0,105.1500015258789,79.5,5.4085001945495605,9.989999771118164,108782.0
2022-11-29,13.75,,5.3076,,,,3.0,8.0,107.29000091552734,79.5,5.364699840545654,10.050000190734863,110910.0
2022-11-30,13.75,,5.2941,,,,3.0,8.0,108.58000183105469,79.5,5.268199920654297,10.079999923706055,112486.0
2022-12-01,13.75,5.79,5.1948,71.68,-1.25,7.9,3.0,8.0,107.05999755859375,79.5,5.181589126586914,10.050000190734863,110926.0
2022-12-02,13.75,,5.1974,,,,3.0,8.0,107.94999694824219,79.5,5.183599948883057,10.220000267028809,111924.0
2022-12-03,13.75,,,,,,3.0,8.0,107.94999694824219,79.5,5.183599948883057,10.220000267028809,111924.0
2022-12-04,13.75,,,,,,3.0,8.0,107.94999694824219,79.5,5.183599948883057,10.220000267028809,111924.0
2022-12-05,13.75,,5.2464,,,,3.0,8.0,105.62999725341797,79.5,5.2179999351501465,10.149999618530273,109401.0
2022-12-06,13.75,,5.2396,,,,3.0,8.0,106.73999786376953,79.5,5.28000020980835,10.170000076293945,109533.0
2022-12-07,13.75,,5.2208,,,,3.0,8.0,105.58999633789062,79.5,5.234000205993652,10.140000343322754,109361.0
2022-12-08,13.75,,5.2091,,,,3.0,8.0,103.56999969482422,79.5,5.203999996185303,10.109999656677246,107245.0
2022-12-09,13.75,,5.2396,,,,3.0,8.0,103.9000015258789,79.5,5.224299907684326,10.09000015258789,107689.0
2022-12-10,13.75,,,,,,3.0,8.0,103.9000015258789,79.5,5.224299907684326,10.09000015258789,107689.0
2022-12-11,13.75,,,,,,3.0,8.0,103.9000015258789,79.5,5.224299907684326,10.09000015258789,107689.0
2022-12-12,13.75,,5.3066,,,,3.0,8.0,101.80000305175781,79.5,5.235000133514404,10.0600004196167,105264.0
2022-12-13,13.75,,5.2669,,,,3.0,8.0,100.30000305175781,79.5,5.321300029754639,9.960000038146973,103892.0
2022-12-14,13.75,,5.3406,,,,3.0412,8.0,100.69999694824219,79.5,5.292799949645996,9.869999885559082,103803.0
2022-12-15,13.75,,5.3183,,,,3.0412,8.0,100.5,79.5,5.277200222015381,9.789999961853027,103738.0
2022-12-16,13.75,,5.2806,,,,3.0,8.0,99.4000015258789,79.5,5.311800003051758,9.779999732971191,102825.0
2022-12-17,13.75,,,,,,3.0,8.0,99.4000015258789,79.5,5.311800003051758,9.779999732971191,102825.0
2022-12-18,13.75,,,,,,3.0,8.0,99.4000015258789,79.5,5.311800003051758,9.779999732971191,102825.0
2022-12-19,13.75,,5.316,,,,3.0,8.0,101.37000274658203,79.5,5.306509017944336,9.720000267028809,104530.0
2022-12-20,13.75,,5.2427,,,,3.0,8.0,103.55000305175781,79.5,5.291600227355957,9.770000457763672,106979.0
2022-12-21,13.75,,5.2031,,,,3.0,8.0,103.87000274658203,79.5,5.198400020599365,9.859999656677246,107313.0
2022-12-22,13.75,,5.1871,,,,3.0,8.0,103.93000030517578,79.5,5.199900150299072,9.869999885559082,107317.0
2022-12-23,13.75,,5.1445,,,,3.01,8.0,106.0,79.5,5.165599822998047,9.949999809265137,109698.0
2022-12-24,13.75,,,,,,3.01,8.0,106.0,79.5,5.165599822998047,9.949999809265137,109698.0
2022-12-25,13.75,,,,,,3.01,8.0,106.0,79.5,5.165599822998047,9.949999809265137,109698.0
2022-12-26,13.75,,5.1872,,,,3.0256,8.0,105.1500015258789,79.5,5.164299964904785,9.949999809265137,108738.0
2022-12-27,13.75,,5.2832,,,,3.0051,8.0,104.9000015258789,79.5,5.21750020980835,9.979999542236328,108347.0
2022-12-28,13.75,,5.2736,,,,3.0412,8.0,106.80000305175781,79.5,5.292300224304199,10.050000190734863,110237.0
2022-12-29,13.75,,5.2177,,,,3.225,8.0,105.94999694824219,79.5,5.2667999267578125,10.09000015258789,110031.0
2022-12-30,13.75,,5.2177,,,,3.5,8.0,105.94999694824219,79.5,5.284599781036377,10.09000015258789,110031.0
2022-12-31,13.75,,,,,,3.5,8.0,105.94999694824219,79.5,5.284599781036377,10.09000015258789,110031.0
2023-01-01,13.75,5.77,,71.38,-1.21,8.4,3.5,8.0,105.94999694824219,79.5,5.284599781036377,10.09000015258789,110031.0
2023-01-02,13.75,,5.3436,,,,3.5,8.0,102.62999725341797,79.5,5.2855000495910645,10.069999694824219,106376.0
2023-01-03,13.75,,5.3759,,,,3.25,8.0,100.4800033569336,79.5,5.360130786895752,10.029999732971191,104166.0
2023-01-04,13.75,,5.4459,,,,3.2,8.0,101.91999816894531,79.5,5.478499889373779,10.050000190734863,105334.0
2023-01-05,13.75,,5.4026,,,,3.2,8.0,104.2699966430664,79.5,5.430099964141846,10.0600004196167,107518.0
2023-01-06,13.75,,5.2855,,,,3.2,8.0,105.5,79.5,5.349800109863281,10.050000190734863,108836.0
2023-01-07,13.75,,,,,,3.2,8.0,105.5,79.5,5.349800109863281,10.050000190734863,108836.0
2023-01-08,13.75,,,,,,3.2,8.0,105.5,79.5,5.349800109863281,10.050000190734863,108836.0
2023-01-09,13.75,,5.2967,,,,3.245,8.0,105.3499984741211,79.5,5.224400043487549,10.0,109227.0
2023-01-10,13.75,,5.2395,,,,3.245,8.0,107.18000030517578,79.5,5.253699779510498,10.020000457763672,110912.0
2023-01-11,13.75,,5.202,,,,3.2,8.0,109.0999984741211,79.5,5.198299884796143,10.010000228881836,111763.0
2023-01-12,13.75,,5.14,,,,3.1562,8.0,108.26000213623047,79.5,5.1585001945495605,10.0,111877.0
2023-01-13,13.75,,5.1146,,,,3.25,8.0,107.3499984741211,79.5,5.107699871063232,10.029999732971191,110916.0
2023-01-14,13.75,,,,,,3.25,8.0,107.3499984741211,79.5,5.107699871063232,10.029999732971191,110916.0
2023-01-15,13.75,,,,,,3.25,8.0,107.3499984741211,79.5,5.107699871063232,10.029999732971191,110916.0
2023-01-16,13.75,,5.1115,,,,3.25,8.0,105.47000122070312,79.5,5.080699920654297,10.09000015258789,109213.0
2023-01-17,13.75,,5.1203,,,,3.25,8.0,107.80000305175781,79.5,5.145999908447266,9.989999771118164,111439.0
2023-01-18,13.75,,5.0909,,,,3.5,8.0,108.33000183105469,79.5,5.099599838256836,9.989999771118164,112452.0
2023-01-19,13.75,,5.2144,,,,3.25,8.0,109.11000061035156,79.5,5.185299873352051,9.979999542236328,113006.0
2023-01-20,13.75,,5.1986,,,,3.47,8.25,108.44999694824219,79.5,5.172999858856201,9.979999542236328,112301.0
2023-01-21,13.75,,,,,,3.47,8.25,108.44999694824219,79.5,5.172999858856201,9.979999542236328,112301.0
2023-01-22,13.75,,,,,,3.47,8.25,108.44999694824219,79.5,5.172999858856201,9.979999542236328,112301.0
2023-01-23,13.75,,5.1922,,,,3.5,8.25,107.9000015258789,79.5,5.206299781799316,9.9399995803833,111709.0
2023-01-24,13.75,,5.1696,,,,3.5,8.25,109.43000030517578,79.5,5.205900192260742,9.899999618530273,113028.0
2023-01-25,13.75,,5.1042,,,,3.5,8.25,110.6500015258789,79.5,5.138400077819824,10.039999961853027,114195.0
2023-01-26,13.75,,5.0951,,,,3.5,8.25,110.41999816894531,79.5,5.072199821472168,9.960000038146973,114109.0
2023-01-27,13.75,,5.0767,,,,3.5,8.5,108.4000015258789,79.5,5.062745094299316,9.890000343322754,112502.0
2023-01-28,13.75,,,,,,3.5,8.5,108.4000015258789,79.5,5.062745094299316,9.890000343322754,112502.0
2023-01-29,13.75,,,,,,3.5,8.5,108.4000015258789,79.5,5.062745094299316,9.890000343322754,112502.0
2023-01-30,13.75,,5.0959,,,,3.5,8.5,108.69999694824219,79.5,5.1072001457214355,9.890000343322754,111888.0
2023-01-31,13.75,,5.0993,,,,3.5,8.5,109.83999633789062,79.5,5.1149001121521,9.920000076293945,113532.0
2023-02-01,13.75,5.6,5.0721,71.77,-0.91,8.6,3.5,8.5,108.4000015258789,79.5,5.072199821472168,9.800000190734863,112303.0
2023-02-02,13.75,,4.9901,,,,3.5,8.5,106.30000305175781,79.5,5.053500175476074,9.84000015258789,109935.0
2023-02-03,13.75,,5.103,,,,3.5,8.5,104.87000274658203,79.5,5.049200057983398,9.90999984741211,108490.0
2023-02-04,13.75,,,,,,3.5,8.5,104.87000274658203,79.5,5.049200057983398,9.90999984741211,108490.0
2023-02-05,13.75,,,,,,3.5,8.5,104.87000274658203,79.5,5.049200057983398,9.90999984741211,108490.0
2023-02-06,13.75,,5.1763,,,,3.5,8.5,105.25,79.5,5.149799823760986,9.899999618530273,108456.0
2023-02-07,13.75,,5.1695,,,,3.5,8.5,104.0999984741211,79.5,5.145699977874756,10.09000015258789,107920.0
2023-02-08,13.75,,5.2036,,,,3.5,8.5,106.33999633789062,79.5,5.2093000411987305,9.869999885559082,109882.0
2023-02-09,13.75,,5.2315,,,,3.7,8.5,104.44000244140625,79.5,5.19950008392334,9.850000381469727,107783.0
2023-02-10,13.75,,5.2526,,,,3.5,8.5,104.75,79.5,5.2895002365112305,9.829999923706055,108150.0
2023-02-11,13.75,,,,,,3.5,8.5,104.75,79.5,5.2895002365112305,9.829999923706055,108150.0
2023-02-12,13.75,,,,,,3.5,8.5,104.75,79.5,5.2895002365112305,9.829999923706055,108150.0
2023-02-13,13.75,,5.1834,,,,3.5,9.0,105.47000122070312,79.5,5.213482856750488,9.789999961853027,108846.0
2023-02-14,13.75,,5.1507,,,,3.5,9.0,104.43000030517578,79.5,5.158400058746338,9.789999961853027,107659.0
2023-02-15,13.75,,5.2243,,,,3.5,9.0,106.05000305175781,79.5,5.191500186920166,9.779999732971191,109442.0
2023-02-16,13.75,,5.2432,,,,3.8,9.0,106.5,79.5,5.2179999351501465,9.819999694824219,109905.0
2023-02-17,13.75,,5.2012,,,,3.7,9.0,105.55999755859375,79.5,5.216800212860107,9.880000114440918,109303.0
2023-02-18,13.75,,,,,,3.7,9.0,105.55999755859375,79.5,5.216800212860107,9.880000114440918,109303.0
2023-02-19,13.75,,,,,,3.7,9.0,105.55999755859375,79.5,5.216800212860107,9.880000114440918,109303.0
2023-02-20,13.75,,,,,,3.7,9.0,105.55999755859375,79.5,5.165168762207031,9.880000114440918,109303.0
2023-02-21,13.75,,,,,,3.7,9.0,105.55999755859375,79.5,5.1666998863220215,9.880000114440918,109303.0
2023-02-22,13.75,,5.173,,,,3.765,8.75,103.5999984741211,79.5,5.166500091552734,9.949999809265137,107152.0
2023-02-23,13.75,,5.133,,,,3.765,8.75,104.1500015258789,79.5,5.151199817657471,9.949999809265137,107720.0
2023-02-24,13.75,,5.1791,,,,3.75,8.5,102.37999725341797,79.5,5.136199951171875,9.90999984741211,105873.0
2023-02-25,13.75,,,,,,3.75,8.5,102.37999725341797,79.5,5.136199951171875,9.90999984741211,105873.0
2023-02-26,13.75,,,,,,3.75,8.5,102.37999725341797,79.5,5.136199951171875,9.90999984741211,105873.0
2023-02-27,13.75,,5.196,,,,3.7,8.5,102.29000091552734,79.5,5.207799911499023,9.920000076293945,105711.0
2023-02-28,13.75,,5.2078,,,,3.5,8.5,101.1500015258789,79.5,5.199699878692627,9.949999809265137,104932.0
2023-03-01,13.75,4.65,5.207,71.54,-0.72,8.8,3.765,8.5,101.19999694824219,79.5,5.235899925231934,9.949999809265137,104385.0
2023-03-02,13.75,,5.208,,,,3.725,8.75,99.94000244140625,79.5,5.178299903869629,9.979999542236328,103326.0
2023-03-03,13.75,,5.2037,,,,3.765,8.75,100.41999816894531,79.5,5.1996002197265625,9.989999771118164,103866.0
2023-03-04,13.75,,,,,,3.765,8.75,100.41999816894531,79.5,5.1996002197265625,9.989999771118164,103866.0
2023-03-05,13.75,,,,,,3.765,8.75,100.41999816894531,79.5,5.1996002197265625,9.989999771118164,103866.0
2023-03-06,13.75,,5.197,,,,3.75,8.75,101.47000122070312,79.5,5.194399833679199,9.979999542236328,104700.0
2023-03-07,13.75,,5.1901,,,,3.75,8.875,100.9000015258789,79.5,5.152200222015381,9.970000267028809,104228.0
2023-03-08,13.75,,5.1387,,,,3.75,8.75,103.22000122070312,79.5,5.190000057220459,9.949999809265137,106540.0
2023-03-09,13.75,,5.1353,,,,3.75,8.75,101.55999755859375,79.5,5.144400119781494,9.930000305175781,105071.0
2023-03-10,13.75,,5.1822,,,,3.815,8.75,100.20999908447266,79.5,5.163700103759766,9.880000114440918,103618.0
2023-03-11,13.75,,,,,,3.815,8.75,100.20999908447266,79.5,5.163700103759766,9.880000114440918,103618.0
2023-03-12,13.75,,,,,,3.815,8.75,100.20999908447266,79.5,5.163700103759766,9.880000114440918,103618.0
2023-03-13,13.75,,5.24,,,,3.815,9.0,99.77999877929688,79.5,5.21560001373291,9.970000267028809,103121.0
2023-03-14,13.75,,5.2362,,,,3.815,8.0,99.58000183105469,79.5,5.245699882507324,9.789999961853027,102932.0
2023-03-15,13.75,,5.2981,,,,3.78,8.75,99.38999938964844,79.5,5.251699924468994,9.84000015258789,102675.0
2023-03-16,13.75,,5.2892,,,,3.8625,8.375,100.0,79.5,5.287099838256836,9.829999923706055,103435.0
2023-03-17,13.75,,5.2679,,,,4.0,9.0,98.72000122070312,79.5,5.229599952697754,9.819999694824219,101982.0
2023-03-18,13.75,,,,,,4.0,9.0,98.72000122070312,79.5,5.229599952697754,9.819999694824219,101982.0
2023-03-19,13.75,,,,,,4.0,9.0,98.72000122070312,79.5,5.229599952697754,9.819999694824219,101982.0
2023-03-20,13.75,,5.2467,,,,4.0,9.0,97.69999694824219,79.5,5.2778000831604,9.829999923706055,100923.0
2023-03-21,13.75,,5.2444,,,,4.0,9.0,97.93000030517578,79.5,5.2357001304626465,9.819999694824219,100998.0
2023-03-22,13.75,,5.2648,,,,4.0,9.0,97.02999877929688,79.5,5.240900039672852,9.819999694824219,100221.0
2023-03-23,13.75,,5.2632,,,,4.0,9.0,94.58000183105469,79.5,5.236100196838379,9.760000228881836,97926.0
2023-03-24,13.75,,5.2921,,,,4.0,9.0,95.86000061035156,79.5,5.2967000007629395,9.819999694824219,98829.0
2023-03-25,13.75,,,,,,4.0,9.0,95.86000061035156,79.5,5.2967000007629395,9.819999694824219,98829.0
2023-03-26,13.75,,,,,,4.0,9.0,95.86000061035156,79.5,5.2967000007629395,9.819999694824219,98829.0
2023-03-27,13.75,,5.2306,,,,4.0,8.875,96.54000091552734,79.5,5.245100021362305,9.8100004196167,99670.0
2023-03-28,13.75,,5.1733,,,,4.0,8.75,98.02999877929688,79.5,5.1971001625061035,9.800000190734863,101185.0
2023-03-29,13.75,,5.1493,,,,4.0,8.75,98.55000305175781,79.5,5.164400100708008,9.729999542236328,101793.0
2023-03-30,13.75,,5.1254,,,,4.0,8.75,100.47000122070312,79.5,5.134200096130371,9.680000305175781,103713.0
2023-03-31,13.75,,5.0804,,,,3.89,8.75,98.48999786376953,79.5,5.092700004577637,9.680000305175781,101882.0
2023-04-01,13.75,4.18,,71.57,-0.54,8.5,3.89,8.75,98.48999786376953,79.5,5.092700004577637,9.680000305175781,101882.0
2023-04-02,13.75,,,,,,3.89,8.75,98.48999786376953,79.5,5.092700004577637,9.680000305175781,101882.0
2023-04-03,13.75,,5.0637,,,,4.0,8.5,98.30000305175781,79.5,5.062300205230713,9.739999771118164,101506.0
2023-04-04,13.75,,5.0762,,,,3.78,8.75,98.51000213623047,79.5,5.0630998611450195,9.800000190734863,101869.0
2023-04-05,13.75,,5.0447,,,,4.0,8.75,97.62999725341797,79.5,5.070700168609619,9.8100004196167,100978.0
2023-04-06,13.75,,5.0683,,,,3.78,8.75,97.58999633789062,79.5,5.033199787139893,9.800000190734863,100822.0
2023-04-07,13.75,,,,,,3.78,8.75,97.58999633789062,79.5,5.058300018310547,9.800000190734863,100822.0
2023-04-08,13.75,,,,,,3.78,8.75,97.58999633789062,79.5,5.058300018310547,9.800000190734863,100822.0
2023-04-09,13.75,,,,,,3.78,8.75,97.58999633789062,79.5,5.058300018310547,9.800000190734863,100822.0
2023-04-10,13.75,,5.0834,,,,3.798,8.75,98.66000366210938,79.5,5.0543999671936035,9.789999961853027,101847.0
2023-04-11,13.75,,5.0128,,,,3.5,8.75,102.91000366210938,79.5,5.065299987792969,9.819999694824219,106214.0
2023-04-12,13.75,,4.9496,,,,4.0,8.75,103.3499984741211,79.5,5.004000186920166,9.829999923706055,106890.0
2023-04-13,13.75,,4.9097,,,,4.0,8.75,102.93000030517578,79.5,4.916900157928467,9.84000015258789,106458.0
2023-04-14,13.75,,4.9455,,,,4.0,8.75,103.04000091552734,79.5,4.926700115203857,9.869999885559082,106279.0
2023-04-15,13.75,,,,,,4.0,8.75,103.04000091552734,79.5,4.926700115203857,9.869999885559082,106279.0
2023-04-16,13.75,,,,,,4.0,8.75,103.04000091552734,79.5,4.926700115203857,9.869999885559082,106279.0
2023-04-17,13.75,,4.9421,,,,4.0,8.75,102.70999908447266,79.5,4.908699989318848,9.9399995803833,106016.0
2023-04-18,13.75,,4.9678,,,,4.0,8.75,102.69999694824219,79.5,4.939799785614014,9.979999542236328,106163.0
2023-04-19,13.75,,5.0467,,,,4.0,8.75,100.4800033569336,79.5,4.984300136566162,9.979999542236328,103913.0
2023-04-20,13.75,,5.0497,,,,4.0,9.0,101.0,79.5,5.0742998123168945,9.989999771118164,104367.0
2023-04-21,13.75,,,,,,4.0,9.0,101.0,79.5,5.047699928283691,9.989999771118164,104367.0
2023-04-22,13.75,,,,,,4.0,9.0,101.0,79.5,5.047699928283691,9.989999771118164,104367.0
2023-04-23,13.75,,,,,,4.0,9.0,101.0,79.5,5.047699928283691,9.989999771118164,104367.0
2023-04-24,13.75,,5.0595,,,,4.0,8.75,100.62000274658203,79.5,5.047900199890137,10.0,103947.0
2023-04-25,13.75,,5.0613,,,,4.0,8.75,99.91999816894531,79.5,5.033400058746338,9.989999771118164,103220.0
2023-04-26,13.75,,5.0585,,,,4.0,8.75,99.01000213623047,79.5,5.053100109100342,10.010000228881836,102312.0
2023-04-27,13.75,,5.015,,,,4.0,8.75,99.52999877929688,79.5,5.043000221252441,10.039999961853027,102923.0
2023-04-28,13.75,,5.0007,,,,4.0,8.875,100.9000015258789,79.5,4.976200103759766,10.149999618530273,104432.0
2023-04-29,13.75,,,,,,4.0,8.875,100.9000015258789,79.5,4.976200103759766,10.149999618530273,104432.0
2023-04-30,13.75,,,,,,4.0,8.875,100.9000015258789,79.5,4.976200103759766,10.149999618530273,104432.0
2023-05-01,13.75,3.94,,72.11,-0.37,8.3,4.0,8.875,100.9000015258789,79.5,4.986000061035156,10.149999618530273,104432.0
2023-05-02,13.75,,5.0334,,,,4.0,9.0,98.48999786376953,79.5,4.9878997802734375,10.149999618530273,101927.0
2023-05-03,13.75,,5.0227,,,,4.0,9.0,98.5999984741211,79.5,5.038400173187256,10.170000076293945,101797.0
2023-05-04,13.75,,5.0106,,,,4.0,9.0,98.94999694824219,79.5,4.9944000244140625,10.199999809265137,102174.0
2023-05-05,13.75,,4.9696,,,,4.0,9.0,101.91000366210938,79.5,4.982600212097168,10.260000228881836,105148.0
2023-05-06,13.75,,,,,,4.0,9.0,101.91000366210938,79.5,4.982600212097168,10.260000228881836,105148.0
2023-05-07,13.75,,,,,,4.0,9.0,101.91000366210938,79.5,4.982600212097168,10.260000228881836,105148.0
2023-05-08,13.75,,4.9696,,,,4.0,8.5,102.48999786376953,79.5,4.951700210571289,10.289999961853027,106042.0
2023-05-09,13.75,,5.0007,,,,4.0,8.75,103.80000305175781,79.5,5.007999897003174,10.5,107114.0
2023-05-10,13.75,,4.9547,,,,4.0,8.75,103.97000122070312,79.5,4.985899925231934,10.359999656677246,107448.0
2023-05-11,13.75,,4.9696,,,,4.0,8.0,104.81999969482422,79.5,4.94290018081665,10.390000343322754,108256.0
2023-05-12,13.75,,4.9234,,,,4.0,8.625,105.05000305175781,79.5,4.929500102996826,10.449999809265137,108464.0
2023-05-13,13.75,,,,,,4.0,8.625,105.05000305175781,79.5,4.929500102996826,10.449999809265137,108464.0
2023-05-14,13.75,,,,,,4.0,8.625,105.05000305175781,79.5,4.929500102996826,10.449999809265137,108464.0
2023-05-15,13.75,,4.9103,,,,4.0,8.5,105.47000122070312,79.5,4.920199871063232,10.5,109029.0
2023-05-16,13.75,,4.9122,,,,3.799,8.75,104.62999725341797,79.5,4.887899875640869,10.569999694824219,108194.0
2023-05-17,13.75,,4.9513,,,,4.0,8.75,106.01000213623047,79.5,4.9394001960754395,10.609999656677246,109460.0
2023-05-18,13.75,,4.9647,,,,3.6,8.75,106.75,79.5,4.937699794769287,10.630000114440918,110108.0
2023-05-19,13.75,,4.9858,,,,4.0,8.75,107.16000366210938,79.5,4.964399814605713,10.630000114440918,110745.0
2023-05-20,13.75,,,,,,4.0,8.75,107.16000366210938,79.5,4.964399814605713,10.630000114440918,110745.0
2023-05-21,13.75,,,,,,4.0,8.75,107.16000366210938,79.5,4.964399814605713,10.630000114440918,110745.0
2023-05-22,13.75,,4.968,,,,4.0,8.75,106.55000305175781,79.5,4.996799945831299,10.640000343322754,110213.0
2023-05-23,13.75,,4.9674,,,,4.0,9.0,106.44000244140625,79.5,4.966100215911865,10.710000038146973,109929.0
2023-05-24,13.75,,4.9474,,,,4.0,9.0,105.2699966430664,79.5,4.971199989318848,10.680000305175781,108800.0
2023-05-25,13.75,,4.999,,,,4.0,9.0,106.55000305175781,79.5,4.958600044250488,10.609999656677246,110054.0
2023-05-26,13.75,,5.0114,,,,4.0,9.0,107.51000213623047,79.5,5.035200119018555,10.569999694824219,110906.0
2023-05-27,13.75,,,,,,4.0,9.0,107.51000213623047,79.5,5.035200119018555,10.569999694824219,110906.0
2023-05-28,13.75,,,,,,4.0,9.0,107.51000213623047,79.5,5.035200119018555,10.569999694824219,110906.0
2023-05-29,13.75,,4.9954,,,,4.0,9.0,106.7699966430664,79.5,4.992800235748291,10.670000076293945,110333.0
2023-05-30,13.75,,5.0593,,,,4.0,9.0,105.37999725341797,79.5,5.018099784851074,10.670000076293945,108967.0
2023-05-31,13.75,,5.0959,,,,4.0,9.0,104.83999633789062,79.5,5.034800052642822,10.779999732971191,108335.0
2023-06-01,13.75,3.16,5.035,71.97,0.23,8.0,4.0,9.0,107.19999694824219,79.5,5.054800033569336,10.680000305175781,110565.0
2023-06-02,13.75,,4.9558,,,,4.0,9.0,109.0199966430664,79.5,5.0131001472473145,10.75,112558.0
2023-06-03,13.75,,,,,,4.0,9.0,109.0199966430664,79.5,5.0131001472473145,10.75,112558.0
2023-06-04,13.75,,,,,,4.0,9.0,109.0199966430664,79.5,5.0131001472473145,10.75,112558.0
2023-06-05,13.75,,4.9236,,,,3.8423,9.0,109.13999938964844,79.5,4.956600189208984,10.760000228881836,112696.0
2023-06-06,13.75,,4.9292,,,,4.0,8.875,111.06999969482422,79.5,4.925600051879883,10.760000228881836,114610.0
2023-06-07,13.75,,4.9119,,,,3.9,8.75,111.77999877929688,79.5,4.9120001792907715,10.770000457763672,115488.0
2023-06-08,13.75,,,,,,3.9,8.75,111.77999877929688,79.5,4.922399997711182,10.770000457763672,115488.0
2023-06-09,13.75,,4.8922,,,,3.9,8.75,113.20999908447266,79.5,4.922100067138672,10.789999961853027,117019.0
2023-06-10,13.75,,,,,,3.9,8.75,113.20999908447266,79.5,4.922100067138672,10.789999961853027,117019.0
2023-06-11,13.75,,,,,,3.9,8.75,113.20999908447266,79.5,4.922100067138672,10.789999961853027,117019.0
2023-06-12,13.75,,4.8832,,,,3.89,8.5,113.63999938964844,79.5,4.877900123596191,10.789999961853027,117336.0
2023-06-13,13.75,,4.8533,,,,3.9,8.875,112.94000244140625,79.5,4.860599994659424,10.8100004196167,116743.0
2023-06-14,13.75,,4.8462,,,,3.8,8.875,115.11000061035156,79.5,4.861000061035156,10.829999923706055,119069.0
2023-06-15,13.75,,4.8222,,,,3.7,8.875,115.4000015258789,79.5,4.815000057220459,10.859999656677246,119221.0
2023-06-16,13.75,,4.8286,,,,3.8,8.75,114.9000015258789,79.5,4.809199810028076,10.930000305175781,118758.0
2023-06-17,13.75,,,,,,3.8,8.75,114.9000015258789,79.5,4.809199810028076,10.930000305175781,118758.0
2023-06-18,13.75,,,,,,3.8,8.75,114.9000015258789,79.5,4.809199810028076,10.930000305175781,118758.0
2023-06-19,13.75,,4.7803,,,,3.78,8.75,116.12999725341797,79.5,4.807000160217285,10.960000038146973,119858.0
2023-06-20,13.75,,4.793,,,,3.79,9.0,115.81999969482422,79.5,4.776899814605713,11.0,119622.0
2023-06-21,13.75,,4.7795,,,,3.79,9.0,116.2699966430664,79.5,4.789299964904785,11.0,120420.0
2023-06-22,13.75,,4.775,,,,3.8,9.0,115.26000213623047,79.5,4.76230001449585,10.970000267028809,118934.0
2023-06-23,13.75,,4.7799,,,,3.6,8.75,115.30999755859375,79.5,4.7697367668151855,11.0,118977.0
2023-06-24,13.75,,,,,,3.6,8.75,115.30999755859375,79.5,4.7697367668151855,11.0,118977.0
2023-06-25,13.75,,,,,,3.6,8.75,115.30999755859375,79.5,4.7697367668151855,11.0,118977.0
2023-06-26,13.75,,4.7698,,,,3.6,8.5,114.41999816894531,79.5,4.7855000495910645,11.020000457763672,118243.0
2023-06-27,13.75,,4.7903,,,,3.7,8.625,113.7699966430664,79.5,4.767300128936768,11.0600004196167,117523.0
2023-06-28,13.75,,4.8563,,,,3.7,8.75,113.02999877929688,79.5,4.810500144958496,11.0600004196167,116681.0
2023-06-29,13.75,,4.8584,,,,3.7,8.75,114.91000366210938,79.5,4.850500106811523,11.079999923706055,118383.0
2023-06-30,13.75,,4.8192,,,,3.5,8.625,114.16999816894531,79.5,4.855599880218506,11.180000305175781,118087.0
2023-07-01,13.75,3.99,,72.48,0.76,7.9,3.5,8.625,114.16999816894531,79.5,4.855599880218506,11.180000305175781,118087.0
2023-07-02,13.75,,,,,,3.5,8.625,114.16999816894531,79.5,4.855599880218506,11.180000305175781,118087.0
2023-07-03,13.75,,4.7876,,,,3.5,8.75,115.94000244140625,79.5,4.784200191497803,11.15999984741211,119673.0
2023-07-04,13.75,,4.8056,,,,3.5,8.5,115.23999786376953,79.5,4.80649995803833,11.180000305175781,119076.0
2023-07-05,13.75,,4.8577,,,,3.5,8.5,115.83999633789062,79.5,4.839900016784668,11.239999771118164,119549.0
2023-07-06,13.75,,4.8977,,,,3.5,8.5,113.63999938964844,79.5,4.8471999168396,11.260000228881836,117426.0
2023-07-07,13.75,,4.8799,,,,3.5,8.5,115.19000244140625,79.5,4.918700218200684,11.300000190734863,118898.0
2023-07-08,13.75,,,,,,3.5,8.5,115.19000244140625,79.5,4.918700218200684,11.300000190734863,118898.0
2023-07-09,13.75,,,,,,3.5,8.5,115.19000244140625,79.5,4.918700218200684,11.300000190734863,118898.0
2023-07-10,13.75,,4.8735,,,,3.5,8.75,114.0999984741211,79.5,4.8709001541137695,11.270000457763672,117942.0
2023-07-11,13.75,,4.8949,,,,3.5,8.5,113.80000305175781,79.5,4.898200035095215,11.270000457763672,117220.0
2023-07-12,13.75,,4.8058,,,,3.5,9.0,113.83000183105469,79.5,4.851500034332275,11.260000228881836,117666.0
2023-07-13,13.75,,4.8038,,,,3.5,8.75,115.58000183105469,79.5,4.81689977645874,11.25,119264.0
2023-07-14,13.75,,4.7957,,,,3.5,8.5,113.95999908447266,79.5,4.7947998046875,11.279999732971191,117711.0
2023-07-15,13.75,,,,,,3.5,8.5,113.95999908447266,79.5,4.7947998046875,11.279999732971191,117711.0
2023-07-16,13.75,,,,,,3.5,8.5,113.95999908447266,79.5,4.7947998046875,11.279999732971191,117711.0
2023-07-17,13.75,,4.8302,,,,3.5,8.5,114.70999908447266,79.5,4.788099765777588,11.270000457763672,118219.0
2023-07-18,13.75,,4.804,,,,3.5,8.75,113.94999694824219,79.5,4.805799961090088,11.260000228881836,117841.0
2023-07-19,13.75,,4.8,,,,3.5,8.75,113.75,79.5,4.809299945831299,11.239999771118164,117552.0
2023-07-20,13.75,,4.7888,,,,3.5,8.75,114.33999633789062,79.5,4.789899826049805,11.239999771118164,118083.0
2023-07-21,13.75,,4.7732,,,,3.5,8.625,116.4000015258789,79.5,4.796899795532227,11.279999732971191,120217.0
2023-07-22,13.75,,,,,,3.5,8.625,116.4000015258789,79.5,4.796899795532227,11.279999732971191,120217.0
2023-07-23,13.75,,,,,,3.5,8.625,116.4000015258789,79.5,4.796899795532227,11.279999732971191,120217.0
2023-07-24,13.75,,4.7457,,,,3.5,8.625,117.56999969482422,79.5,4.777400016784668,11.289999961853027,121342.0
2023-07-25,13.75,,4.7496,,,,3.5,8.5,117.9800033569336,79.5,4.725500106811523,11.279999732971191,122008.0
2023-07-26,13.75,,4.7368,,,,3.5,8.5,118.73999786376953,79.5,4.748899936676025,11.210000038146973,122560.0
2023-07-27,13.75,,4.7202,,,,3.5,8.5,116.04000091552734,79.5,4.736199855804443,11.210000038146973,119990.0
2023-07-28,13.75,,4.7253,,,,3.5,8.5,116.5199966430664,79.5,4.741600036621094,11.260000228881836,120187.0
2023-07-29,13.75,,,,,,3.5,8.5,116.5199966430664,79.5,4.741600036621094,11.260000228881836,120187.0
2023-07-30,13.75,,,,,,3.5,8.5,116.5199966430664,79.5,4.741600036621094,11.260000228881836,120187.0
2023-07-31,13.75,,4.7415,,,,3.5,8.5,117.94999694824219,79.5,4.723299980163574,11.329999923706055,121943.0
2023-08-01,13.75,4.61,4.7752,72.89,0.69,7.8,3.5,8.5,117.5199966430664,79.5,4.724699974060059,11.289999961853027,121248.0
2023-08-02,13.75,,4.8083,,,,3.5,8.5,117.01000213623047,79.5,4.791999816894531,11.300000190734863,120859.0
2023-08-03,13.25,,4.8797,,,,3.5,8.5,116.70999908447266,79.5,4.810400009155273,11.350000381469727,120586.0
2023-08-04,13.25,,4.8609,,,,3.5,8.5,115.66000366210938,79.5,4.916399955749512,11.449999809265137,119508.0
2023-08-05,13.25,,,,,,3.5,8.5,115.66000366210938,79.5,4.916399955749512,11.449999809265137,119508.0
2023-08-06,13.25,,,,,,3.5,8.5,115.66000366210938,79.5,4.916399955749512,11.449999809265137,119508.0
2023-08-07,13.25,,4.901,,,,3.5,8.5,115.61000061035156,79.5,4.88539981842041,11.399999618530273,119380.0
2023-08-08,13.25,,4.9217,,,,3.5,8.5,115.2699966430664,79.5,4.89900016784668,11.390000343322754,119090.0
2023-08-09,13.25,,4.9015,,,,3.5,8.5,114.69999694824219,79.5,4.898600101470947,11.390000343322754,118409.0
2023-08-10,13.25,,4.8518,,,,3.5,8.5,114.51000213623047,79.5,4.901700019836426,11.390000343322754,118350.0
2023-08-11,13.25,,4.8918,,,,3.5,8.5,114.25,79.5,4.891499996185303,11.430000305175781,118065.0
2023-08-12,13.25,,,,,,3.5,8.5,114.25,79.5,4.891499996185303,11.430000305175781,118065.0
2023-08-13,13.25,,,,,,3.5,8.5,114.25,79.5,4.891499996185303,11.430000305175781,118065.0
2023-08-14,13.25,,4.9481,,,,3.5,8.5,113.30999755859375,79.5,4.910999774932861,11.390000343322754,116810.0
2023-08-15,13.25,,4.9812,,,,3.5,8.5,112.37000274658203,79.5,4.962100028991699,11.399999618530273,116171.0
2023-08-16,13.25,,4.9772,,,,3.5,8.5,111.87000274658203,79.5,4.9832000732421875,11.380000114440918,115592.0
2023-08-17,13.25,,4.9816,,,,3.5,8.5,111.36000061035156,79.5,4.9868998527526855,11.380000114440918,114982.0
2023-08-18,13.25,,4.9724,,,,3.5,8.5,111.69999694824219,79.5,4.975500106811523,11.430000305175781,115409.0
2023-08-19,13.25,,,,,,3.5,8.5,111.69999694824219,79.5,4.975500106811523,11.430000305175781,115409.0
2023-08-20,13.25,,,,,,3.5,8.5,111.69999694824219,79.5,4.975500106811523,11.430000305175781,115409.0
2023-08-21,13.25,,4.9847,,,,3.5,8.5,110.79000091552734,79.5,4.966899871826172,11.359999656677246,114429.0
2023-08-22,13.25,,4.9431,,,,3.5,8.5,112.41000366210938,79.5,4.978700160980225,11.3100004196167,116156.0
2023-08-23,13.25,,4.8977,,,,3.5,8.5,114.30000305175781,79.5,4.937099933624268,11.300000190734863,118135.0
2023-08-24,13.25,,4.8748,,,,3.5,8.5,113.30000305175781,79.5,4.855100154876709,11.3100004196167,117026.0
2023-08-25,13.25,,4.8772,,,,3.5,8.5,112.1500015258789,79.5,4.880300045013428,11.329999923706055,115837.0
2023-08-26,13.25,,,,,,3.5,8.5,112.1500015258789,79.5,4.880300045013428,11.329999923706055,115837.0
2023-08-27,13.25,,,,,,3.5,8.5,112.1500015258789,79.5,4.880300045013428,11.329999923706055,115837.0
2023-08-28,13.25,,4.8938,,,,3.4271,8.5,113.5,79.5,4.8703999519348145,11.350000381469727,117121.0
2023-08-29,13.25,,4.8706,,,,3.5,8.5,114.62000274658203,79.5,4.872600078582764,11.350000381469727,118404.0
2023-08-30,13.25,,4.8653,,,,3.5,8.5,113.9000015258789,79.5,4.85129976272583,11.430000305175781,117535.0
2023-08-31,13.25,,4.9219,,,,3.5,8.5,112.30999755859375,79.5,4.888400077819824,11.430000305175781,115742.0
2023-09-01,13.25,5.19,4.9318,73.01,0.95,7.7,3.5,8.75,114.05000305175781,79.5,4.953800201416016,11.5,117893.0
2023-09-02,13.25,,,,,,3.5,8.75,114.05000305175781,79.5,4.953800201416016,11.5,117893.0
2023-09-03,13.25,,,,,,3.5,8.75,114.05000305175781,79.5,4.953800201416016,11.5,117893.0
2023-09-04,13.25,,4.9176,,,,3.5,8.5,114.13999938964844,79.5,4.97629976272583,11.430000305175781,117777.0
2023-09-05,13.25,,4.9705,,,,3.5,8.5,113.62000274658203,79.5,4.936200141906738,11.449999809265137,117331.0
2023-09-06,13.25,,4.9762,,,,3.5,8.5,112.25,79.5,4.966700077056885,11.470000267028809,115985.0
2023-09-07,13.25,,,,,,3.5,8.5,112.25,79.5,4.9770002365112305,11.470000267028809,115985.0
2023-09-08,13.25,,4.9835,,,,3.5,8.5,111.66000366210938,79.5,4.976099967956543,11.529999732971191,115313.0
2023-09-09,13.25,,,,,,3.5,8.5,111.66000366210938,79.5,4.976099967956543,11.529999732971191,115313.0
2023-09-10,13.25,,,,,,3.5,8.5,111.66000366210938,79.5,4.976099967956543,11.529999732971191,115313.0
2023-09-11,13.25,,4.9366,,,,3.5,8.5,113.4800033569336,79.5,4.982999801635742,11.489999771118164,116883.0
2023-09-12,13.25,,4.9505,,,,3.5,8.5,114.22000122070312,79.5,4.9293999671936035,11.449999809265137,117968.0
2023-09-13,13.25,,4.9171,,,,3.5,8.5,114.45999908447266,79.5,4.946599960327148,11.430000305175781,118176.0
2023-09-14,13.25,,4.8751,,,,3.5,8.5,115.58999633789062,79.5,4.91540002822876,11.420000076293945,119392.0
2023-09-15,13.25,,4.8689,,,,3.5,8.5,114.91999816894531,79.5,4.868199825286865,11.460000038146973,118758.0
2023-09-16,13.25,,,,,,3.5,8.5,114.91999816894531,79.5,4.868199825286865,11.460000038146973,118758.0
2023-09-17,13.25,,,,,,3.5,8.5,114.91999816894531,79.5,4.868199825286865,11.460000038146973,118758.0
2023-09-18,13.25,,4.8535,,,,3.5,8.5,114.6500015258789,79.5,4.867000102996826,11.529999732971191,118288.0
2023-09-19,13.25,,4.8575,,,,3.5,8.5,114.0999984741211,79.5,4.853700160980225,11.470000267028809,117846.0
2023-09-20,13.25,,4.8487,,,,3.5,8.5,115.02999877929688,79.5,4.865799903869629,11.5,118695.0
2023-09-21,12.75,,4.9229,,,,3.5,8.5,112.5999984741211,79.5,4.878799915313721,11.479999542236328,116145.0
2023-09-22,12.75,,4.9131,,,,3.5,8.5,112.61000061035156,79.5,4.934899806976318,11.5,116009.0
2023-09-23,12.75,,,,,,3.5,8.5,112.61000061035156,79.5,4.934899806976318,11.5,116009.0
2023-09-24,12.75,,,,,,3.5,8.5,112.61000061035156,79.5,4.934899806976318,11.5,116009.0
2023-09-25,12.75,,4.9606,,,,3.5,8.5,112.56999969482422,79.5,4.933899879455566,11.40999984741211,115925.0
2023-09-26,12.75,,4.9717,,,,3.5,8.5,110.6500015258789,79.5,4.968299865722656,11.359999656677246,114193.0
2023-09-27,12.75,,5.0289,,,,3.5,8.5,110.69999694824219,79.5,4.986199855804443,11.350000381469727,114327.0
2023-09-28,12.75,,5.0475,,,,3.5,8.5,112.18000030517578,79.5,5.042200088500977,11.34000015258789,115731.0
2023-09-29,12.75,,5.0076,,,,3.5,8.5,113.1500015258789,79.5,5.032800197601318,11.430000305175781,116565.0
2023-09-30,12.75,,,,,,3.5,8.5,113.1500015258789,79.5,5.032800197601318,11.430000305175781,116565.0
2023-10-01,12.75,4.82,,73.32,1.06,7.6,3.5,8.5,113.1500015258789,79.5,5.032800197601318,11.430000305175781,116565.0
2023-10-02,12.75,,5.0679,,,,3.5,8.5,111.48999786376953,79.5,5.042799949645996,11.350000381469727,115057.0
2023-10-03,12.75,,5.11,,,,3.5,8.5,109.81999969482422,79.5,5.061500072479248,11.300000190734863,113419.0
2023-10-04,12.75,,5.1526,,,,3.5,8.5,110.18000030517578,79.5,5.166299819946289,11.279999732971191,113607.0
2023-10-05,12.75,,5.1713,,,,3.5,8.5,109.75,79.5,5.154600143432617,11.34000015258789,113284.0
2023-10-06,12.75,,5.1918,,,,3.5,8.5,110.66000366210938,79.5,5.164999961853027,11.3100004196167,114170.0
2023-10-07,12.75,,,,,,3.5,8.5,110.66000366210938,79.5,5.164999961853027,11.3100004196167,114170.0
2023-10-08,12.75,,,,,,3.5,8.5,110.66000366210938,79.5,5.164999961853027,11.3100004196167,114170.0
2023-10-09,12.75,,5.1666,,,,3.5,8.5,111.73999786376953,79.5,5.145699977874756,11.279999732971191,115156.0
2023-10-10,12.75,,5.0862,,,,3.5,8.5,113.12999725341797,79.5,5.135200023651123,11.300000190734863,116737.0
2023-10-11,12.75,,5.0496,,,,3.5,8.5,113.5,79.5,5.051000118255615,11.300000190734863,117051.0
2023-10-12,12.75,,,,,,3.5,8.5,113.5,79.5,5.049600124359131,11.300000190734863,117051.0
2023-10-13,12.75,,5.0625,,,,3.5,8.5,112.05999755859375,79.5,5.045899868011475,11.329999923706055,115754.0
2023-10-14,12.75,,,,,,3.5,8.5,112.05999755859375,79.5,5.045899868011475,11.329999923706055,115754.0
2023-10-15,12.75,,,,,,3.5,8.5,112.05999755859375,79.5,5.045899868011475,11.329999923706055,115754.0
2023-10-16,12.75,,5.0618,,,,3.5,8.5,112.94000244140625,79.5,5.0482001304626465,11.319999694824219,116534.0
2023-10-17,12.75,,5.0384,,,,3.5,8.5,112.33999633789062,79.5,5.037600040435791,11.289999961853027,115908.0
2023-10-18,12.75,,5.0568,,,,3.5,8.5,110.37000274658203,79.5,5.037399768829346,11.229999542236328,114060.0
2023-10-19,12.75,,5.054,,,,3.5,8.5,110.5999984741211,79.5,5.056099891662598,11.229999542236328,114004.0
2023-10-20,12.75,,5.0528,,,,3.5,8.5,109.5,79.5,5.062900066375732,11.270000457763672,113155.0
2023-10-21,12.75,,,,,,3.5,8.5,109.5,79.5,5.062900066375732,11.270000457763672,113155.0
2023-10-22,12.75,,,,,,3.5,8.5,109.5,79.5,5.062900066375732,11.270000457763672,113155.0
2023-10-23,12.75,,5.0164,,,,3.5,8.5,109.3499984741211,79.5,5.031300067901611,11.260000228881836,112785.0
2023-10-24,12.75,,5.0065,,,,3.5,8.5,110.23999786376953,79.5,5.01230001449585,11.210000038146973,113762.0
2023-10-25,12.75,,4.9981,,,,3.5,8.5,109.3499984741211,79.5,4.991000175476074,11.199999809265137,112830.0
2023-10-26,12.75,,5.0055,,,,3.5,8.5,111.4000015258789,79.5,4.994699954986572,11.140000343322754,114777.0
2023-10-27,12.75,,4.948,,,,3.5,8.5,109.8499984741211,79.5,4.985300064086914,11.210000038146973,113301.0
2023-10-28,12.75,,,,,,3.5,8.5,109.8499984741211,79.5,4.985300064086914,11.210000038146973,113301.0
2023-10-29,12.75,,,,,,3.5,8.5,109.8499984741211,79.5,4.985300064086914,11.210000038146973,113301.0
2023-10-30,12.75,,5.0074,,,,3.5,8.5,108.95999908447266,79.5,4.952030181884766,11.229999542236328,112532.0
2023-10-31,12.75,,5.0575,,,,3.5,8.5,109.62000274658203,79.5,5.04610013961792,11.270000457763672,113144.0
2023-11-01,12.75,4.68,5.0194,73.32,1.21,7.5,3.5,8.5,111.55999755859375,79.5,5.03410005569458,11.1899995803833,115053.0
2023-11-02,12.25,,,,,,3.5,8.5,111.55999755859375,79.5,4.953700065612793,11.1899995803833,115053.0
2023-11-03,12.25,,4.891,,,,3.5,8.5,114.75,79.5,4.952899932861328,11.25,118160.0
2023-11-04,12.25,,,,,,3.5,8.5,114.75,79.5,4.952899932861328,11.25,118160.0
2023-11-05,12.25,,,,,,3.5,8.5,114.75,79.5,4.952899932861328,11.25,118160.0
2023-11-06,12.25,,4.8999,,,,3.5,8.5,114.80999755859375,79.5,4.899199962615967,11.229999542236328,118487.0
2023-11-07,12.25,,4.867,,,,3.5,8.5,115.66999816894531,79.5,4.884099960327148,11.3100004196167,119268.0
2023-11-08,12.25,,4.8855,,,,3.5,8.5,115.5199966430664,79.5,4.871500015258789,11.279999732971191,119099.0
2023-11-09,12.25,,4.9007,,,,3.5,8.5,115.18000030517578,79.5,4.909299850463867,11.319999694824219,119012.0
2023-11-10,12.25,,4.9219,,,,3.5,8.5,117.01000213623047,79.5,4.933899879455566,11.369999885559082,120636.0
2023-11-11,12.25,,,,,,3.5,8.5,117.01000213623047,79.5,4.933899879455566,11.369999885559082,120636.0
2023-11-12,12.25,,,,,,3.5,8.5,117.01000213623047,79.5,4.933899879455566,11.369999885559082,120636.0
2023-11-13,12.25,,4.9247,,,,3.5,8.5,116.81999969482422,79.5,4.893379211425781,11.350000381469727,120376.0
2023-11-14,12.25,,4.8682,,,,3.5,8.5,119.61000061035156,79.5,4.906199932098389,11.329999923706055,123328.0
2023-11-15,12.25,,,,,,3.5,8.5,119.61000061035156,79.5,4.864500045776367,11.329999923706055,123328.0
2023-11-16,12.25,,4.8575,,,,3.5,8.5,120.95999908447266,79.5,4.860899925231934,11.34000015258789,124576.0
2023-11-17,12.25,,4.8849,,,,3.5,8.5,121.20999908447266,79.5,4.862199783325195,11.390000343322754,125062.0
2023-11-18,12.25,,,,,,3.5,8.5,121.20999908447266,79.5,4.862199783325195,11.390000343322754,125062.0
2023-11-19,12.25,,,,,,3.5,8.5,121.20999908447266,79.5,4.862199783325195,11.390000343322754,125062.0
2023-11-20,12.25,,4.8723,,,,3.5,8.5,122.25,79.5,4.819177150726318,11.359999656677246,126095.0
2023-11-21,12.25,,4.8806,,,,3.5,8.5,121.76000213623047,79.5,4.851799964904785,11.359999656677246,125607.0
2023-11-22,12.25,,4.8968,,,,3.5,8.5,122.1500015258789,79.5,4.8993000984191895,11.300000190734863,126035.0
2023-11-23,12.25,,4.8931,,,,3.5,8.5,122.83000183105469,79.5,4.9054999351501465,11.270000457763672,126576.0
2023-11-24,12.25,,4.8927,,,,3.5,8.5,121.66000366210938,79.5,4.902500152587891,11.289999961853027,125542.0
2023-11-25,12.25,,,,,,3.5,8.5,121.66000366210938,79.5,4.902500152587891,11.289999961853027,125542.0
2023-11-26,12.25,,,,,,3.5,8.5,121.66000366210938,79.5,4.902500152587891,11.289999961853027,125542.0
2023-11-27,12.25,,4.8951,,,,3.5,8.5,121.94000244140625,79.5,4.900899887084961,11.239999771118164,125683.0
2023-11-28,12.25,,4.8867,,,,3.5,8.5,122.72000122070312,79.5,4.895500183105469,11.270000457763672,126538.0
2023-11-29,12.25,,4.8933,,,,3.5,8.5,122.2699966430664,79.5,4.869800090789795,11.260000228881836,126101.0
2023-11-30,12.25,,4.9355,,,,3.5,8.5,123.56999969482422,79.5,4.904099941253662,11.300000190734863,127331.0
2023-12-01,12.25,4.62,4.9191,73.83,2.28,7.4,3.5,8.5,124.12000274658203,79.5,4.923099994659424,11.300000190734863,128103.0
2023-12-02,12.25,,,,,,3.5,8.5,124.12000274658203,79.5,4.923099994659424,11.300000190734863,128103.0
2023-12-03,12.25,,,,,,3.5,8.5,124.12000274658203,79.5,4.923099994659424,11.300000190734863,128103.0
2023-12-04,12.25,,4.9091,,,,3.5,8.5,122.95999908447266,79.5,4.902159214019775,11.34000015258789,126803.0
2023-12-05,12.25,,4.9522,,,,3.5,8.5,123.01000213623047,79.5,4.9430999755859375,11.399999618530273,126903.0
2023-12-06,12.25,,4.9031,,,,3.5,8.5,121.72000122070312,79.5,4.927700042724609,11.34000015258789,125623.0
2023-12-07,12.25,,4.8949,,,,3.5,8.5,122.29000091552734,79.5,4.901199817657471,11.329999923706055,126010.0
2023-12-08,12.25,,4.9158,,,,3.5,8.5,123.30999755859375,79.5,4.910099983215332,11.359999656677246,127094.0
2023-12-09,12.25,,,,,,3.5,8.5,123.30999755859375,79.5,4.910099983215332,11.359999656677246,127094.0
2023-12-10,12.25,,,,,,3.5,8.5,123.30999755859375,79.5,4.910099983215332,11.359999656677246,127094.0
2023-12-11,12.25,,4.944,,,,3.5,8.5,123.11000061035156,79.5,4.893286228179932,11.350000381469727,126916.0
2023-12-12,12.25,,4.9476,,,,3.5,8.5,122.5999984741211,79.5,4.936699867248535,11.25,126403.0
2023-12-13,12.25,,4.958,,,,3.5,8.5,126.12000274658203,79.5,4.9644999504089355,11.3100004196167,129465.0
2023-12-14,11.75,,4.8912,,,,3.5,8.5,126.87999725341797,79.5,4.918399810791016,11.329999923706055,130842.0
2023-12-15,11.75,,4.9397,,,,3.5,8.5,126.27999877929688,79.5,4.914599895477295,11.369999885559082,130197.0
2023-12-16,11.75,,,,,,3.5,8.5,126.27999877929688,79.5,4.914599895477295,11.369999885559082,130197.0
2023-12-17,11.75,,,,,,3.5,8.5,126.27999877929688,79.5,4.914599895477295,11.369999885559082,130197.0
2023-12-18,11.75,,4.9399,,,,3.5,8.5,127.2699966430664,79.5,4.919657230377197,11.350000381469727,131084.0
2023-12-19,11.75,,4.8663,,,,3.5,8.5,128.0500030517578,79.5,4.895899772644043,11.399999618530273,131851.0
2023-12-20,11.75,,4.8766,,,,3.5,8.5,126.81999969482422,79.5,4.866499900817871,11.40999984741211,130804.0
2023-12-21,11.75,,4.8755,,,,3.5,8.5,128.35000610351562,79.5,4.914599895477295,11.5,132182.0
2023-12-22,11.75,,4.8619,,,,3.5,8.5,128.94000244140625,79.5,4.881800174713135,11.59000015258789,132753.0
2023-12-23,11.75,,,,,,3.5,8.5,128.94000244140625,79.5,4.881800174713135,11.59000015258789,132753.0
2023-12-24,11.75,,,,,,3.5,8.5,128.94000244140625,79.5,4.881800174713135,11.59000015258789,132753.0
2023-12-25,11.75,,,,,,3.5,8.5,128.94000244140625,79.5,4.86984395980835,11.59000015258789,132753.0
2023-12-26,11.75,,4.8368,,,,3.5,8.5,129.64999389648438,79.5,4.869743824005127,11.699999809265137,133533.0
2023-12-27,11.75,,4.8306,,,,3.5,8.5,130.4600067138672,79.5,4.813499927520752,11.75,134194.0
2023-12-28,11.75,,4.8413,,,,3.5,8.5,130.38999938964844,79.5,4.826099872589111,11.779999732971191,134185.0
2023-12-29,11.75,,4.8413,,,,3.5,8.5,130.38999938964844,79.5,4.850200176239014,11.779999732971191,134185.0
2023-12-30,11.75,,,,,,3.5,8.5,130.38999938964844,79.5,4.850200176239014,11.779999732971191,134185.0
2023-12-31,11.75,,,,,,3.5,8.5,130.38999938964844,79.5,4.850200176239014,11.779999732971191,134185.0
2024-01-01,11.75,4.51,,74.47,2.23,7.6,3.5,8.5,130.38999938964844,79.5,4.850500106811523,11.779999732971191,134185.0
2024-01-02,11.75,,4.8916,,,,3.5,8.5,128.75999450683594,79.5,4.852399826049805,11.779999732971191,132697.0
2024-01-03,11.75,,4.9212,,,,3.5,8.5,128.99000549316406,79.5,4.922500133514404,11.8100004196167,132834.0
2024-01-04,11.75,,4.9188,,,,3.5,8.5,127.3499984741211,79.5,4.9191999435424805,11.8100004196167,131226.0
2024-01-05,11.75,,4.8899,,,,3.5,8.5,128.25,79.5,4.895599842071533,11.8100004196167,132023.0
2024-01-06,11.75,,,,,,3.5,8.5,128.25,79.5,4.895599842071533,11.8100004196167,132023.0
2024-01-07,11.75,,,,,,3.5,8.5,128.25,79.5,4.895599842071533,11.8100004196167,132023.0
2024-01-08,11.75,,4.885,,,,3.5,8.5,128.57000732421875,79.5,4.8606672286987305,11.819999694824219,132427.0
2024-01-09,11.75,,4.8937,,,,3.5,8.5,127.58999633789062,79.5,4.86899995803833,11.770000457763672,131447.0
2024-01-10,11.75,,4.8901,,,,3.5,8.5,126.94000244140625,79.5,4.905099868774414,11.770000457763672,130841.0
2024-01-11,11.75,,4.8794,,,,3.5,8.5,126.80999755859375,79.5,4.89139986038208,11.800000190734863,130649.0
2024-01-12,11.75,,4.8543,,,,3.5,8.5,127.2300033569336,79.5,4.869699954986572,11.8100004196167,130988.0
2024-01-13,11.75,,,,,,3.5,8.5,127.2300033569336,79.5,4.869699954986572,11.8100004196167,130988.0
2024-01-14,11.75,,,,,,3.5,8.5,127.2300033569336,79.5,4.869699954986572,11.8100004196167,130988.0
2024-01-15,11.75,,4.8765,,,,3.5,8.5,127.81999969482422,79.5,4.85290002822876,11.829999923706055,131521.0
2024-01-16,11.75,,4.9038,,,,3.5,8.5,125.48999786376953,79.5,4.862199783325195,11.850000381469727,129294.0
2024-01-17,11.75,,4.9346,,,,3.5,8.5,124.52999877929688,79.5,4.924900054931641,11.890000343322754,128524.0
2024-01-18,11.75,,4.9403,,,,3.5,8.5,123.55999755859375,79.5,4.934000015258789,11.869999885559082,127316.0
2024-01-19,11.75,,4.9223,,,,3.5,8.5,123.83999633789062,79.5,4.92609977722168,11.890000343322754,127636.0
2024-01-20,11.75,,,,,,3.5,8.5,123.83999633789062,79.5,4.92609977722168,11.890000343322754,127636.0
2024-01-21,11.75,,,,,,3.5,8.5,123.83999633789062,79.5,4.92609977722168,11.890000343322754,127636.0
2024-01-22,11.75,,4.949,,,,3.5,8.5,122.69999694824219,79.5,4.904642105102539,11.880000114440918,126602.0
2024-01-23,11.75,,4.9715,,,,3.5,8.5,124.55000305175781,79.5,4.98829984664917,11.859999656677246,128263.0
2024-01-24,11.75,,4.9192,,,,3.5,8.5,123.97000122070312,79.5,4.952199935913086,11.850000381469727,127816.0
2024-01-25,11.75,,4.9232,,,,3.5,8.5,124.45999908447266,79.5,4.932499885559082,11.850000381469727,128169.0
2024-01-26,11.75,,4.9125,,,,3.5,8.5,125.08000183105469,79.5,4.915800094604492,11.829999923706055,128967.0
2024-01-27,11.75,,,,,,3.5,8.5,125.08000183105469,79.5,4.915800094604492,11.829999923706055,128967.0
2024-01-28,11.75,,,,,,3.5,8.5,125.08000183105469,79.5,4.915800094604492,11.829999923706055,128967.0
2024-01-29,11.75,,4.9225,,,,3.5,8.5,124.75,79.5,4.913599967956543,11.819999694824219,128503.0
2024-01-30,11.75,,4.9638,,,,3.5,8.5,123.56999969482422,79.5,4.950200080871582,11.819999694824219,127402.0
2024-01-31,11.75,,4.9535,,,,3.5,8.5,123.94999694824219,79.5,4.950300216674805,11.84000015258789,127752.0
2024-02-01,11.25,4.5,4.935,74.81,2.42,7.8,3.5,8.5,124.76000213623047,79.5,4.951900005340576,11.829999923706055,128481.0
2024-02-02,11.25,,4.9471,,,,3.44,8.5,123.31999969482422,79.5,4.914999961853027,11.829999923706055,127182.0
2024-02-03,11.25,,,,,,3.44,8.5,123.31999969482422,79.5,4.914999961853027,11.829999923706055,127182.0
2024-02-04,11.25,,,,,,3.44,8.5,123.31999969482422,79.5,4.914999961853027,11.829999923706055,127182.0
2024-02-05,11.25,,5.0053,,,,3.5,8.5,123.86000061035156,79.5,4.932938098907471,11.859999656677246,127593.0
2024-02-06,11.25,,4.9687,,,,3.5,8.5,126.87999725341797,79.5,4.9499430656433105,11.859999656677246,130416.0
2024-02-07,11.25,,4.9608,,,,3.5,8.5,126.05000305175781,79.5,4.962299823760986,11.859999656677246,129608.0
2024-02-08,11.25,,4.9804,,,,3.5,8.5,124.51000213623047,79.5,4.969299793243408,11.819999694824219,128217.0
2024-02-09,11.25,,4.9717,,,,3.5,8.5,124.12999725341797,79.5,4.9918999671936035,11.890000343322754,128026.0
2024-02-10,11.25,,,,,,3.5,8.5,124.12999725341797,79.5,4.9918999671936035,11.890000343322754,128026.0
2024-02-11,11.25,,,,,,3.5,8.5,124.12999725341797,79.5,4.9918999671936035,11.890000343322754,128026.0
2024-02-12,11.25,,,,,,3.5,8.5,124.12999725341797,79.5,4.953100204467773,11.890000343322754,128026.0
2024-02-13,11.25,,,,,,3.5,8.5,124.12999725341797,79.5,4.952199935913086,11.890000343322754,128026.0
2024-02-14,11.25,,4.9723,,,,3.5,8.5,123.2300033569336,79.5,4.952000141143799,11.869999885559082,127018.0
2024-02-15,11.25,,4.971,,,,3.5,8.5,124.05999755859375,79.5,4.968299865722656,11.90999984741211,127804.0
2024-02-16,11.25,,4.9761,,,,3.5,8.5,124.87999725341797,79.5,4.972400188446045,11.930000305175781,128726.0
2024-02-17,11.25,,,,,,3.5,8.5,124.87999725341797,79.5,4.972400188446045,11.930000305175781,128726.0
2024-02-18,11.25,,,,,,3.5,8.5,124.87999725341797,79.5,4.972400188446045,11.930000305175781,128726.0
2024-02-19,11.25,,4.9585,,,,3.5,8.5,125.13999938964844,79.5,4.965099811553955,11.930000305175781,129036.0
2024-02-20,11.25,,4.9408,,,,3.5,8.5,126.19000244140625,79.5,4.956399917602539,11.920000076293945,129916.0
2024-02-21,11.25,,4.9303,,,,3.5,8.5,126.18000030517578,79.5,4.926400184631348,11.899999618530273,130032.0
2024-02-22,11.25,,4.9419,,,,3.5,8.5,126.30000305175781,79.5,4.934899806976318,11.899999618530273,130241.0
2024-02-23,11.25,,4.9851,,,,3.5,8.5,125.61000061035156,79.5,4.962399959564209,11.9399995803833,129419.0
2024-02-24,11.25,,,,,,3.5,8.5,125.61000061035156,79.5,4.962399959564209,11.9399995803833,129419.0
2024-02-25,11.25,,,,,,3.5,8.5,125.61000061035156,79.5,4.962399959564209,11.9399995803833,129419.0
2024-02-26,11.25,,4.9819,,,,3.5,8.5,125.7699966430664,79.5,4.993500232696533,11.920000076293945,129609.0
2024-02-27,11.25,,4.9575,,,,3.5,8.5,127.83999633789062,79.5,4.978899955749512,11.880000114440918,131689.0
2024-02-28,11.25,,4.9557,,,,3.5,8.5,126.26000213623047,79.5,4.932400226593018,11.880000114440918,130155.0
2024-02-29,11.25,,4.9833,,,,3.5,8.5,125.25,79.5,4.967299938201904,11.9399995803833,129020.0
2024-03-01,11.25,3.93,4.9596,75.02,2.27,7.9,3.5,8.5,125.23999786376953,79.5,4.969799995422363,11.960000038146973,129180.0
2024-03-02,11.25,,,,,,3.5,8.5,125.23999786376953,79.5,4.969799995422363,11.960000038146973,129180.0
2024-03-03,11.25,,,,,,3.5,8.5,125.23999786376953,79.5,4.969799995422363,11.960000038146973,129180.0
2024-03-04,11.25,,4.9475,,,,3.5,8.5,124.5,79.5,4.952700138092041,11.949999809265137,128341.0
2024-03-05,11.25,,4.9488,,,,3.5,8.5,124.4000015258789,79.5,4.944900035858154,11.960000038146973,128098.0
2024-03-06,11.25,,4.9398,,,,3.5,8.5,125.1500015258789,79.5,4.957099914550781,11.960000038146973,128890.0
2024-03-07,11.25,,4.9364,,,,3.5,8.5,124.66999816894531,79.5,4.943600177764893,11.979999542236328,128340.0
2024-03-08,11.25,,4.9751,,,,3.5,8.5,123.26000213623047,79.5,4.933800220489502,12.0600004196167,127071.0
2024-03-09,11.25,,,,,,3.5,8.5,123.26000213623047,79.5,4.933800220489502,12.0600004196167,127071.0
2024-03-10,11.25,,,,,,3.5,8.5,123.26000213623047,79.5,4.933800220489502,12.0600004196167,127071.0
2024-03-11,11.25,,4.9777,,,,3.5,8.5,122.31999969482422,79.5,4.977540016174316,11.989999771118164,126124.0
2024-03-12,11.25,,4.9813,,,,3.5,8.5,123.80999755859375,79.5,4.977399826049805,11.960000038146973,127668.0
2024-03-13,11.25,,4.9803,,,,3.5,8.5,124.37000274658203,79.5,4.968699932098389,11.960000038146973,128006.0
2024-03-14,11.25,,4.9768,,,,3.5,8.5,123.81999969482422,79.5,4.969200134277344,11.949999809265137,127690.0
2024-03-15,11.25,,4.9937,,,,3.5,8.5,122.87000274658203,79.5,4.992700099945068,11.960000038146973,126742.0
2024-03-16,11.25,,,,,,3.5,8.5,122.87000274658203,79.5,4.992700099945068,11.960000038146973,126742.0
2024-03-17,11.25,,,,,,3.5,8.5,122.87000274658203,79.5,4.992700099945068,11.960000038146973,126742.0
2024-03-18,11.25,,5.0124,,,,3.5,8.5,123.05000305175781,79.5,4.968047142028809,11.979999542236328,126954.0
2024-03-19,11.25,,5.0352,,,,3.5,8.5,123.94999694824219,79.5,5.029399871826172,11.979999542236328,127529.0
2024-03-20,11.25,,5.012,,,,3.5,8.5,125.44999694824219,79.5,5.03000020980835,12.0,129125.0
2024-03-21,10.75,,4.9807,,,,3.5,8.5,124.37000274658203,79.5,4.96619987487793,12.020000457763672,128159.0
2024-03-22,10.75,,4.9897,,,,3.5,8.5,123.20999908447266,79.5,4.9745001792907715,12.050000190734863,127027.0
2024-03-23,10.75,,,,,,3.5,8.5,123.20999908447266,79.5,4.9745001792907715,12.050000190734863,127027.0
2024-03-24,10.75,,,,,,3.5,8.5,123.20999908447266,79.5,4.9745001792907715,12.050000190734863,127027.0
2024-03-25,10.75,,4.9869,,,,3.5,8.5,123.19000244140625,79.5,5.000899791717529,12.039999961853027,126931.0
2024-03-26,10.75,,4.987,,,,3.5,8.5,123.23999786376953,79.5,4.9721999168396,12.050000190734863,126863.0
2024-03-27,10.75,,4.9856,,,,3.5,8.5,124.05000305175781,79.5,4.9756999015808105,12.050000190734863,127691.0
2024-03-28,10.75,,4.9962,,,,3.5,8.5,124.33000183105469,79.5,4.990300178527832,12.09000015258789,128106.0
2024-03-29,10.75,,,,,,3.5,8.5,124.33000183105469,79.5,5.014100074768066,12.09000015258789,128106.0
2024-03-30,10.75,,,,,,3.5,8.5,124.33000183105469,79.5,5.014100074768066,12.09000015258789,128106.0
2024-03-31,10.75,,,,,,3.5,8.5,124.33000183105469,79.5,5.014100074768066,12.09000015258789,128106.0
2024-04-01,10.75,3.69,5.0532,75.15,2.38,7.5,3.5,8.5,123.29000091552734,79.5,5.013199806213379,12.069999694824219,126990.0
2024-04-02,10.75,,5.0476,,,,3.5,8.5,123.73999786376953,79.5,5.053599834442139,12.109999656677246,127549.0
2024-04-03,10.75,,5.0724,,,,3.5,8.5,123.54000091552734,79.5,5.0644001960754395,12.109999656677246,127318.0
2024-04-04,10.75,,5.0237,,,,3.5,8.5,123.68000030517578,79.5,5.038599967956543,12.119999885559082,127428.0
2024-04-05,10.75,,5.052,,,,3.5,8.5,122.9000015258789,79.5,5.057400226593018,12.140000343322754,126795.0
2024-04-06,10.75,,,,,,3.5,8.5,122.9000015258789,79.5,5.057400226593018,12.140000343322754,126795.0
2024-04-07,10.75,,,,,,3.5,8.5,122.9000015258789,79.5,5.057400226593018,12.140000343322754,126795.0
2024-04-08,10.75,,5.0421,,,,3.5,8.75,125.12999725341797,79.5,5.054900169372559,12.140000343322754,128857.0
2024-04-09,10.75,,5.008,,,,3.5,8.5,125.91000366210938,79.5,5.023900032043457,12.140000343322754,129890.0
2024-04-10,10.75,,5.0654,,,,3.5,8.75,124.1500015258789,79.5,5.007599830627441,12.149999618530273,128054.0
2024-04-11,10.75,,5.0765,,,,3.5,8.5,123.72000122070312,79.5,5.066199779510498,12.149999618530273,127396.0
2024-04-12,10.75,,5.1364,,,,3.5,8.5,122.12000274658203,79.5,5.090400218963623,12.149999618530273,125946.0
2024-04-13,10.75,,,,,,3.5,8.5,122.12000274658203,79.5,5.090400218963623,12.149999618530273,125946.0
2024-04-14,10.75,,,,,,3.5,8.5,122.12000274658203,79.5,5.090400218963623,12.149999618530273,125946.0
2024-04-15,10.75,,5.1746,,,,3.5,8.5,121.55000305175781,79.5,5.117099761962891,12.119999885559082,125334.0
2024-04-16,10.75,,5.2635,,,,3.5,8.5,120.8499984741211,79.5,5.183700084686279,12.119999885559082,124389.0
2024-04-17,10.75,,5.2469,,,,3.5,8.5,120.54000091552734,79.5,5.2855000495910645,12.0600004196167,124171.0
2024-04-18,10.75,,5.2512,,,,3.5,8.5,120.4800033569336,79.5,5.232600212097168,12.029999732971191,124196.0
2024-04-19,10.75,,5.2269,,,,3.5,8.5,121.5199966430664,79.5,5.241700172424316,12.039999961853027,125124.0
2024-04-20,10.75,,,,,,3.5,8.5,121.5199966430664,79.5,5.241700172424316,12.039999961853027,125124.0
2024-04-21,10.75,,,,,,3.5,8.5,121.5199966430664,79.5,5.241700172424316,12.039999961853027,125124.0
2024-04-22,10.75,,5.2043,,,,3.5,8.5,121.80000305175781,79.5,5.206200122833252,12.029999732971191,125573.0
2024-04-23,10.75,,5.1626,,,,3.5,8.5,121.41000366210938,79.5,5.1656999588012695,11.979999542236328,125148.0
2024-04-24,10.75,,5.1592,,,,3.5,8.5,120.97000122070312,79.5,5.130499839782715,11.949999809265137,124741.0
2024-04-25,10.75,,5.1679,,,,3.5,8.5,120.91000366210938,79.5,5.145500183105469,11.949999809265137,124646.0
2024-04-26,10.75,,5.1184,,,,3.5,8.625,122.83000183105469,79.5,5.158599853515625,11.949999809265137,126526.0
2024-04-27,10.75,,,,,,3.5,8.625,122.83000183105469,79.5,5.158599853515625,11.949999809265137,126526.0
2024-04-28,10.75,,,,,,3.5,8.625,122.83000183105469,79.5,5.158599853515625,11.949999809265137,126526.0
2024-04-29,10.75,,5.1155,,,,3.5,8.75,123.7699966430664,79.5,5.115499973297119,11.979999542236328,127352.0
2024-04-30,10.75,,5.1718,,,,3.5,8.75,122.37999725341797,79.5,5.117000102996826,12.020000457763672,125924.0
2024-05-01,10.75,3.93,,75.67,2.49,7.1,3.5,8.75,122.37999725341797,79.5,5.193900108337402,12.020000457763672,125924.0
2024-05-02,10.75,,5.1184,,,,3.5,8.63,123.3499984741211,79.5,5.194399833679199,11.989999771118164,127122.0
2024-05-03,10.75,,5.0668,,,,3.5,8.75,124.94999694824219,79.5,5.110300064086914,12.050000190734863,128509.0
2024-05-04,10.75,,,,,,3.5,8.75,124.94999694824219,79.5,5.110300064086914,12.050000190734863,128509.0
2024-05-05,10.75,,,,,,3.5,8.75,124.94999694824219,79.5,5.110300064086914,12.050000190734863,128509.0
2024-05-06,10.75,,5.0727,,,,3.5,8.75,124.70999908447266,79.5,5.070899963378906,12.050000190734863,128466.0
2024-05-07,10.75,,5.061,,,,3.5,8.75,125.4000015258789,79.5,5.074900150299072,12.050000190734863,129210.0
2024-05-08,10.75,,5.0887,,,,3.5,8.75,125.75,79.5,5.073299884796143,12.069999694824219,129481.0
2024-05-09,10.5,,5.1577,,,,3.5,9.0,124.5199966430664,79.5,5.087900161743164,12.069999694824219,128188.0
2024-05-10,10.5,,5.1464,,,,3.605,9.0,124.01000213623047,79.5,5.1407999992370605,12.079999923706055,127600.0
2024-05-11,10.5,,,,,,3.605,9.0,124.01000213623047,79.5,5.1407999992370605,12.079999923706055,127600.0
2024-05-12,10.5,,,,,,3.605,9.0,124.01000213623047,79.5,5.1407999992370605,12.079999923706055,127600.0
2024-05-13,10.5,,5.1412,,,,3.61,9.0,124.55999755859375,79.5,5.123260021209717,11.979999542236328,128155.0
2024-05-14,10.5,,5.1356,,,,3.5,9.0,124.80999755859375,79.5,5.154200077056885,11.9399995803833,128515.0
2024-05-15,10.5,,5.1423,,,,3.5,9.0,124.2300033569336,79.5,5.127799987792969,11.960000038146973,128028.0
2024-05-16,10.5,,5.127,,,,3.5,9.0,124.55000305175781,79.5,5.133600234985352,11.989999771118164,128284.0
2024-05-17,10.5,,5.1157,,,,3.5001,9.0,124.37000274658203,79.5,5.128600120544434,12.0600004196167,128151.0
2024-05-18,10.5,,,,,,3.5001,9.0,124.37000274658203,79.5,5.128600120544434,12.0600004196167,128151.0
2024-05-19,10.5,,,,,,3.5001,9.0,124.37000274658203,79.5,5.128600120544434,12.0600004196167,128151.0
2024-05-20,10.5,,5.1085,,,,3.5001,9.0,124.12000274658203,79.5,5.1020002365112305,12.029999732971191,127751.0
2024-05-21,10.5,,5.1037,,,,3.53,9.0,123.69999694824219,79.5,5.103099822998047,12.020000457763672,127412.0
2024-05-22,10.5,,5.1502,,,,3.5314,9.0,122.06999969482422,79.5,5.1219000816345215,12.0,125650.0
2024-05-23,10.5,,5.1443,,,,3.5328,9.0,121.0999984741211,79.5,5.151100158691406,11.970000267028809,124729.0
2024-05-24,10.5,,5.1508,,,,3.6,9.0,120.63999938964844,79.5,5.143099784851074,12.1899995803833,124306.0
2024-05-25,10.5,,,,,,3.6,9.0,120.63999938964844,79.5,5.143099784851074,12.1899995803833,124306.0
2024-05-26,10.5,,,,,,3.6,9.0,120.63999938964844,79.5,5.143099784851074,12.1899995803833,124306.0
2024-05-27,10.5,,5.1704,,,,3.6,9.0,120.87000274658203,79.5,5.1697998046875,12.0,124496.0
2024-05-28,10.5,,5.1538,,,,3.6,9.0,120.18000030517578,79.5,5.1717000007629395,11.920000076293945,123780.0
2024-05-29,10.5,,5.1972,,,,3.58,9.0,119.12000274658203,79.5,5.161300182342529,11.960000038146973,122707.0
2024-05-30,10.5,,,,,,3.58,9.0,119.12000274658203,79.5,5.202099800109863,11.960000038146973,122707.0
2024-05-31,10.5,,5.2416,,,,3.6,9.0,118.66000366210938,79.5,5.202099800109863,12.0,122098.0
2024-06-01,10.5,4.23,,76.68,2.4,6.9,3.6,9.0,118.66000366210938,79.5,5.202099800109863,12.0,122098.0
2024-06-02,10.5,,,,,,3.6,9.0,118.66000366210938,79.5,5.202099800109863,12.0,122098.0
2024-06-03,10.5,,5.2373,,,,3.5328,9.0,118.44000244140625,79.5,5.2444000244140625,11.970000267028809,122032.0
2024-06-04,10.5,,5.2687,,,,3.555,9.0,118.16000366210938,79.5,5.249000072479248,11.949999809265137,121802.0
2024-06-05,10.5,,5.2841,,,,3.5775,9.0,117.9000015258789,79.5,5.287700176239014,11.920000076293945,121407.0
2024-06-06,10.5,,5.2681,,,,3.6,9.0,119.4000015258789,79.5,5.3003997802734375,11.90999984741211,122899.0
2024-06-07,10.5,,5.2802,,,,3.6,9.0,117.12999725341797,79.5,5.2571001052856445,11.90999984741211,120767.0
2024-06-08,10.5,,,,,,3.6,9.0,117.12999725341797,79.5,5.2571001052856445,11.90999984741211,120767.0
2024-06-09,10.5,,,,,,3.6,9.0,117.12999725341797,79.5,5.2571001052856445,11.90999984741211,120767.0
2024-06-10,10.5,,5.3666,,,,3.6,9.0,117.3499984741211,79.5,5.270441055297852,11.859999656677246,120760.0
2024-06-11,10.5,,5.3524,,,,3.6,9.0,118.0,79.5,5.352799892425537,11.829999923706055,121635.0
2024-06-12,10.5,,5.3891,,,,3.6,9.0,116.45999908447266,79.5,5.3649001121521,11.800000190734863,119936.0
2024-06-13,10.5,,5.3974,,,,3.6,9.0,116.18000030517578,79.5,5.401000022888184,11.680000305175781,119568.0
2024-06-14,10.5,,5.363,,,,3.605,9.0,116.22000122070312,79.5,5.361599922180176,11.75,119662.0
2024-06-15,10.5,,,,,,3.605,9.0,116.22000122070312,79.5,5.361599922180176,11.75,119662.0
2024-06-16,10.5,,,,,,3.605,9.0,116.22000122070312,79.5,5.361599922180176,11.75,119662.0
2024-06-17,10.5,,5.413,,,,3.64,9.0,115.73999786376953,79.5,5.3572001457214355,11.720000267028809,119138.0
2024-06-18,10.5,,5.4074,,,,3.7,9.0,116.12000274658203,79.5,5.423999786376953,11.6899995803833,119630.0
2024-06-19,10.5,,5.4647,,,,3.7,9.0,116.76000213623047,79.5,5.439899921417236,11.710000038146973,120261.0
2024-06-20,10.5,,5.4254,,,,3.61,9.0,117.12000274658203,79.5,5.422399997711182,11.720000267028809,120446.0
2024-06-21,10.5,,5.4416,,,,3.6527,9.0,118.0199966430664,79.5,5.452400207519531,11.739999771118164,121341.0
2024-06-22,10.5,,,,,,3.6527,9.0,118.0199966430664,79.5,5.452400207519531,11.739999771118164,121341.0
2024-06-23,10.5,,,,,,3.6527,9.0,118.0199966430664,79.5,5.452400207519531,11.739999771118164,121341.0
2024-06-24,10.5,,5.4,,,,3.64,9.0,119.08000183105469,79.5,5.426126003265381,11.6899995803833,122637.0
2024-06-25,10.5,,5.429,,,,3.6,9.0,118.9000015258789,79.5,5.3892998695373535,11.739999771118164,122331.0
2024-06-26,10.5,,5.5097,,,,3.605,9.0,119.13999938964844,79.5,5.450699806213379,11.75,122641.0
2024-06-27,10.5,,5.5229,,,,3.625,9.0,120.80000305175781,79.5,5.522500038146973,11.789999961853027,124308.0
2024-06-28,10.5,,5.5589,,,,3.615,9.0,120.37999725341797,79.5,5.500500202178955,11.869999885559082,123907.0
2024-06-29,10.5,,,,,,3.615,9.0,120.37999725341797,79.5,5.500500202178955,11.869999885559082,123907.0
2024-06-30,10.5,,,,,,3.615,9.0,120.37999725341797,79.5,5.500500202178955,11.869999885559082,123907.0
2024-07-01,10.5,4.5,5.5893,77.21,2.25,6.8,3.605,9.0,121.08000183105469,79.5,5.591899871826172,11.779999732971191,124718.0
2024-07-02,10.5,,5.6677,,,,3.6,9.0,121.33000183105469,79.5,5.65500020980835,11.720000267028809,124787.0
2024-07-03,10.5,,5.5863,,,,3.61,9.0,122.13999938964844,79.5,5.67549991607666,11.699999809265137,125662.0
2024-07-04,10.5,,5.4839,,,,3.6,9.0,122.62000274658203,79.5,5.5553998947143555,11.789999961853027,126164.0
2024-07-05,10.5,,5.497,,,,3.5,9.0,122.69999694824219,79.5,5.486400127410889,11.850000381469727,126267.0
2024-07-06,10.5,,,,,,3.5,9.0,122.69999694824219,79.5,5.486400127410889,11.850000381469727,126267.0
2024-07-07,10.5,,,,,,3.5,9.0,122.69999694824219,79.5,5.486400127410889,11.850000381469727,126267.0
2024-07-08,10.5,,5.472,,,,3.55,9.0,122.94000244140625,79.5,5.471290111541748,11.869999885559082,126548.0
2024-07-09,10.5,,5.4387,,,,3.6,9.0,123.54000091552734,79.5,5.470399856567383,11.880000114440918,127108.0
2024-07-10,10.5,,5.3967,,,,3.6,9.0,123.5,79.5,5.417099952697754,11.880000114440918,127218.0
2024-07-11,10.5,,5.41,,,,3.6,9.0,124.56999969482422,79.5,5.414700031280518,11.890000343322754,128294.0
2024-07-12,10.5,,5.4529,,,,3.6,9.0,125.19999694824219,79.5,5.438000202178955,11.970000267028809,128897.0
2024-07-13,10.5,,,,,,3.6,9.0,125.19999694824219,79.5,5.438000202178955,11.970000267028809,128897.0
2024-07-14,10.5,,,,,,3.6,9.0,125.19999694824219,79.5,5.438000202178955,11.970000267028809,128897.0
2024-07-15,10.5,,5.4563,,,,3.6,9.0,125.72000122070312,79.5,5.422800064086914,11.970000267028809,129321.0
2024-07-16,10.5,,5.4274,,,,3.6,9.0,125.37000274658203,79.5,5.446800231933594,12.010000228881836,129110.0
2024-07-17,10.5,,5.467,,,,3.6,9.125,125.81999969482422,79.5,5.424300193786621,12.020000457763672,129450.0
2024-07-18,10.5,,5.5426,,,,3.5,9.0,124.0199966430664,79.5,5.48769998550415,12.010000228881836,127652.0
2024-07-19,10.5,,5.5543,,,,3.6521,9.0,124.0,79.5,5.5432000160217285,12.029999732971191,127616.0
2024-07-20,10.5,,,,,,3.6521,9.0,124.0,79.5,5.5432000160217285,12.029999732971191,127616.0
2024-07-21,10.5,,,,,,3.6521,9.0,124.0,79.5,5.5432000160217285,12.029999732971191,127616.0
2024-07-22,10.5,,5.5598,,,,3.7,9.0,124.26000213623047,79.5,5.520872116088867,12.029999732971191,127860.0
2024-07-23,10.5,,5.5807,,,,3.6761,9.0,122.94999694824219,79.5,5.570700168609619,12.029999732971191,126590.0
2024-07-24,10.5,,5.6346,,,,3.6461,9.0,122.86000061035156,79.5,5.585299968719482,11.989999771118164,126423.0
2024-07-25,10.5,,5.6402,,,,3.61,9.0,122.41000366210938,79.5,5.653600215911865,11.970000267028809,125954.0
2024-07-26,10.5,,5.6465,,,,3.6,9.5,123.9800033569336,79.5,5.643099784851074,11.970000267028809,127492.0
2024-07-27,10.5,,,,,,3.6,9.5,123.9800033569336,79.5,5.643099784851074,11.970000267028809,127492.0
2024-07-28,10.5,,,,,,3.6,9.5,123.9800033569336,79.5,5.643099784851074,11.970000267028809,127492.0
2024-07-29,10.5,,5.6479,,,,3.6,9.0,123.45999908447266,79.5,5.622840881347656,11.880000114440918,126954.0
2024-07-30,10.5,,5.6532,,,,3.6,9.0,122.70999908447266,79.5,5.614500045776367,11.90999984741211,126139.0
2024-07-31,10.5,,5.6621,,,,3.605,9.5,124.04000091552734,79.5,5.611100196838379,11.920000076293945,127652.0
2024-08-01,10.5,4.24,5.6681,77.36,2.23,6.6,3.67,9.5,123.73999786376953,79.5,5.656599998474121,11.920000076293945,127395.0
2024-08-02,10.5,,5.7366,,,,3.6,9.0,122.37999725341797,79.5,5.7505998611450195,11.9399995803833,125854.0
2024-08-03,10.5,,,,,,3.6,9.0,122.37999725341797,79.5,5.7505998611450195,11.9399995803833,125854.0
2024-08-04,10.5,,,,,,3.6,9.0,122.37999725341797,79.5,5.7505998611450195,11.9399995803833,125854.0
2024-08-05,10.5,,5.7646,,,,3.6,9.0,121.7699966430664,79.5,5.7266998291015625,11.880000114440918,125270.0
2024-08-06,10.5,,5.6528,,,,3.6,9.0,122.73999786376953,79.5,5.720900058746338,11.869999885559082,126267.0
2024-08-07,10.5,,5.6093,,,,3.545,9.0,124.04000091552734,79.5,5.6554999351501465,11.880000114440918,127514.0
2024-08-08,10.5,,5.6172,,,,3.5,9.0,125.30000305175781,79.5,5.635799884796143,11.84000015258789,128661.0
2024-08-09,10.5,,5.5115,,,,3.6,9.25,127.12999725341797,79.5,5.54610013961792,11.859999656677246,130615.0
2024-08-10,10.5,,,,,,3.6,9.25,127.12999725341797,79.5,5.54610013961792,11.859999656677246,130615.0
2024-08-11,10.5,,,,,,3.6,9.25,127.12999725341797,79.5,5.54610013961792,11.859999656677246,130615.0
2024-08-12,10.5,,5.4911,,,,3.6,9.25,127.6500015258789,79.5,5.50629997253418,11.869999885559082,131116.0
2024-08-13,10.5,,5.4875,,,,3.6,9.0,128.77999877929688,79.5,5.4918999671936035,11.890000343322754,132398.0
2024-08-14,10.5,,5.4502,,,,3.6,9.0,129.67999267578125,79.5,5.455699920654297,11.920000076293945,133318.0
2024-08-15,10.5,,5.4651,,,,3.565,9.0,130.49000549316406,79.5,5.468900203704834,12.010000228881836,134153.0
2024-08-16,10.5,,5.4632,,,,3.6,9.5,130.2899932861328,79.5,5.484899997711182,12.050000190734863,133953.0
2024-08-17,10.5,,,,,,3.6,9.5,130.2899932861328,79.5,5.484899997711182,12.050000190734863,133953.0
2024-08-18,10.5,,,,,,3.6,9.5,130.2899932861328,79.5,5.484899997711182,12.050000190734863,133953.0
2024-08-19,10.5,,5.4237,,,,3.6,9.25,131.97999572753906,79.5,5.47130012512207,11.979999542236328,135778.0
2024-08-20,10.5,,5.4547,,,,3.5,9.375,132.44000244140625,79.5,5.405600070953369,12.0,136087.0
2024-08-21,10.5,,5.4707,,,,3.5,9.375,132.74000549316406,79.5,5.478099822998047,11.989999771118164,136464.0
2024-08-22,10.5,,5.5524,,,,3.6,9.5,131.57000732421875,79.5,5.482500076293945,11.979999542236328,135173.0
2024-08-23,10.5,,5.5263,,,,3.685,9.5,131.97999572753906,79.5,5.59089994430542,12.010000228881836,135608.0
2024-08-24,10.5,,,,,,3.685,9.5,131.97999572753906,79.5,5.59089994430542,12.010000228881836,135608.0
2024-08-25,10.5,,,,,,3.685,9.5,131.97999572753906,79.5,5.59089994430542,12.010000228881836,135608.0
2024-08-26,10.5,,5.4921,,,,3.685,9.375,133.2100067138672,79.5,5.485400199890137,12.010000228881836,136889.0
2024-08-27,10.5,,5.4969,,,,3.685,9.5,133.00999450683594,79.5,5.495699882507324,11.989999771118164,136776.0
2024-08-28,10.5,,5.5315,,,,3.6,9.5,133.6199951171875,79.5,5.507900238037109,11.979999542236328,137344.0
2024-08-29,10.5,,5.6358,,,,3.6,9.375,132.1699981689453,79.5,5.56220006942749,11.989999771118164,136041.0
2024-08-30,10.5,,5.6562,,,,3.5,9.5,132.60000610351562,79.5,5.627699851989746,12.010000228881836,136004.0
2024-08-31,10.5,,,,,,3.5,9.5,132.60000610351562,79.5,5.627699851989746,12.010000228881836,136004.0
2024-09-01,10.5,4.42,,77.09,2.12,6.4,3.5,9.5,132.60000610351562,79.5,5.627699851989746,12.010000228881836,136004.0
2024-09-02,10.5,,5.623,,,,3.5,9.0,131.10000610351562,79.5,5.6092000007629395,12.0,134981.0
2024-09-03,10.5,,5.6224,,,,3.5,9.0,130.6300048828125,79.5,5.615099906921387,11.979999542236328,134353.0
2024-09-04,10.5,,5.6359,,,,3.5,9.5,132.3800048828125,79.5,5.647500038146973,11.979999542236328,136111.0
2024-09-05,10.5,,5.6049,,,,3.6,9.5,132.88999938964844,79.5,5.642000198364258,12.0,136502.0
2024-09-06,10.5,,5.5702,,,,3.6,9.5,130.9600067138672,79.5,5.567500114440918,11.949999809265137,134572.0
2024-09-07,10.5,,,,,,3.6,9.5,130.9600067138672,79.5,5.567500114440918,11.949999809265137,134572.0
2024-09-08,10.5,,,,,,3.6,9.5,130.9600067138672,79.5,5.567500114440918,11.949999809265137,134572.0
2024-09-09,10.5,,5.6097,,,,3.6512,9.5,131.0399932861328,79.5,5.59660005569458,11.949999809265137,134737.0
2024-09-10,10.5,,5.6254,,,,3.6506,9.5,130.6300048828125,79.5,5.5843000411987305,11.9399995803833,134320.0
2024-09-11,10.5,,5.6387,,,,3.6506,9.5,131.2100067138672,79.5,5.662899971008301,11.90999984741211,134677.0
2024-09-12,10.5,,5.6554,,,,3.6506,9.5,130.30999755859375,79.5,5.667399883270264,11.890000343322754,134029.0
2024-09-13,10.5,,5.5717,,,,3.605,9.5,131.2100067138672,79.5,5.625699996948242,11.90999984741211,134882.0
2024-09-14,10.5,,,,,,3.605,9.5,131.2100067138672,79.5,5.625699996948242,11.90999984741211,134882.0
2024-09-15,10.5,,,,,,3.605,9.5,131.2100067138672,79.5,5.625699996948242,11.90999984741211,134882.0
2024-09-16,10.5,,5.5207,,,,3.615,9.5,131.3800048828125,79.5,5.612370014190674,11.890000343322754,135118.0
2024-09-17,10.5,,5.501,,,,3.7,9.5,131.3300018310547,79.5,5.503900051116943,11.890000343322754,134960.0
2024-09-18,10.5,,5.4767,,,,3.7,9.5,130.0500030517578,79.5,5.4816999435424805,11.850000381469727,133748.0
2024-09-19,10.75,,5.4189,,,,3.66,9.5,129.3699951171875,79.5,5.460999965667725,11.819999694824219,133123.0
2024-09-20,10.75,,5.4775,,,,3.615,9.5,127.62999725341797,79.5,5.423900127410889,11.829999923706055,131065.0
2024-09-21,10.75,,,,,,3.615,9.5,127.62999725341797,79.5,5.423900127410889,11.829999923706055,131065.0
2024-09-22,10.75,,,,,,3.615,9.5,127.62999725341797,79.5,5.423900127410889,11.829999923706055,131065.0
2024-09-23,10.75,,5.5446,,,,3.61,9.5,127.0,79.5,5.513599872589111,11.720000267028809,130568.0
2024-09-24,10.75,,5.4702,,,,3.61,9.5,128.67999267578125,79.5,5.536099910736084,11.6899995803833,132156.0
2024-09-25,10.75,,5.4736,,,,3.62,9.5,127.91999816894531,79.5,5.449699878692627,11.680000305175781,131586.0
2024-09-26,10.75,,5.4412,,,,3.61,9.5,129.3300018310547,79.5,5.473800182342529,11.65999984741211,133010.0
2024-09-27,10.75,,5.4431,,,,3.6,9.5,129.0399932861328,79.5,5.436699867248535,11.699999809265137,132730.0
2024-09-28,10.75,,,,,,3.6,9.5,129.0399932861328,79.5,5.436699867248535,11.699999809265137,132730.0
2024-09-29,10.75,,,,,,3.6,9.5,129.0399932861328,79.5,5.436699867248535,11.699999809265137,132730.0
2024-09-30,10.75,,5.4481,,,,3.5,9.5,128.42999267578125,79.5,5.433199882507324,11.6899995803833,131816.0
2024-10-01,10.75,4.76,5.4521,77.38,1.91,6.2,3.61,9.5,128.86000061035156,79.5,5.448500156402588,11.600000381469727,132495.0
2024-10-02,10.75,,5.4305,,,,3.605,9.5,129.85000610351562,79.5,5.423999786376953,11.649999618530273,133515.0
2024-10-03,10.75,,5.485,,,,3.5,9.5,128.02999877929688,79.5,5.440299987792969,11.579999923706055,131672.0
2024-10-04,10.75,,5.4686,,,,3.6,9.5,128.1999969482422,79.5,5.47629976272583,11.600000381469727,131792.0
2024-10-05,10.75,,,,,,3.6,9.5,128.1999969482422,79.5,5.47629976272583,11.600000381469727,131792.0
2024-10-06,10.75,,,,,,3.6,9.5,128.1999969482422,79.5,5.47629976272583,11.600000381469727,131792.0
2024-10-07,10.75,,5.4626,,,,3.6,9.5,128.4499969482422,79.5,5.4542999267578125,11.600000381469727,132018.0
2024-10-08,10.75,,5.5197,,,,3.53,9.5,127.93000030517578,79.5,5.494200229644775,11.550000190734863,131512.0
2024-10-09,10.75,,5.5737,,,,3.5001,9.5,126.3499984741211,79.5,5.5346999168396,11.449999809265137,129962.0
2024-10-10,10.75,,5.5819,,,,3.5151,9.5,126.80000305175781,79.5,5.596099853515625,11.369999885559082,130353.0
2024-10-11,10.75,,5.6263,,,,3.6,9.5,126.47000122070312,79.5,5.581699848175049,11.399999618530273,129992.0
2024-10-12,10.75,,,,,,3.6,9.5,126.47000122070312,79.5,5.581699848175049,11.399999618530273,129992.0
2024-10-13,10.75,,,,,,3.6,9.5,126.47000122070312,79.5,5.581699848175049,11.399999618530273,129992.0
2024-10-14,10.75,,5.6045,,,,3.6,9.5,127.5,79.5,5.610599994659424,11.430000305175781,131005.0
2024-10-15,10.75,,5.6378,,,,3.6,9.5,127.4000015258789,79.5,5.594699859619141,11.449999809265137,131043.0
2024-10-16,10.75,,5.6749,,,,3.6,9.5,128.07000732421875,79.5,5.6519999504089355,11.4399995803833,131750.0
2024-10-17,10.75,,5.6758,,,,3.675,9.5,127.30999755859375,79.5,5.668000221252441,11.449999809265137,130793.0
2024-10-18,10.75,,5.6672,,,,3.6,9.5,127.0,79.5,5.651800155639648,11.449999809265137,130499.0
2024-10-19,10.75,,,,,,3.6,9.5,127.0,79.5,5.651800155639648,11.449999809265137,130499.0
2024-10-20,10.75,,,,,,3.6,9.5,127.0,79.5,5.651800155639648,11.449999809265137,130499.0
2024-10-21,10.75,,5.7068,,,,3.6,9.5,126.75,79.5,5.635900020599365,11.399999618530273,130362.0
2024-10-22,10.75,,5.6958,,,,3.69,9.5,126.5,79.5,5.6880998611450195,11.350000381469727,129721.0
2024-10-23,10.75,,5.7149,,,,3.6,9.5,125.80999755859375,79.5,5.689300060272217,11.260000228881836,129233.0
2024-10-24,10.75,,5.7087,,,,3.6,9.5,126.5999984741211,79.5,5.686500072479248,11.25,130067.0
2024-10-25,10.75,,5.6969,,,,3.6,9.5,126.3499984741211,79.5,5.664000034332275,11.25,129893.0
2024-10-26,10.75,,,,,,3.6,9.5,126.3499984741211,79.5,5.664000034332275,11.25,129893.0
2024-10-27,10.75,,,,,,3.6,9.5,126.3499984741211,79.5,5.664000034332275,11.25,129893.0
2024-10-28,10.75,,5.6988,,,,3.6,9.5,127.83999633789062,79.5,5.685812950134277,11.300000190734863,131213.0
2024-10-29,10.75,,5.714,,,,3.6,9.5,127.25,79.5,5.71019983291626,11.329999923706055,130730.0
2024-10-30,10.75,,5.7801,,,,3.52,9.5,127.2300033569336,79.5,5.760000228881836,11.399999618530273,130639.0
2024-10-31,10.75,,5.7779,,,,3.6,9.5,126.26000213623047,79.5,5.76230001449585,11.369999885559082,129713.0
2024-11-01,10.75,4.87,5.8073,77.5,1.64,6.1,3.605,9.75,124.5999984741211,79.5,5.789400100708008,11.359999656677246,128121.0
2024-11-02,10.75,,,,,,3.605,9.75,124.5999984741211,79.5,5.789400100708008,11.359999656677246,128121.0
2024-11-03,10.75,,,,,,3.605,9.75,124.5999984741211,79.5,5.789400100708008,11.359999656677246,128121.0
2024-11-04,10.75,,5.7898,,,,3.61,9.75,127.1500015258789,79.5,5.677525997161865,11.289999961853027,130515.0
2024-11-05,10.75,,5.7846,,,,3.625,9.75,127.1500015258789,79.5,5.790599822998047,11.329999923706055,130661.0
2024-11-06,10.75,,5.7648,,,,3.645,9.75,126.30000305175781,79.5,5.739799976348877,11.260000228881836,130341.0
2024-11-07,11.25,,5.6624,,,,3.74,9.75,126.05999755859375,79.5,5.674799919128418,11.319999694824219,129682.0
2024-11-08,11.25,,5.7648,,,,3.65,10.0,124.5,79.5,5.690999984741211,11.319999694824219,127830.0
2024-11-09,11.25,,,,,,3.65,10.0,124.5,79.5,5.690999984741211,11.319999694824219,127830.0
2024-11-10,11.25,,,,,,3.65,10.0,124.5,79.5,5.690999984741211,11.319999694824219,127830.0
2024-11-11,11.25,,5.798,,,,3.7,9.75,124.3499984741211,79.5,5.736400127410889,11.25,127874.0
2024-11-12,11.25,,5.7694,,,,3.7,10.0,124.19999694824219,79.5,5.75540018081665,11.15999984741211,127698.0
2024-11-13,11.25,,5.7713,,,,3.77,10.0,124.33000183105469,79.5,5.748199939727783,11.170000076293945,127734.0
2024-11-14,11.25,,5.7885,,,,3.7,10.0,124.2699966430664,79.5,5.8059000968933105,11.15999984741211,127792.0
2024-11-15,11.25,,,,,,3.7,10.0,124.2699966430664,79.5,5.788300037384033,11.15999984741211,127792.0
2024-11-16,11.25,,,,,,3.7,10.0,124.2699966430664,79.5,5.788300037384033,11.15999984741211,127792.0
2024-11-17,11.25,,,,,,3.7,10.0,124.2699966430664,79.5,5.788300037384033,11.15999984741211,127792.0
2024-11-18,11.25,,5.7603,,,,3.7,10.0,124.41000366210938,79.5,5.794600009918213,11.1899995803833,127768.0
2024-11-19,11.25,,5.7743,,,,3.7,10.0,124.87999725341797,79.5,5.746399879455566,11.229999542236328,128197.0
2024-11-20,11.25,,,,,,3.7,10.0,124.87999725341797,79.5,5.7718000411987305,11.229999542236328,128197.0
2024-11-21,11.25,,5.8173,,,,3.8,10.0,123.5999984741211,79.5,5.770699977874756,11.229999542236328,126922.0
2024-11-22,11.25,,5.8124,,,,3.8276,10.25,126.0199966430664,79.5,5.8140997886657715,11.199999809265137,129126.0
2024-11-23,11.25,,,,,,3.8276,10.25,126.0199966430664,79.5,5.8140997886657715,11.199999809265137,129126.0
2024-11-24,11.25,,,,,,3.8276,10.25,126.0199966430664,79.5,5.8140997886657715,11.199999809265137,129126.0
2024-11-25,11.25,,5.8002,,,,3.9,10.25,125.66999816894531,79.5,5.799300193786621,11.300000190734863,129036.0
2024-11-26,11.25,,5.799,,,,3.84,10.25,126.6500015258789,79.5,5.7972002029418945,11.3100004196167,129922.0
2024-11-27,11.25,,5.8291,,,,3.84,10.5,124.0999984741211,79.5,5.809599876403809,11.220000267028809,127669.0
2024-11-28,11.25,,5.9871,,,,3.8,10.5,121.30000305175781,79.5,5.937399864196777,11.149999618530273,124610.0
2024-11-29,11.25,,6.0535,,,,3.805,10.5,122.31999969482422,79.5,6.013899803161621,11.09000015258789,125668.0
2024-11-30,11.25,,,,,,3.805,10.5,122.31999969482422,79.5,6.013899803161621,11.09000015258789,125668.0
2024-12-01,11.25,4.83,,76.27,0.4,6.2,3.805,10.5,122.31999969482422,79.5,6.013899803161621,11.09000015258789,125668.0
2024-12-02,11.25,,6.0634,,,,3.84,10.5,121.87999725341797,79.5,5.973199844360352,11.029999732971191,125236.0
2024-12-03,11.25,,6.0707,,,,3.8,10.5,122.68000030517578,79.5,6.05679988861084,10.890000343322754,126139.0
2024-12-04,11.25,,6.0581,,,,3.99,10.5,122.75,79.5,6.043099880218506,10.729999542236328,126087.0
2024-12-05,11.25,,5.9849,,,,3.925,10.5,124.51000213623047,79.5,6.03879976272583,10.550000190734863,127858.0
2024-12-06,11.25,,6.0293,,,,4.0,11.0,122.45999908447266,79.5,6.010300159454346,10.680000305175781,125946.0
2024-12-07,11.25,,,,,,4.0,11.0,122.45999908447266,79.5,6.010300159454346,10.680000305175781,125946.0
2024-12-08,11.25,,,,,,4.0,11.0,122.45999908447266,79.5,6.010300159454346,10.680000305175781,125946.0
2024-12-09,11.25,,6.057,,,,4.0,11.0,123.76000213623047,79.5,6.0883002281188965,10.640000343322754,127210.0
2024-12-10,11.25,,6.0529,,,,4.0,11.0,124.77999877929688,79.5,6.076600074768066,10.550000190734863,128228.0
2024-12-11,11.25,,6.032,,,,4.0,11.0,126.61000061035156,79.5,6.045300006866455,10.5,129593.0
2024-12-12,12.25,,5.9408,,,,4.0,11.0,122.72000122070312,79.5,5.952700138092041,10.510000228881836,126042.0
2024-12-13,12.25,,6.04,,,,4.0,11.25,121.62999725341797,79.5,5.996099948883057,10.550000190734863,124612.0
2024-12-14,12.25,,,,,,4.0,11.25,121.62999725341797,79.5,5.996099948883057,10.550000190734863,124612.0
2024-12-15,12.25,,,,,,4.0,11.25,121.62999725341797,79.5,5.996099948883057,10.550000190734863,124612.0
2024-12-16,12.25,,6.0509,,,,4.0,11.5,120.22000122070312,79.5,6.040900230407715,10.489999771118164,123560.0
2024-12-17,12.25,,6.1685,,,,4.0,11.94,121.5999984741211,79.5,6.147299766540527,10.420000076293945,124698.0
2024-12-18,12.25,,6.1624,,,,4.0,11.97,118.19999694824219,79.5,6.1031999588012695,10.319999694824219,120772.0
2024-12-19,12.25,,6.1841,,,,4.0,11.845,117.9800033569336,79.5,6.288899898529053,10.289999961853027,121188.0
2024-12-20,12.25,,6.078,,,,4.11,11.75,119.05000305175781,79.5,6.151599884033203,10.5,122102.0
2024-12-21,12.25,,,,,,4.11,11.75,119.05000305175781,79.5,6.151599884033203,10.5,122102.0
2024-12-22,12.25,,,,,,4.11,11.75,119.05000305175781,79.5,6.151599884033203,10.5,122102.0
2024-12-23,12.25,,6.1612,,,,4.0149,12.0,117.69999694824219,79.5,6.084199905395508,10.779999732971191,120767.0
2024-12-24,12.25,,6.1541,,,,4.0149,12.25,117.69999694824219,79.5,6.193900108337402,10.779999732971191,120767.0
2024-12-25,12.25,,,,,,4.0149,12.25,117.69999694824219,79.5,6.175600051879883,10.779999732971191,120767.0
2024-12-26,12.25,,6.1656,,,,4.0175,12.25,117.95999908447266,79.5,6.182799816131592,10.949999809265137,121078.0
2024-12-27,12.25,,6.1991,,,,4.09,12.25,117.26000213623047,79.5,6.148499965667725,11.050000190734863,120269.0
2024-12-28,12.25,,,,,,4.09,12.25,117.26000213623047,79.5,6.148499965667725,11.050000190734863,120269.0
2024-12-29,12.25,,,,,,4.09,12.25,117.26000213623047,79.5,6.148499965667725,11.050000190734863,120269.0
2024-12-30,12.25,,6.1923,,,,4.0,12.25,117.2699966430664,79.5,6.193699836730957,11.100000381469727,120283.0
2024-12-31,12.25,,6.1923,,,,4.0,12.25,117.2699966430664,79.5,6.1778998374938965,11.100000381469727,120283.0
2025-01-01,12.25,4.56,,75.48,0.39,6.5,4.0,12.25,117.2699966430664,79.5,6.1778998374938965,11.100000381469727,120283.0
2025-01-02,12.25,,6.2086,,,,4.0,12.0,117.0999984741211,79.5,6.300000190734863,11.109999656677246,120125.0
2025-01-03,12.25,,6.1563,,,,4.03,12.0,115.44999694824219,79.5,6.151000022888184,11.15999984741211,118533.0
2025-01-04,12.25,,,,,,4.03,12.0,115.44999694824219,79.5,6.151000022888184,11.15999984741211,118533.0
2025-01-05,12.25,,,,,,4.03,12.0,115.44999694824219,79.5,6.151000022888184,11.15999984741211,118533.0
2025-01-06,12.25,,6.1119,,,,3.807,12.0,117.06999969482422,79.5,6.180699825286865,11.069999694824219,120022.0
2025-01-07,12.25,,6.0741,,,,3.8,12.0,118.1500015258789,79.5,6.115499973297119,11.050000190734863,121163.0
2025-01-08,12.25,,6.1321,,,,3.8,11.75,116.66999816894531,79.5,6.100900173187256,11.010000228881836,119625.0
2025-01-09,12.25,,6.0896,,,,3.8,11.75,116.81999969482422,79.5,6.105800151824951,10.920000076293945,119781.0
2025-01-10,12.25,,6.0965,,,,4.0,12.0,115.95999908447266,79.5,6.034599781036377,10.9399995803833,118856.0
2025-01-11,12.25,,,,,,4.0,12.0,115.95999908447266,79.5,6.034599781036377,10.9399995803833,118856.0
2025-01-12,12.25,,,,,,4.0,12.0,115.95999908447266,79.5,6.034599781036377,10.9399995803833,118856.0
2025-01-13,12.25,,6.1079,,,,4.07,12.0,116.0199966430664,79.5,6.105899810791016,10.90999984741211,119007.0
2025-01-14,12.25,,6.0671,,,,4.07,12.25,116.45999908447266,79.5,6.093400001525879,10.90999984741211,119299.0
2025-01-15,12.25,,6.0377,,,,4.095,12.375,119.56999969482422,79.5,6.054800033569336,11.0,122650.0
2025-01-16,12.25,,6.0322,,,,4.095,12.5,118.33000183105469,79.5,6.012199878692627,11.0,121234.0
2025-01-17,12.25,,6.0609,,,,4.1,12.5,119.25,79.5,6.049900054931641,10.819999694824219,122350.0
2025-01-18,12.25,,,,,,4.1,12.5,119.25,79.5,6.049900054931641,10.819999694824219,122350.0
2025-01-19,12.25,,,,,,4.1,12.5,119.25,79.5,6.049900054931641,10.819999694824219,122350.0
2025-01-20,12.25,,6.0498,,,,4.03,12.5,119.80999755859375,79.5,6.066163063049316,10.8100004196167,122543.0
2025-01-21,12.25,,6.044,,,,4.0287,12.5,120.30000305175781,79.5,6.029799938201904,10.710000038146973,123338.0
2025-01-22,12.25,,5.9674,,,,4.03,12.0,119.91999816894531,79.5,6.020500183105469,10.710000038146973,122972.0
2025-01-23,12.25,,5.9399,,,,4.05,12.5,119.31999969482422,79.5,5.940299987792969,10.6899995803833,122483.0
2025-01-24,12.25,,5.8925,,,,4.2601,12.5,119.44999694824219,79.5,5.923999786376953,10.680000305175781,122447.0
2025-01-25,12.25,,,,,,4.2601,12.5,119.44999694824219,79.5,5.923999786376953,10.680000305175781,122447.0
2025-01-26,12.25,,,,,,4.2601,12.5,119.44999694824219,79.5,5.923999786376953,10.680000305175781,122447.0
2025-01-27,12.25,,5.9272,,,,4.25,12.5,121.87000274658203,79.5,5.90910005569458,10.630000114440918,124862.0
2025-01-28,12.25,,5.893,,,,4.25,12.5,121.02999877929688,79.5,5.892600059509277,10.579999923706055,124056.0
2025-01-29,12.25,,5.8596,,,,4.25,12.5,120.16999816894531,79.5,5.856100082397461,10.5600004196167,123432.0
2025-01-30,13.25,,5.9006,,,,4.3793,12.5,123.94999694824219,79.5,5.8566999435424805,10.699999809265137,126913.0
2025-01-31,13.25,,5.8301,,,,4.28,12.625,123.0,79.5,5.874499797821045,10.770000457763672,126135.0
2025-02-01,13.25,5.06,,75.78,0.13,6.8,4.28,12.625,123.0,79.5,5.874499797821045,10.770000457763672,126135.0
2025-02-02,13.25,,,,,,4.28,12.625,123.0,79.5,5.874499797821045,10.770000457763672,126135.0
2025-02-03,13.25,,5.8687,,,,4.285,12.5,122.63999938964844,79.5,5.84060001373291,10.649999618530273,125970.0
2025-02-04,13.25,,5.7927,,,,4.285,12.5,121.91000366210938,79.5,5.80620002746582,10.6899995803833,125147.0
2025-02-05,13.25,,5.7997,,,,4.2318,12.5,122.37000274658203,79.5,5.7571001052856445,10.65999984741211,125534.0
2025-02-06,13.25,,5.7856,,,,4.2345,12.5,123.16000366210938,79.5,5.8028998374938965,10.6899995803833,126225.0
2025-02-07,13.25,,5.7557,,,,4.2316,12.5,121.4800033569336,79.5,5.760499954223633,10.6899995803833,124619.0
2025-02-08,13.25,,,,,,4.2316,12.5,121.4800033569336,79.5,5.760499954223633,10.6899995803833,124619.0
2025-02-09,13.25,,,,,,4.2316,12.5,121.4800033569336,79.5,5.760499954223633,10.6899995803833,124619.0
2025-02-10,13.25,,5.7808,,,,4.229,12.5,122.55000305175781,79.5,5.803199768066406,10.699999809265137,125572.0
2025-02-11,13.25,,5.7788,,,,4.2362,12.5,123.44999694824219,79.5,5.786900043487549,10.6899995803833,126522.0
2025-02-12,13.25,,5.7711,,,,4.3465,12.5,121.25,79.5,5.764500141143799,10.680000305175781,124380.0
2025-02-13,13.25,,5.7788,,,,4.2362,12.5,121.68000030517578,79.5,5.764400005340576,10.710000038146973,124850.0
2025-02-14,13.25,,5.7283,,,,4.23,12.5,124.87000274658203,79.5,5.766900062561035,10.720000267028809,128219.0
2025-02-15,13.25,,,,,,4.23,12.5,124.87000274658203,79.5,5.766900062561035,10.720000267028809,128219.0
2025-02-16,13.25,,,,,,4.23,12.5,124.87000274658203,79.5,5.766900062561035,10.720000267028809,128219.0
2025-02-17,13.25,,5.7105,,,,4.2186,12.5,125.25,79.5,5.701200008392334,10.829999923706055,128869.0
2025-02-18,13.25,,5.6979,,,,4.1974,12.5,125.30000305175781,79.5,5.712100028991699,10.859999656677246,128532.0
2025-02-19,13.25,,5.7087,,,,4.1879,12.5,124.01000213623047,79.5,5.688600063323975,10.890000343322754,127309.0
2025-02-20,13.25,,5.7019,,,,4.2295,12.5,124.47000122070312,79.5,5.720300197601318,10.970000267028809,127601.0
2025-02-21,13.25,,5.7027,,,,4.4,12.5,123.94000244140625,79.5,5.701300144195557,11.0600004196167,127128.0
2025-02-22,13.25,,,,,,4.4,12.5,123.94000244140625,79.5,5.701300144195557,11.0600004196167,127128.0
2025-02-23,13.25,,,,,,4.4,12.5,123.94000244140625,79.5,5.701300144195557,11.0600004196167,127128.0
2025-02-24,13.25,,5.7258,,,,4.3844,12.5,122.48999786376953,79.5,5.730999946594238,11.09000015258789,125401.0
2025-02-25,13.25,,5.7779,,,,4.3005,12.5,122.83000183105469,79.5,5.7778000831604,11.079999923706055,125980.0
2025-02-26,13.25,,5.7757,,,,4.4,12.5,121.81999969482422,79.5,5.740300178527832,11.100000381469727,124769.0
2025-02-27,13.25,,5.8228,,,,4.4,12.5,121.75,79.5,5.801700115203857,11.100000381469727,124799.0
2025-02-28,13.25,,5.8488,,,,4.4,12.5,120.01000213623047,79.5,5.839000225067139,11.079999923706055,122799.0
2025-03-01,13.25,5.48,,75.55,0.11,7.0,4.4,12.5,120.01000213623047,79.5,5.839000225067139,11.079999923706055,122799.0
2025-03-02,13.25,,,,,,4.4,12.5,120.01000213623047,79.5,5.839000225067139,11.079999923706055,122799.0
2025-03-03,13.25,,,,,,4.4,12.5,120.01000213623047,79.5,5.88040018081665,11.079999923706055,122799.0
2025-03-04,13.25,,,,,,4.4,12.5,120.01000213623047,79.5,6.020500183105469,11.079999923706055,122799.0
2025-03-05,13.25,,5.7914,,,,4.4,12.5,120.05000305175781,79.5,5.885700225830078,11.119999885559082,123047.0
2025-03-06,13.25,,5.7489,,,,4.4,12.5,120.4000015258789,79.5,5.740099906921387,11.1899995803833,123358.0
2025-03-07,13.25,,5.7688,,,,4.2447,12.5,121.94999694824219,79.5,5.763000011444092,11.220000267028809,125035.0
2025-03-08,13.25,,,,,,4.2447,12.5,121.94999694824219,79.5,5.763000011444092,11.220000267028809,125035.0
2025-03-09,13.25,,,,,,4.2447,12.5,121.94999694824219,79.5,5.763000011444092,11.220000267028809,125035.0
2025-03-10,13.25,,5.793,,,,4.3009,12.5,121.30000305175781,79.5,5.782899856567383,11.220000267028809,124519.0
2025-03-11,13.25,,5.8346,,,,4.3922,12.5,120.55000305175781,79.5,5.85290002822876,11.279999732971191,123507.0
2025-03-12,13.25,,5.8268,,,,4.45,12.5,120.73999786376953,79.5,5.808599948883057,11.300000190734863,123864.0
2025-03-13,13.25,,5.8131,,,,4.405,12.5,122.51000213623047,79.5,5.797800064086914,11.329999923706055,125637.0
2025-03-14,13.25,,5.7419,,,,4.4989,12.5,125.75,79.5,5.798500061035156,11.399999618530273,128957.0
2025-03-15,13.25,,,,,,4.4989,12.5,125.75,79.5,5.798500061035156,11.399999618530273,128957.0
2025-03-16,13.25,,,,,,4.4989,12.5,125.75,79.5,5.798500061035156,11.399999618530273,128957.0
2025-03-17,13.25,,5.7082,,,,4.4676,12.5,127.76000213623047,79.5,5.740600109100342,11.479999542236328,130834.0
2025-03-18,13.25,,5.6852,,,,4.4996,12.5,128.25999450683594,79.5,5.678069114685059,11.489999771118164,131475.0
2025-03-19,13.25,,5.6657,,,,4.4991,12.5,129.60000610351562,79.5,5.672100067138672,11.569999694824219,132508.0
2025-03-20,14.25,,5.6628,,,,4.4836,12.5,128.85000610351562,79.5,5.648099899291992,11.619999885559082,131955.0
2025-03-21,14.25,,5.7241,,,,4.5,12.5,128.97999572753906,79.5,5.673900127410889,11.550000190734863,132345.0
2025-03-22,14.25,,,,,,4.5,12.5,128.97999572753906,79.5,5.673900127410889,11.550000190734863,132345.0
2025-03-23,14.25,,,,,,4.5,12.5,128.97999572753906,79.5,5.673900127410889,11.550000190734863,132345.0
2025-03-24,14.25,,5.7403,,,,4.5,12.5,128.19000244140625,79.5,5.729599952697754,11.5600004196167,131321.0
2025-03-25,14.25,,5.6992,,,,4.5,12.75,129.0399932861328,79.5,5.760799884796143,11.569999694824219,132068.0
2025-03-26,14.25,,5.7298,,,,4.5,12.75,129.24000549316406,79.5,5.698400020599365,11.630000114440918,132520.0
2025-03-27,14.25,,5.7474,,,,4.5,12.75,129.77999877929688,79.5,5.733500003814697,11.680000305175781,133149.0
2025-03-28,14.25,,5.766,,,,4.5,12.5,128.69000244140625,79.5,5.739299774169922,11.6899995803833,131902.0
2025-03-29,14.25,,,,,,4.5,12.5,128.69000244140625,79.5,5.739299774169922,11.6899995803833,131902.0
2025-03-30,14.25,,,,,,4.5,12.5,128.69000244140625,79.5,5.739299774169922,11.6899995803833,131902.0
2025-03-31,14.25,,5.7422,,,,4.5,12.75,127.30000305175781,79.5,5.7581000328063965,11.729999542236328,130260.0
2025-04-01,14.25,5.53,5.7051,75.62,0.05,6.6,4.5,12.5,128.0399932861328,79.5,5.698400020599365,11.770000457763672,131147.0
2025-04-02,14.25,,5.6923,,,,4.5,12.75,128.89999389648438,79.5,5.681300163269043,11.699999809265137,131190.0
2025-04-03,14.25,,5.6067,,,,4.4979,12.75,128.10000610351562,79.5,5.663700103759766,11.6899995803833,131141.0
2025-04-04,14.25,,5.7777,,,,4.42,11.625,124.12999725341797,79.5,5.6305999755859375,11.619999885559082,127256.0
2025-04-05,14.25,,,,,,4.42,11.625,124.12999725341797,79.5,5.6305999755859375,11.619999885559082,127256.0
2025-04-06,14.25,,,,,,4.42,11.625,124.12999725341797,79.5,5.6305999755859375,11.619999885559082,127256.0
2025-04-07,14.25,,5.8877,,,,4.5,11.85,122.7300033569336,79.5,5.840030193328857,11.539999961853027,125588.0
2025-04-08,14.25,,5.9368,,,,4.4841,12.0,121.04000091552734,79.5,5.913599967956543,11.5,123932.0
2025-04-09,14.25,,6.0605,,,,4.4781,12.5,124.55000305175781,79.5,6.013299942016602,11.510000228881836,127796.0
2025-04-10,14.25,,5.9115,,,,4.4841,12.5,123.41000366210938,79.5,5.8180999755859375,11.550000190734863,126355.0
2025-04-11,14.25,,5.8737,,,,4.5,12.5,124.72000122070312,79.5,5.884300231933594,11.550000190734863,127682.0
2025-04-12,14.25,,,,,,4.5,12.5,124.72000122070312,79.5,5.884300231933594,11.550000190734863,127682.0
2025-04-13,14.25,,,,,,4.5,12.5,124.72000122070312,79.5,5.884300231933594,11.550000190734863,127682.0
2025-04-14,14.25,,5.8425,,,,4.5101,12.5,126.41000366210938,79.5,5.864200115203857,11.670000076293945,129454.0
2025-04-15,14.25,,5.8707,,,,4.5039,12.5,126.19999694824219,79.5,5.8541998863220215,11.680000305175781,129245.0
2025-04-16,14.25,,5.8808,,,,4.5,12.5,125.27999877929688,79.5,5.8846001625061035,11.739999771118164,128317.0
2025-04-17,14.25,,5.8559,,,,4.5,12.5,126.52999877929688,79.5,5.8653998374938965,11.829999923706055,129650.0
2025-04-18,14.25,,,,,,4.5,12.5,126.52999877929688,79.5,5.8653998374938965,11.829999923706055,129650.0
2025-04-19,14.25,,,,,,4.5,12.5,126.52999877929688,79.5,5.8653998374938965,11.829999923706055,129650.0
2025-04-20,14.25,,,,,,4.5,12.5,126.52999877929688,79.5,5.8653998374938965,11.829999923706055,129650.0
2025-04-21,14.25,,,,,,4.5,12.5,126.52999877929688,79.5,5.8653998374938965,11.829999923706055,129650.0
2025-04-22,14.25,,5.7496,,,,4.5,12.5,127.33000183105469,79.5,5.80709981918335,11.880000114440918,130464.0
2025-04-23,14.25,,5.688,,,,4.5,12.5,129.0800018310547,79.5,5.719900131225586,11.949999809265137,132216.0
2025-04-24,14.25,,5.6738,,,,4.5051,12.5,131.3800048828125,79.5,5.703400135040283,11.970000267028809,134580.0
2025-04-25,14.25,,5.6846,,,,4.5148,12.5,131.49000549316406,79.5,5.678699970245361,12.020000457763672,134739.0
2025-04-26,14.25,,,,,,4.5148,12.5,131.49000549316406,79.5,5.678699970245361,12.020000457763672,134739.0
2025-04-27,14.25,,,,,,4.5148,12.5,131.49000549316406,79.5,5.678699970245361,12.020000457763672,134739.0
2025-04-28,14.25,,5.6681,,,,4.4682,12.0,131.64999389648438,79.5,5.684700012207031,12.020000457763672,135016.0
2025-04-29,14.25,,5.6467,,,,4.4993,12.25,131.86000061035156,79.5,5.652900218963623,12.050000190734863,135093.0
2025-04-30,14.25,,5.6608,,,,4.5,12.5,131.6300048828125,79.5,5.619999885559082,12.119999885559082,135067.0
2025-05-01,14.25,5.32,,75.75,-0.2,6.2,4.5,12.5,131.6300048828125,79.5,5.672900199890137,12.119999885559082,135067.0
2025-05-02,14.25,,5.6394,,,,4.5149,12.5,131.85000610351562,79.5,5.67710018157959,12.130000114440918,135134.0
2025-05-03,14.25,,,,,,4.5149,12.5,131.85000610351562,79.5,5.67710018157959,12.130000114440918,135134.0
2025-05-04,14.25,,,,,,4.5149,12.5,131.85000610351562,79.5,5.67710018157959,12.130000114440918,135134.0
2025-05-05,14.25,,5.652,,,,4.53,12.5,130.33999633789062,79.5,5.666900157928467,12.010000228881836,133491.0
2025-05-06,14.25,,5.721,,,,4.53,12.5,130.3800048828125,79.5,5.686299800872803,12.029999732971191,133516.0
2025-05-07,14.25,,5.7375,,,,4.5402,12.5,130.2100067138672,79.5,5.712800025939941,12.0,133398.0
2025-05-08,14.75,,5.686,,,,4.5252,12.5,133.0399932861328,79.5,5.74459981918335,12.050000190734863,136232.0
2025-05-09,14.75,,5.6511,,,,4.5,12.5,133.24000549316406,79.5,5.661600112915039,12.079999923706055,136512.0
2025-05-10,14.75,,,,,,4.5,12.5,133.24000549316406,79.5,5.661600112915039,12.079999923706055,136512.0
2025-05-11,14.75,,,,,,4.5,12.5,133.24000549316406,79.5,5.661600112915039,12.079999923706055,136512.0
2025-05-12,14.75,,5.6822,,,,4.4842,12.5,133.38999938964844,79.5,5.648200035095215,12.079999923706055,136563.0
2025-05-13,14.75,,5.6262,,,,4.4649,12.5,135.61000061035156,79.5,5.6697998046875,12.0600004196167,138963.0
2025-05-14,14.75,,5.61,,,,4.4649,12.0,135.30999755859375,79.5,5.60046911239624,12.069999694824219,138423.0
2025-05-15,14.75,,5.6328,,,,4.4649,12.0,136.07000732421875,79.5,5.636499881744385,12.149999618530273,139334.0
2025-05-16,14.75,,5.6925,,,,4.5,12.25,136.11000061035156,79.5,5.681300163269043,12.199999809265137,139187.0
2025-05-17,14.75,,,,,,4.5,12.25,136.11000061035156,79.5,5.681300163269043,12.199999809265137,139187.0
2025-05-18,14.75,,,,,,4.5,12.25,136.11000061035156,79.5,5.681300163269043,12.199999809265137,139187.0
2025-05-19,14.75,,5.6591,,,,4.5,12.5,136.4199981689453,79.5,5.6586737632751465,12.199999809265137,139636.0
2025-05-20,14.75,,5.662,,,,4.5,12.5,136.83999633789062,79.5,5.644499778747559,12.199999809265137,140110.0
2025-05-21,14.75,,5.6571,,,,4.5,12.5,134.58999633789062,79.5,5.667300224304199,12.170000076293945,137881.0
2025-05-22,14.75,,5.639,,,,4.4997,12.5,134.0500030517578,79.5,5.644700050354004,12.199999809265137,137273.0
2025-05-23,14.75,,5.6932,,,,4.52,12.5,134.47000122070312,79.5,5.71619987487793,12.170000076293945,137824.0
2025-05-24,14.75,,,,,,4.52,12.5,134.47000122070312,79.5,5.71619987487793,12.170000076293945,137824.0
2025-05-25,14.75,,,,,,4.52,12.5,134.47000122070312,79.5,5.71619987487793,12.170000076293945,137824.0
2025-05-26,14.75,,5.6619,,,,4.5204,12.5,135.00999450683594,79.5,5.645199775695801,12.1899995803833,138136.0
2025-05-27,14.75,,5.6539,,,,4.5204,12.5,136.4600067138672,79.5,5.666600227355957,12.1899995803833,139541.0
2025-05-28,14.75,,5.6936,,,,4.5204,12.5,135.7100067138672,79.5,5.637400150299072,12.199999809265137,138888.0
2025-05-29,14.75,,5.6559,,,,4.5,12.5,135.36000061035156,79.5,5.688700199127197,12.220000267028809,138534.0
2025-05-30,14.75,,5.7087,,,,4.5,12.5,133.99000549316406,79.5,5.66510009765625,12.239999771118164,137027.0
2025-05-31,14.75,,,,,,4.5,12.5,133.99000549316406,79.5,5.66510009765625,12.239999771118164,137027.0
2025-06-01,14.75,5.35,,76.3,-0.15,5.8,4.5,12.5,133.99000549316406,79.5,5.66510009765625,12.239999771118164,137027.0
2025-06-02,14.75,,5.6937,,,,4.476,12.5,133.60000610351562,79.5,5.720799922943115,12.210000038146973,136787.0
2025-06-03,14.75,,5.6694,,,,4.4889,12.5,134.39999389648438,79.5,5.672399997711182,12.1899995803833,137546.0
2025-06-04,14.75,,5.6332,,,,4.5,12.5,133.80999755859375,79.5,5.637800216674805,12.239999771118164,137002.0
2025-06-05,14.75,,5.5969,,,,4.5,12.5,133.25,79.5,5.6321001052856445,12.239999771118164,136236.0
2025-06-06,14.75,,5.5947,,,,4.5,12.5,133.05999755859375,79.5,5.58459997177124,12.199999809265137,136102.0
2025-06-07,14.75,,,,,,4.5,12.5,133.05999755859375,79.5,5.58459997177124,12.199999809265137,136102.0
2025-06-08,14.75,,,,,,4.5,12.5,133.05999755859375,79.5,5.58459997177124,12.199999809265137,136102.0
2025-06-09,14.75,,5.576,,,,4.5,12.5,132.72999572753906,79.5,5.562699794769287,12.100000381469727,135699.0
2025-06-10,14.75,,5.5557,,,,4.5,12.5,133.35000610351562,79.5,5.557000160217285,12.050000190734863,136436.0
2025-06-11,14.75,,5.539,,,,4.5,12.5,133.97000122070312,79.5,5.5721001625061035,12.069999694824219,137128.0
2025-06-12,14.75,,5.5388,,,,4.5,12.5,134.66000366210938,79.5,5.535799980163574,12.020000457763672,137800.0
2025-06-13,14.75,,5.5652,,,,4.5,12.5,133.99000549316406,79.5,5.537300109863281,12.109999656677246,137213.0
2025-06-14,14.75,,,,,,4.5,12.5,133.99000549316406,79.5,5.537300109863281,12.109999656677246,137213.0
2025-06-15,14.75,,,,,,4.5,12.5,133.99000549316406,79.5,5.537300109863281,12.109999656677246,137213.0
2025-06-16,14.75,,5.5123,,,,4.5,12.5,136.07000732421875,79.5,5.538899898529053,12.149999618530273,139256.0
2025-06-17,14.75,,5.4773,,,,4.51,12.5,135.3800048828125,79.5,5.490799903869629,12.170000076293945,138840.0
2025-06-18,14.75,,5.4879,,,,4.51,12.5,135.4199981689453,79.5,5.493000030517578,12.1899995803833,138717.0
2025-06-19,15.0,,,,,,4.51,12.5,135.4199981689453,79.5,5.485199928283691,12.1899995803833,138717.0
2025-06-20,15.0,,5.4957,,,,4.5,12.5,133.89999389648438,79.5,5.489999771118164,12.199999809265137,137116.0
2025-06-21,15.0,,,,,,4.5,12.5,133.89999389648438,79.5,5.489999771118164,12.199999809265137,137116.0
2025-06-22,15.0,,,,,,4.5,12.5,133.89999389648438,79.5,5.489999771118164,12.199999809265137,137116.0
2025-06-23,15.0,,5.5213,,,,4.5,12.5,133.47000122070312,79.5,5.518400192260742,12.130000114440918,136551.0
2025-06-24,15.0,,5.4938,,,,4.5,12.5,134.07000732421875,79.5,5.493800163269043,12.15999984741211,137165.0
2025-06-25,15.0,,5.5427,,,,4.5,12.5,132.5500030517578,79.5,5.510300159454346,12.220000267028809,135767.0
2025-06-26,15.0,,5.5145,,,,4.5,12.5,133.9600067138672,79.5,5.5578999519348145,12.25,137114.0
2025-06-27,15.0,,5.4759,,,,4.4897,12.5,133.7899932861328,79.5,5.477099895477295,12.210000038146973,136866.0
2025-06-28,15.0,,,,,,4.4897,12.5,133.7899932861328,79.5,5.477099895477295,12.210000038146973,136866.0
2025-06-29,15.0,,,,,,4.4897,12.5,133.7899932861328,79.5,5.477099895477295,12.210000038146973,136866.0
2025-06-30,15.0,,5.4571,,,,4.5,12.5,135.85000610351562,79.5,5.478400230407715,12.329999923706055,138855.0
2025-07-01,15.0,5.23,5.4511,77.18,0.22,5.6,4.4801,12.5,136.52000427246094,79.5,5.430200099945068,12.329999923706055,139549.0
2025-07-02,15.0,,5.4512,,,,4.4676,12.5,135.91000366210938,79.5,5.458799839019775,12.300000190734863,139051.0
2025-07-03,15.0,,5.4208,,,,4.4821,12.5,137.9199981689453,79.5,5.426400184631348,12.359999656677246,140928.0
2025-07-04,15.0,,5.409,,,,4.472,12.0,138.1300048828125,79.5,5.409299850463867,12.369999885559082,141478.0
2025-07-05,15.0,,,,,,4.472,12.0,138.1300048828125,79.5,5.409299850463867,12.369999885559082,141478.0
2025-07-06,15.0,,,,,,4.472,12.0,138.1300048828125,79.5,5.409299850463867,12.369999885559082,141478.0
2025-07-07,15.0,,5.4552,,,,4.472,12.125,136.4499969482422,79.5,5.419400215148926,12.399999618530273,139490.0
2025-07-08,15.0,,5.4571,,,,4.4949,12.5,136.14999389648438,79.5,5.48769998550415,12.359999656677246,139303.0
2025-07-09,15.0,,5.4626,,,,4.4779,12.5,134.11000061035156,79.5,5.446100234985352,12.350000381469727,137481.0
2025-07-10,15.0,,5.5433,,,,4.472,12.5,133.61000061035156,79.5,5.5817999839782715,12.329999923706055,136743.0
2025-07-11,15.0,,5.5722,,,,4.4997,12.5,133.5,79.5,5.531099796295166,12.329999923706055,136187.0
2025-07-12,15.0,,,,,,4.4997,12.5,133.5,79.5,5.531099796295166,12.329999923706055,136187.0
2025-07-13,15.0,,,,,,4.4997,12.5,133.5,79.5,5.531099796295166,12.329999923706055,136187.0
2025-07-14,15.0,,5.5595,,,,4.5,12.5,132.08999633789062,79.5,5.571899890899658,12.329999923706055,135299.0
2025-07-15,15.0,,5.5576,,,,4.5,12.5,132.3699951171875,79.5,5.586999893188477,12.329999923706055,135250.0
2025-07-16,15.0,,5.5722,,,,4.4846,12.5,132.39999389648438,79.5,5.5510029792785645,12.319999694824219,135511.0
2025-07-17,15.0,,5.5737,,,,4.4993,12.5,132.47000122070312,79.5,5.5665998458862305,12.329999923706055,135565.0
2025-07-18,15.0,,5.5466,,,,4.4465,12.5,130.3000030517578,79.5,5.546599864959717,12.260000228881836,133382.0
2025-07-19,15.0,,,,,,4.4465,12.5,130.3000030517578,79.5,5.546599864959717,12.260000228881836,133382.0
2025-07-20,15.0,,,,,,4.4465,12.5,130.3000030517578,79.5,5.546599864959717,12.260000228881836,133382.0
2025-07-21,15.0,,5.5625,,,,4.4465,12.5,131.1999969482422,79.5,5.578100204467773,12.170000076293945,134167.0
2025-07-22,15.0,,5.5709,,,,4.4465,12.5,131.14999389648438,79.5,5.565499782562256,12.170000076293945,134036.0
2025-07-23,15.0,,5.5537,,,,4.4459,12.5,132.38999938964844,79.5,5.563899993896484,12.15999984741211,135368.0
2025-07-24,15.0,,5.5239,,,,4.4369,12.5,130.77999877929688,79.5,5.51639986038208,12.1899995803833,133808.0
2025-07-25,15.0,,5.5426,,,,4.4467,12.5,130.4499969482422,79.5,5.519999980926514,12.180000305175781,133524.0
2025-07-26,15.0,,,,,,4.4467,12.5,130.4499969482422,79.5,5.519999980926514,12.180000305175781,133524.0
2025-07-27,15.0,,,,,,4.4467,12.5,130.4499969482422,79.5,5.519999980926514,12.180000305175781,133524.0
2025-07-28,15.0,,5.5877,,,,4.4465,12.5,129.25,79.5,5.565199851989746,12.119999885559082,132129.0
2025-07-29,15.0,,5.5764,,,,4.4465,12.5,129.5,79.5,5.5868000984191895,12.100000381469727,132726.0
2025-07-30,15.0,,5.6034,,,,4.4467,12.5,130.92999267578125,79.5,5.573200225830078,12.050000190734863,133990.0
2025-07-31,15.0,,5.6021,,,,4.4369,12.5,129.8800048828125,79.5,5.575399875640869,12.15999984741211,133071.0
2025-08-01,15.0,5.13,5.5436,77.31,0.19,5.6,4.3938,12.5,129.57000732421875,79.5,5.598800182342529,12.069999694824219,132437.0
2025-08-02,15.0,,,,,,4.3938,12.5,129.57000732421875,79.5,5.598800182342529,12.069999694824219,132437.0
2025-08-03,15.0,,,,,,4.3938,12.5,129.57000732421875,79.5,5.598800182342529,12.069999694824219,132437.0
2025-08-04,15.0,,5.5113,,,,4.43,12.5,130.0,79.5,5.537899971008301,12.09000015258789,132971.0
2025-08-05,15.0,,5.5119,,,,4.43,12.5,130.16000366210938,79.5,5.496099948883057,12.09000015258789,133151.0
2025-08-06,15.0,,5.4802,,,,4.43,12.5,131.49000549316406,79.5,5.502999782562256,12.029999732971191,134538.0
2025-08-07,15.0,,5.4638,,,,4.4293,12.5,133.52000427246094,79.5,5.458899974822998,12.100000381469727,136528.0
2025-08-08,15.0,,5.4254,,,,4.4147,12.5,132.91000366210938,79.5,5.414299964904785,12.09000015258789,135913.0
2025-08-09,15.0,,,,,,4.4147,12.5,132.91000366210938,79.5,5.414299964904785,12.09000015258789,135913.0
2025-08-10,15.0,,,,,,4.4147,12.5,132.91000366210938,79.5,5.414299964904785,12.09000015258789,135913.0
2025-08-11,15.0,,5.4473,,,,4.34,12.5,132.5,79.5,5.432300090789795,12.130000114440918,135623.0
2025-08-12,15.0,,5.4052,,,,4.3531,12.5,135.10000610351562,79.5,5.442299842834473,12.100000381469727,137914.0
2025-08-13,15.0,,5.3928,,,,4.4019,12.5,133.66000366210938,79.5,5.401199817657471,12.069999694824219,136687.0
2025-08-14,15.0,,5.4095,,,,4.3536,12.5,133.36000061035156,79.5,5.391200065612793,12.130000114440918,136356.0
2025-08-15,15.0,,5.3928,,,,4.4,12.5,133.55999755859375,79.5,5.40910005569458,12.130000114440918,136341.0
2025-08-16,15.0,,,,,,4.4,12.5,133.55999755859375,79.5,5.40910005569458,12.130000114440918,136341.0
2025-08-17,15.0,,,,,,4.4,12.5,133.55999755859375,79.5,5.40910005569458,12.130000114440918,136341.0
2025-08-18,15.0,,5.4155,,,,4.405,12.5,134.3300018310547,79.5,5.400400161743164,12.140000343322754,137322.0
2025-08-19,15.0,,5.4716,,,,4.4,12.375,131.1699981689453,79.5,5.435699939727783,12.149999618530273,134432.0
2025-08-20,15.0,,5.4726,,,,4.4147,12.5,131.8000030517578,79.5,5.497600078582764,12.109999656677246,134667.0
2025-08-21,15.0,,5.4828,,,,4.4074,12.5,131.6300048828125,79.5,5.469161033630371,12.15999984741211,134511.0
2025-08-22,15.0,,5.4392,,,,4.3201,12.5,135.14999389648438,79.5,5.464799880981445,12.130000114440918,137968.0
2025-08-23,15.0,,,,,,4.3201,12.5,135.14999389648438,79.5,5.464799880981445,12.130000114440918,137968.0
2025-08-24,15.0,,,,,,4.3201,12.5,135.14999389648438,79.5,5.464799880981445,12.130000114440918,137968.0
2025-08-25,15.0,,5.4174,,,,4.3,12.375,135.11000061035156,79.5,5.421299934387207,12.170000076293945,138025.0
2025-08-26,15.0,,5.4218,,,,4.3319,12.375,134.94000244140625,79.5,5.4096999168396,12.170000076293945,137771.0
2025-08-27,15.0,,5.4428,,,,4.3,12.375,136.1999969482422,79.5,5.43120002746582,12.180000305175781,139206.0
2025-08-28,15.0,,5.4115,,,,4.3,12.5,138.30999755859375,79.5,5.417699813842773,12.220000267028809,141049.0
2025-08-29,15.0,,5.4264,,,,4.23,12.5,138.5,79.5,5.413000106811523,12.300000190734863,141422.0
2025-08-30,15.0,,,,,,4.23,12.5,138.5,79.5,5.413000106811523,12.300000190734863,141422.0
2025-08-31,15.0,,,,,,4.23,12.5,138.5,79.5,5.413000106811523,12.300000190734863,141422.0
2025-09-01,15.0,5.17,5.4378,77.84,0.27,5.6,4.3019,12.0,138.2899932861328,79.5,5.432400226593018,12.350000381469727,141125.0
2025-09-02,15.0,,5.468,,,,4.2383,12.0,137.3699951171875,79.5,5.438399791717529,12.300000190734863,140335.0
2025-09-03,15.0,,5.4485,,,,4.25,12.0,136.8699951171875,79.5,5.4670000076293945,12.380000114440918,139864.0
2025-09-04,15.0,,5.4587,,,,4.2792,12.125,138.00999450683594,79.5,5.4481000900268555,12.34000015258789,140993.0
2025-09-05,15.0,,5.3968,,,,4.3,12.375,139.64999389648438,79.5,5.443999767303467,12.390000343322754,142640.0
2025-09-06,15.0,,,,,,4.3,12.375,139.64999389648438,79.5,5.443999767303467,12.390000343322754,142640.0
2025-09-07,15.0,,,,,,4.3,12.375,139.64999389648438,79.5,5.443999767303467,12.390000343322754,142640.0
2025-09-08,15.0,,5.4278,,,,4.3,12.5,138.8000030517578,79.5,5.412199974060059,12.430000305175781,141792.0
2025-09-09,15.0,,5.4278,,,,4.2851,12.5,138.60000610351562,79.5,5.420300006866455,12.449999809265137,141618.0
2025-09-10,15.0,,5.4123,,,,4.2851,12.5,139.16000366210938,79.5,5.433599948883057,12.470000267028809,142349.0
2025-09-11,15.0,,5.3858,,,,4.3,12.5,139.9600067138672,79.5,5.4019999504089355,12.479999542236328,143151.0
2025-09-12,15.0,,5.3677,,,,4.3,12.375,139.2100067138672,79.5,5.388199806213379,12.520000457763672,142272.0
2025-09-13,15.0,,,,,,4.3,12.375,139.2100067138672,79.5,5.388199806213379,12.520000457763672,142272.0
2025-09-14,15.0,,,,,,4.3,12.375,139.2100067138672,79.5,5.388199806213379,12.520000457763672,142272.0
2025-09-15,15.0,,5.3208,,,,4.3,12.5,140.4499969482422,79.5,5.35099983215332,12.5600004196167,143547.0
2025-09-16,15.0,,5.3096,,,,4.3,12.375,141.11000061035156,79.5,5.315199851989746,12.619999885559082,144062.0
2025-09-17,15.0,,5.3011,,,,4.3,12.25,142.60000610351562,79.5,5.29580020904541,12.65999984741211,145594.0
2025-09-18,15.0,,5.301,,,,4.3,12.375,142.52999877929688,79.5,5.310100078582764,12.619999885559082,145500.0
2025-09-19,15.0,,5.3276,,,,4.2859,12.25,142.7899932861328,79.5,5.304299831390381,12.649999618530273,145865.0
2025-09-20,15.0,,,,,,4.2859,12.25,142.7899932861328,79.5,5.304299831390381,12.649999618530273,145865.0
2025-09-21,15.0,,,,,,4.2859,12.25,142.7899932861328,79.5,5.304299831390381,12.649999618530273,145865.0
2025-09-22,15.0,,5.3457,,,,4.2859,12.5,141.99000549316406,79.5,5.320499897003174,12.630000114440918,145109.0
2025-09-23,15.0,,5.3063,,,,4.2703,12.5,143.3300018310547,79.5,5.3343000411987305,12.640000343322754,146425.0
2025-09-24,15.0,,5.3112,,,,4.2749,12.25,143.4199981689453,79.5,5.281599998474121,12.619999885559082,146492.0
2025-09-25,15.0,,5.3425,,,,4.265,12.25,142.27999877929688,79.5,5.329899787902832,12.640000343322754,145306.0
2025-09-26,15.0,,5.3445,,,,4.2648,12.0,142.44000244140625,79.5,5.363699913024902,12.670000076293945,145447.0
2025-09-27,15.0,,,,,,4.2648,12.0,142.44000244140625,79.5,5.363699913024902,12.670000076293945,145447.0
2025-09-28,15.0,,,,,,4.2648,12.0,142.44000244140625,79.5,5.363699913024902,12.670000076293945,145447.0
2025-09-29,15.0,,5.3229,,,,4.2853,12.0,143.4499969482422,79.5,5.3422532081604,12.699999809265137,146337.0
2025-09-30,15.0,,5.3186,,,,4.2806,12.0,143.24000549316406,79.5,5.321700096130371,12.720000267028809,146237.0
2025-10-01,15.0,4.68,5.3208,78.29,0.3,5.4,4.2707,12.25,142.52000427246094,79.5,5.319499969482422,12.65999984741211,145517.0
2025-10-02,15.0,,5.3449,,,,4.2654,12.25,140.99000549316406,79.5,5.328800201416016,12.720000267028809,143950.0
2025-10-03,15.0,,5.3498,,,,4.2806,12.0,141.22000122070312,79.5,5.336599826812744,12.75,144201.0
2025-10-04,15.0,,,,,,4.2806,12.0,141.22000122070312,79.5,5.336599826812744,12.75,144201.0
2025-10-05,15.0,,,,,,4.2806,12.0,141.22000122070312,79.5,5.336599826812744,12.75,144201.0
2025-10-06,15.0,,5.3226,,,,4.2802,12.125,140.6699981689453,79.5,5.33459997177124,12.65999984741211,143608.0
2025-10-07,15.0,,5.3363,,,,4.2796,12.25,138.4499969482422,79.5,5.311200141906738,12.699999809265137,141356.0
2025-10-08,15.0,,5.3427,,,,4.2792,12.25,139.1999969482422,79.5,5.353799819946289,12.680000305175781,142145.0
2025-10-09,15.0,,5.3538,,,,4.26,12.25,138.75,79.5,5.33519983291626,12.920000076293945,141708.0
2025-10-10,15.0,,5.4446,,,,4.2043,12.5,137.80999755859375,79.5,5.377200126647949,12.670000076293945,140680.0
2025-10-11,15.0,,,,,,4.2043,12.5,137.80999755859375,79.5,5.377200126647949,12.670000076293945,140680.0
2025-10-12,15.0,,,,,,4.2043,12.5,137.80999755859375,79.5,5.377200126647949,12.670000076293945,140680.0
2025-10-13,15.0,,5.4629,,,,4.2703,12.25,138.75,79.5,5.5229997634887695,12.65999984741211,141783.0
2025-10-14,15.0,,5.4982,,,,4.23,12.25,138.74000549316406,79.5,5.464099884033203,12.680000305175781,141683.0
2025-10-15,15.0,,5.4464,,,,4.2383,12.25,139.49000549316406,79.5,5.481500148773193,12.729999542236328,142604.0
2025-10-16,15.0,,5.4354,,,,4.24,12.25,139.16000366210938,79.5,5.4492998123168945,12.680000305175781,142200.0
2025-10-17,15.0,,5.439,,,,4.2651,12.125,140.39999389648438,79.5,5.440814971923828,12.680000305175781,143399.0
2025-10-18,15.0,,,,,,4.2651,12.125,140.39999389648438,79.5,5.440814971923828,12.680000305175781,143399.0
2025-10-19,15.0,,,,,,4.2651,12.125,140.39999389648438,79.5,5.440814971923828,12.680000305175781,143399.0
2025-10-20,15.0,,5.3771,,,,4.2348,12.125,141.27000427246094,79.5,5.406099796295166,12.640000343322754,144509.0
2025-10-21,15.0,,5.3848,,,,4.225,12.0,141.4499969482422,79.5,5.36870002746582,12.670000076293945,144085.0
2025-10-22,15.0,,5.3898,,,,4.225,12.25,141.8800048828125,79.5,5.38670015335083,12.649999618530273,144873.0
2025-10-23,15.0,,5.384,,,,4.24,12.25,142.67999267578125,79.5,5.399400234222412,12.649999618530273,145721.0
2025-10-24,15.0,,5.3797,,,,4.2,12.25,142.67999267578125,105.96595764160156,5.382900238037109,12.649999618530273,146172.0
2025-10-25,15.0,,,,,,4.2,12.25,142.67999267578125,105.96595764160156,5.382900238037109,12.649999618530273,146172.0
2025-10-26,15.0,,,,,,4.2,12.25,142.67999267578125,105.96595764160156,5.382900238037109,12.649999618530273,146172.0
2025-10-27,15.0,,5.3744,,,,4.2,12.25,144.0,79.5,5.388299942016602,12.710000038146973,146969.0
2025-10-28,15.0,,5.369,,,,4.2,12.25,144.32000732421875,79.5,5.373300075531006,12.710000038146973,147429.0
2025-10-29,15.0,,5.3416,,,,4.2,12.125,145.3000030517578,79.5,5.357399940490723,12.729999542236328,148633.0
2025-10-30,15.0,,5.385,,,,4.2,12.0,145.6999969482422,79.5,5.357800006866455,12.760000228881836,148780.0
2025-10-31,15.0,,5.3843,,,,4.1975,12.0,146.41000366210938,79.5,5.381999969482422,12.75,149540.0
2025-11-01,15.0,4.46,,78.95,0.36,5.2,4.1975,12.0,146.41000366210938,79.5,5.381999969482422,12.75,149540.0
2025-11-02,15.0,,,,,,4.1975,12.0,146.41000366210938,79.5,5.381999969482422,12.75,149540.0
2025-11-03,15.0,,5.3505,,,,4.1975,12.0,147.3699951171875,79.5,5.374599933624268,12.670000076293945,150454.0
2025-11-04,15.0,,5.3846,,,,4.1988,12.0,147.52999877929688,79.5,5.354899883270264,12.699999809265137,150704.0
2025-11-05,15.0,,5.3798,,,,4.2,12.25,150.3800048828125,79.5,5.395899772644043,12.699999809265137,153294.0
2025-11-06,15.0,,5.3451,,,,4.2,12.25,150.10000610351562,79.5,5.35860013961792,12.710000038146973,153339.0
2025-11-07,15.0,,5.3567,,,,4.2,12.25,150.8000030517578,79.5,5.3495001792907715,12.729999542236328,154064.0
2025-11-08,15.0,,,,,,4.2,12.25,150.8000030517578,79.5,5.3495001792907715,12.729999542236328,154064.0
2025-11-09,15.0,,,,,,4.2,12.25,150.8000030517578,79.5,5.3495001792907715,12.729999542236328,154064.0
2025-11-10,15.0,,5.3181,,,,4.2,12.125,152.25,79.5,5.330900192260742,12.710000038146973,155257.0
2025-11-11,15.0,,5.2729,,,,4.2,12.25,154.8000030517578,79.5,5.289700031280518,12.710000038146973,157749.0
2025-11-12,15.0,,5.2885,,,,4.2,12.25,154.44000244140625,79.5,5.270699977874756,12.760000228881836,157633.0
2025-11-13,15.0,,5.282,,,,4.1989,12.0,154.10000610351562,79.5,5.291299819946289,12.720000267028809,157162.0
2025-11-14,15.0,,5.2952,,,,4.1889,12.125,154.33999633789062,79.5,5.296500205993652,12.84000015258789,157739.0
2025-11-15,15.0,,,,,,4.1889,12.125,154.33999633789062,79.5,5.296500205993652,12.84000015258789,157739.0
2025-11-16,15.0,,,,,,4.1889,12.125,154.33999633789062,79.5,5.296500205993652,12.84000015258789,157739.0
2025-11-17,15.0,,5.3108,,,,4.1779,12.0,153.7899932861328,79.5,5.295599937438965,12.829999923706055,156993.0
2025-11-18,15.0,,5.3361,,,,4.1711,12.0,153.52999877929688,79.5,5.329500198364258,12.829999923706055,156522.0
2025-11-19,15.0,,5.3346,,,,4.18,12.0,152.0,79.5,5.321499824523926,12.84000015258789,155381.0
2025-11-20,15.0,,,,,,4.18,12.0,152.0,79.5,5.32859992980957,12.84000015258789,155381.0
2025-11-21,15.0,,5.3902,,,,4.1663,12.0,151.9499969482422,79.5,5.332300186157227,12.850000381469727,154770.0
2025-11-22,15.0,,,,,,4.1663,12.0,151.9499969482422,79.5,5.332300186157227,12.850000381469727,154770.0
2025-11-23,15.0,,,,,,4.1663,12.0,151.9499969482422,79.5,5.332300186157227,12.850000381469727,154770.0
2025-11-24,15.0,,5.3948,,,,4.167,12.0,152.35000610351562,79.5,5.402100086212158,12.84000015258789,155278.0
2025-11-25,15.0,,5.3841,,,,4.167,12.0,152.97000122070312,79.5,5.3867998123168945,12.859999656677246,155910.0
2025-11-26,15.0,,5.3694,,,,4.1937,12.0,155.74000549316406,79.5,5.37939977645874,12.819999694824219,158555.0
2025-11-27,15.0,,5.349,,,,4.1829,12.0,155.32000732421875,79.5,5.3308000564575195,12.880000114440918,158292.0
2025-11-28,15.0,,5.3338,,,,4.1175,12.0,155.85000610351562,79.5,5.355400085449219,12.949999809265137,159072.0
2025-11-29,15.0,,,,,,4.1175,12.0,155.85000610351562,79.5,5.355400085449219,12.949999809265137,159072.0
2025-11-30,15.0,,,,,,4.1175,12.0,155.85000610351562,79.5,5.355400085449219,12.949999809265137,159072.0
2025-12-01,15.0,4.26,5.3469,78.64,0.43,5.1,4.088,12.0,155.5,79.5,5.335400104522705,12.850000381469727,158611.0
2025-12-02,15.0,,5.3465,,,,4.05,12.25,157.97000122070312,79.5,5.355800151824951,12.979999542236328,161092.0
2025-12-03,15.0,,5.3114,,,,4.0928,12.125,158.39999389648438,79.5,5.326300144195557,12.979999542236328,161755.0
2025-12-04,15.0,,5.2952,,,,4.1507,12.0,161.2899932861328,79.5,5.306099891662598,13.020000457763672,164456.0
2025-12-05,15.0,,5.3405,,,,4.1,12.125,154.17999267578125,79.5,5.309299945831299,13.020000457763672,157369.0
2025-12-06,15.0,,,,,,4.1,12.125,154.17999267578125,79.5,5.309299945831299,13.020000457763672,157369.0
2025-12-07,15.0,,,,,,4.1,12.125,154.17999267578125,79.5,5.309299945831299,13.020000457763672,157369.0
2025-12-08,15.0,,5.4249,,,,4.1189,12.25,155.25,79.5,5.4380998611450195,13.029999732971191,158187.0
2025-12-09,15.0,,5.457,,,,4.1,12.25,154.5500030517578,79.5,5.429999828338623,13.010000228881836,157981.0
2025-12-10,15.0,,5.4656,,,,4.1099,12.0,156.0,79.5,5.43149995803833,12.989999771118164,159075.0
2025-12-11,15.0,,5.4237,,,,4.1,12.25,156.19000244140625,79.5,5.469799995422363,13.029999732971191,159189.0
2025-12-12,15.0,,5.4011,,,,4.0575,12.25,157.5,79.5,5.4054999351501465,13.0600004196167,160766.0
2025-12-13,15.0,,,,,,4.0575,12.25,157.5,79.5,5.4054999351501465,13.0600004196167,160766.0
2025-12-14,15.0,,,,,,4.0575,12.25,157.5,79.5,5.4054999351501465,13.0600004196167,160766.0
2025-12-15,15.0,,5.3929,,,,4.0108,12.25,159.3699951171875,79.5,5.4182000160217285,13.069999694824219,162482.0
2025-12-16,15.0,,5.4505,,,,4.0575,12.0,155.16000366210938,79.5,5.413400173187256,13.0600004196167,158578.0
2025-12-17,15.0,,5.5093,,,,4.0732,12.125,154.35000610351562,79.5,5.507500171661377,13.020000457763672,157327.0
2025-12-18,15.0,,5.5283,,,,4.04,12.25,154.86000061035156,79.5,5.518499851226807,13.029999732971191,157923.0
2025-12-19,15.0,,5.516,,,,4.0732,12.25,155.3000030517578,79.5,5.521299839019775,13.130000114440918,158473.0
2025-12-20,15.0,,,,,,4.0732,12.25,155.3000030517578,79.5,5.521299839019775,13.130000114440918,158473.0
2025-12-21,15.0,,,,,,4.0732,12.25,155.3000030517578,79.5,5.521299839019775,13.130000114440918,158473.0
2025-12-22,15.0,,5.5389,,,,4.0843,12.25,155.07000732421875,79.5,5.53980016708374,13.220000267028809,158142.0
2025-12-23,15.0,,5.5643,,,,4.0627,12.25,157.42999267578125,79.5,5.590000152587891,13.279999732971191,160456.0
2025-12-24,15.0,,5.535,,,,4.0788,12.25,157.42999267578125,79.5,5.518499851226807,13.279999732971191,160456.0
2025-12-25,15.0,,,,,,4.0788,12.25,157.42999267578125,79.5,5.518499851226807,13.279999732971191,160456.0
2025-12-26,15.0,,5.5413,,,,4.0574,12.125,157.82000732421875,79.5,5.519499778747559,13.359999656677246,160897.0
2025-12-27,15.0,,,,,,4.0574,12.125,157.82000732421875,79.5,5.519499778747559,13.359999656677246,160897.0
2025-12-28,15.0,,,,,,4.0574,12.125,157.82000732421875,79.5,5.519499778747559,13.359999656677246,160897.0
2025-12-29,15.0,,5.5739,,,,3.9898,12.0,157.41000366210938,79.5,5.542500019073486,13.34000015258789,160490.0
2025-12-30,15.0,,5.5024,,,,4.0426,12.0,158.0,79.5,5.5690999031066895,13.34000015258789,161125.0
2025-12-31,15.0,,5.5024,,,,3.9929,12.25,158.0,79.5,5.476200103759766,13.34000015258789,161125.0
2026-01-01,15.0,4.44,,78.7,0.43,5.4,3.9929,12.25,158.0,79.5,5.476200103759766,13.34000015258789,161125.0
2026-01-02,15.0,,5.4372,,,,3.9929,12.0,157.36000061035156,79.5,5.517000198364258,13.279999732971191,160539.0
2026-01-03,15.0,,,,,,3.9929,12.0,157.36000061035156,79.5,5.517000198364258,13.279999732971191,160539.0
2026-01-04,15.0,,,,,,3.9929,12.0,157.36000061035156,79.5,5.517000198364258,13.279999732971191,160539.0
2026-01-05,15.0,,5.4351,,,,4.0207,12.0,158.52000427246094,79.5,5.421599864959717,13.359999656677246,161870.0
2026-01-06,15.0,,5.3797,,,,4.0681,12.0,160.1999969482422,79.5,5.40749979019165,13.390000343322754,163664.0
2026-01-07,15.0,,5.388,,,,4.0624,12.0,158.8000030517578,79.5,5.372000217437744,13.369999885559082,161975.0
2026-01-08,15.0,,5.386,,,,3.9958,12.25,159.60000610351562,108.25,5.383900165557861,13.369999885559082,162937.0
2026-01-09,15.0,,5.3707,,,,4.0,12.0,160.10000610351562,108.1500015258789,5.386600017547607,13.380000114440918,163370.0
2026-01-10,15.0,,,,,,4.0,12.0,160.10000610351562,108.1500015258789,5.386600017547607,13.380000114440918,163370.0
2026-01-11,15.0,,,,,,4.0,12.0,160.10000610351562,108.1500015258789,5.386600017547607,13.380000114440918,163370.0
2026-01-12,15.0,,5.376,,,,4.0006,12.0,160.14999389648438,108.06999969482422,5.370299816131592,13.369999885559082,163150.0
2026-01-13,15.0,,5.3764,,,,3.9952,12.0,159.07000732421875,108.08000183105469,5.373700141906738,13.399999618530273,161973.0
2026-01-14,15.0,,5.3795,,,,4.0354,12.25,162.24000549316406,107.91000366210938,5.371300220489502,13.40999984741211,165146.0
2026-01-15,15.0,,5.3846,,,,4.0,12.25,162.5500030517578,107.55999755859375,5.396100044250488,13.420000076293945,165568.0
2026-01-16,15.0,,5.3798,,,,4.0212,12.0,161.57000732421875,107.52999877929688,5.3678998947143555,13.420000076293945,164800.0
2026-01-17,15.0,,,,,,4.0212,12.0,161.57000732421875,107.52999877929688,5.3678998947143555,13.420000076293945,164800.0
2026-01-18,15.0,,,,,,4.0212,12.0,161.57000732421875,107.52999877929688,5.3678998947143555,13.420000076293945,164800.0
2026-01-19,15.0,,5.3653,,,,4.0,12.0,161.94000244140625,107.80000305175781,5.367700099945068,13.430000305175781,164849.0
2026-01-20,15.0,,5.379,,,,4.0063,12.0,162.9199981689453,107.55000305175781,5.36870002746582,13.4399995803833,166277.0
2026-01-21,15.0,,5.3368,,,,3.995,12.0,168.9499969482422,107.8499984741211,5.374300003051758,13.449999809265137,171817.0
2026-01-22,15.0,,5.3118,,,,3.985,12.25,172.74000549316406,107.8499984741211,5.31879997253418,13.479999542236328,175589.0
2026-01-23,15.0,,5.2879,,,,3.9899,12.25,175.6999969482422,108.58999633789062,5.283699989318848,13.5600004196167,178859.0
2026-01-24,15.0,,,,,,3.9899,12.25,175.6999969482422,108.58999633789062,5.283699989318848,13.5600004196167,178859.0
2026-01-25,15.0,,,,,,3.9899,12.25,175.6999969482422,108.58999633789062,5.283699989318848,13.5600004196167,178859.0
2026-01-26,15.0,,5.276,,,,3.9906,12.25,175.3000030517578,108.76000213623047,5.288899898529053,13.579999923706055,178721.0
2026-01-27,15.0,,5.2392,,,,3.9906,12.25,178.22999572753906,109.20999908447266,5.279099941253662,13.539999961853027,181919.0
2026-01-28,15.0,,5.1838,,,,3.9899,12.25,181.39999389648438,109.0999984741211,5.183599948883057,13.579999923706055,184691.0
2026-01-29,15.0,,5.1956,,,,3.9906,12.25,179.64999389648438,109.55999755859375,5.1971001625061035,13.5600004196167,183134.0
2026-01-30,15.0,,5.2301,,,,3.9019,12.0,178.1999969482422,109.68000030517578,5.189199924468994,13.619999885559082,181364.0
2026-01-31,15.0,,,,,,3.9019,12.0,178.1999969482422,109.68000030517578,5.189199924468994,13.619999885559082,181364.0
2026-02-01,15.0,3.81,,79.13,0.41,5.8,3.9019,12.0,178.1999969482422,109.68000030517578,5.189199924468994,13.619999885559082,181364.0
2026-02-02,15.0,,5.2587,,,,3.9742,12.25,179.1999969482422,109.41999816894531,5.255000114440918,13.4399995803833,182793.0
2026-02-03,15.0,,5.2236,,,,3.9026,12.0,182.19000244140625,109.47000122070312,5.259399890899658,13.550000190734863,185674.0
2026-02-04,15.0,,5.2359,,,,3.9363,12.25,178.1999969482422,109.22000122070312,5.237500190734863,13.5600004196167,181708.0
2026-02-05,15.0,,5.258,,,,3.9376,12.25,178.64999389648438,109.47000122070312,5.23799991607666,13.550000190734863,182127.0
2026-02-06,15.0,,5.2341,,,,3.9692,12.25,179.24000549316406,109.0999984741211,5.270500183105469,13.5600004196167,182950.0
2026-02-07,15.0,,,,,,3.9692,12.25,179.24000549316406,109.0999984741211,5.270500183105469,13.5600004196167,182950.0
2026-02-08,15.0,,,,,,3.9692,12.25,179.24000549316406,109.0999984741211,5.270500183105469,13.5600004196167,182950.0
2026-02-09,15.0,,5.1943,,,,3.9494,12.25,182.7899932861328,109.22000122070312,5.21589994430542,13.529999732971191,186241.0
2026-02-10,15.0,,5.2021,,,,3.934,12.25,182.39999389648438,109.27999877929688,5.1915998458862305,13.510000228881836,185929.0
2026-02-11,15.0,,5.1836,,,,3.9238,12.25,185.99000549316406,109.2300033569336,5.196199893951416,13.520000457763672,189699.0
2026-02-12,15.0,,5.1674,,,,3.9642,12.0,184.27999877929688,109.7699966430664,5.198699951171875,13.5,187766.0
2026-02-13,15.0,,5.2288,,,,3.9542,12.0,182.97999572753906,110.04000091552734,5.213900089263916,13.569999694824219,186464.0
2026-02-14,15.0,,,,,,3.9542,12.0,182.97999572753906,110.04000091552734,5.213900089263916,13.569999694824219,186464.0
2026-02-15,15.0,,,,,,3.9542,12.0,182.97999572753906,110.04000091552734,5.213900089263916,13.569999694824219,186464.0
2026-02-16,15.0,,,,,,3.9542,12.0,182.97999572753906,110.04000091552734,5.217899799346924,13.569999694824219,186464.0
2026-02-17,15.0,,,,,,3.9542,12.0,182.97999572753906,110.04000091552734,5.243899822235107,13.569999694824219,186464.0
2026-02-18,15.0,,5.2349,,,,3.9071,12.0,182.42999267578125,109.9800033569336,5.2204999923706055,13.5600004196167,186016.0
2026-02-19,15.0,,5.2257,,,,3.8965,12.0,184.99000549316406,109.75,5.234399795532227,13.5600004196167,188534.0
2026-02-20,15.0,,5.2006,,,,3.8766,12.0,186.69000244140625,110.33999633789062,5.208799839019775,13.619999885559082,190534.0
2026-02-21,15.0,,,,,,3.8766,12.0,186.69000244140625,110.33999633789062,5.208799839019775,13.619999885559082,190534.0
2026-02-22,15.0,,,,,,3.8766,12.0,186.69000244140625,110.33999633789062,5.208799839019775,13.619999885559082,190534.0
2026-02-23,15.0,,5.1635,,,,3.8864,12.0,185.1699981689453,110.47000122070312,5.176499843597412,13.609999656677246,188854.0
2026-02-24,15.0,,5.1682,,,,3.8764,12.0,187.77999877929688,110.7300033569336,5.170899868011475,13.619999885559082,191490.0
2026-02-25,15.0,,5.144,,,,3.876,12.0,187.4600067138672,110.91999816894531,5.1519999504089355,13.670000076293945,191248.0
2026-02-26,15.0,,5.1382,,,,3.873,12.0,187.35000610351562,111.48999786376953,5.124199867248535,13.6899995803833,191005.0
2026-02-27,15.0,,5.1495,,,,3.9124,12.0,185.16000366210938,111.58000183105469,5.136600017547607,13.779999732971191,188787.0
2026-02-28,15.0,,,,,,3.9124,12.0,185.16000366210938,111.58000183105469,5.136600017547607,13.779999732971191,188787.0
2026-03-01,15.0,4.14,,79.88,1.06,6.1,3.9124,12.0,185.16000366210938,111.58000183105469,5.136600017547607,13.779999732971191,188787.0
2026-03-02,15.0,,5.2001,,,,3.9062,12.0,185.5,111.1500015258789,5.1296000480651855,13.670000076293945,189307.0
2026-03-03,15.0,,5.287,,,,3.9071,12.25,179.3000030517578,111.20999908447266,5.170300006866455,13.640000343322754,183105.0
2026-03-04,15.0,,5.2091,,,,3.91,12.0,181.60000610351562,111.08000183105469,5.277299880981445,13.699999809265137,185366.0
2026-03-05,15.0,,5.2447,,,,3.9213,12.25,176.75,110.36000061035156,5.230100154876709,13.680000305175781,180464.0
2026-03-06,15.0,,5.2878,,,,3.9247,12.125,175.88999938964844,110.4000015258789,5.263400077819824,13.729999542236328,179365.0
2026-03-07,15.0,,,,,,3.9247,12.125,175.88999938964844,110.4000015258789,5.263400077819824,13.729999542236328,179365.0
2026-03-08,15.0,,,,,,3.9247,12.125,175.88999938964844,110.4000015258789,5.263400077819824,13.729999542236328,179365.0
2026-03-09,15.0,,5.2139,,,,3.9148,12.25,177.25999450683594,110.52999877929688,5.243500232696533,13.649999618530273,180915.0
2026-03-10,15.0,,5.1622,,,,3.9379,12.25,179.75,110.87000274658203,5.2052998542785645,13.649999618530273,183447.0
2026-03-11,15.0,,5.1596,,,,3.9379,12.25,180.2100067138672,110.93000030517578,5.162399768829346,13.640000343322754,183969.0
2026-03-12,15.0,,5.2051,,,,4.0054,12.0,175.85000610351562,110.5999984741211,5.151400089263916,13.579999923706055,179285.0
2026-03-13,15.0,,5.2541,,,,4.1037,12.25,174.5500030517578,109.4800033569336,5.243899822235107,13.65999984741211,177653.0
2026-03-14,15.0,,,,,,4.1037,12.25,174.5500030517578,109.4800033569336,5.243899822235107,13.65999984741211,177653.0
2026-03-15,15.0,,,,,,4.1037,12.25,174.5500030517578,109.4800033569336,5.243899822235107,13.65999984741211,177653.0
2026-03-16,15.0,,5.2647,,,,4.1037,12.375,176.5500030517578,110.33999633789062,5.329100131988525,13.670000076293945,179875.0
2026-03-17,15.0,,5.2022,,,,4.1245,12.25,176.8300018310547,111.0199966430664,5.233399868011475,13.649999618530273,180410.0
2026-03-18,15.0,,5.2112,,,,4.1248,12.25,175.8000030517578,110.69999694824219,5.19290018081665,13.630000114440918,179640.0
2026-03-19,14.75,,5.2587,,,,4.1398,12.5,177.5,111.01000213623047,5.2621002197265625,13.600000381469727,180271.0
2026-03-20,14.75,,5.28,,,,4.2074,12.5,172.3000030517578,110.76000213623047,5.219900131225586,13.600000381469727,176219.0
2026-03-21,14.75,,,,,,4.2074,12.5,172.3000030517578,110.76000213623047,5.219900131225586,13.600000381469727,176219.0
2026-03-22,14.75,,,,,,4.2074,12.5,172.3000030517578,110.76000213623047,5.219900131225586,13.600000381469727,176219.0
2026-03-23,14.75,,5.244,,,,4.2256,12.5,178.89999389648438,111.05000305175781,5.3119001388549805,13.609999656677246,181932.0
2026-03-24,14.75,,5.2599,,,,4.2164,12.5,179.19000244140625,110.63999938964844,5.232900142669678,13.59000015258789,182509.0
2026-03-25,14.75,,5.2275,,,,4.2164,12.5,182.1999969482422,110.94999694824219,5.232600212097168,13.579999923706055,185424.0
2026-03-26,14.75,,5.2308,,,,4.2398,12.5,179.4499969482422,110.55999755859375,5.236800193786621,13.579999923706055,182733.0
2026-03-27,14.75,,5.2376,,,,4.31,12.5,177.74000549316406,110.9800033569336,5.235099792480469,13.630000114440918,181557.0
2026-03-28,14.75,,,,,,4.31,12.5,177.74000549316406,110.9800033569336,5.235099792480469,13.630000114440918,181557.0
2026-03-29,14.75,,,,,,4.31,12.5,177.74000549316406,110.9800033569336,5.235099792480469,13.630000114440918,181557.0
2026-03-30,14.75,,5.2353,,,,4.4671,12.5,179.0,110.93000030517578,5.23799991607666,13.600000381469727,182514.0
2026-03-31,14.75,,5.2194,,,,4.4768,12.5,184.27999877929688,111.55000305175781,5.263999938964844,13.600000381469727,187462.0
2026-04-01,14.75,4.39,5.1606,80.1,0.97,5.8,4.4962,12.5,184.17999267578125,111.91000366210938,5.192800045013428,13.619999885559082,187953.0
2026-04-02,14.75,,5.1655,,,,4.3571,12.5,184.3699951171875,111.87999725341797,5.1545000076293945,13.6899995803833,188052.0
2026-04-03,14.75,,,,,,4.3571,12.5,184.3699951171875,111.87999725341797,5.156400203704834,13.6899995803833,188052.0
2026-04-04,14.75,,,,,,4.3571,12.5,184.3699951171875,111.87999725341797,5.156400203704834,13.6899995803833,188052.0
2026-04-05,14.75,,,,,,4.3571,12.5,184.3699951171875,111.87999725341797,5.156400203704834,13.6899995803833,188052.0
2026-04-06,14.75,,5.1532,,,,4.5026,12.625,184.55999755859375,112.0,5.157899856567383,13.699999809265137,188162.0
2026-04-07,14.75,,5.1625,,,,4.5051,12.75,185.0,112.12000274658203,5.138299942016602,13.670000076293945,188259.0
2026-04-08,14.75,,5.0899,,,,4.5051,12.5,189.0,112.58000183105469,5.150599956512451,13.710000038146973,192201.0
2026-04-09,14.75,,5.0821,,,,4.4037,12.5,191.6999969482422,112.93000030517578,5.100200176239014,13.710000038146973,195129.0
2026-04-10,14.75,,5.0229,,,,4.7055,12.75,193.83999633789062,113.30999755859375,5.095799922943115,13.800000190734863,197324.0
2026-04-11,14.75,,,,,,4.7055,12.75,193.83999633789062,113.30999755859375,5.095799922943115,13.800000190734863,197324.0
2026-04-12,14.75,,,,,,4.7055,12.75,193.83999633789062,113.30999755859375,5.095799922943115,13.800000190734863,197324.0
2026-04-13,14.75,,5.0244,,,,4.8133,12.75,194.3000030517578,113.58999633789062,5.005000114440918,13.779999732971191,198001.0
2026-04-14,14.75,,4.9806,,,,4.8417,12.75,195.16000366210938,113.80000305175781,4.9944000244140625,13.720000267028809,198657.0
2026-04-15,14.75,,4.9928,,,,4.8248,12.75,193.86000061035156,113.83999633789062,4.984799861907959,13.779999732971191,197738.0
2026-04-16,14.75,,5.0007,,,,4.8133,12.75,193.0500030517578,114.05999755859375,4.992400169372559,13.800000190734863,196819.0
2026-04-17,14.75,,4.9695,,,,4.8457,13.0,192.10000610351562,114.3499984741211,4.987090110778809,13.84000015258789,195734.0
2026-04-18,14.75,,,,,,4.8457,13.0,192.10000610351562,114.3499984741211,4.987090110778809,13.84000015258789,195734.0
2026-04-19,14.75,,,,,,4.8457,13.0,192.10000610351562,114.3499984741211,4.987090110778809,13.84000015258789,195734.0
2026-04-20,14.75,,4.9844,,,,4.8404,13.0,192.63999938964844,114.2699966430664,5.00629997253418,13.899999618530273,196132.0
2026-04-21,14.75,,,,,,4.8404,13.0,192.63999938964844,114.2699966430664,4.952400207519531,13.899999618530273,196132.0
2026-04-22,14.75,,4.9653,,,,4.8284,13.0,189.3300018310547,114.12999725341797,5.007999897003174,13.880000114440918,192889.0
2026-04-23,14.75,,4.9539,,,,4.8254,13.0,187.8699951171875,113.86000061035156,4.984899997711182,13.84000015258789,191378.0
2026-04-24,14.75,,5.0083,,,,4.8641,13.0,187.00999450683594,113.7300033569336,5.030799865722656,13.880000114440918,190745.0
2026-04-25,14.75,,,,,,4.8641,13.0,187.00999450683594,113.7300033569336,5.030799865722656,13.880000114440918,190745.0
2026-04-26,14.75,,,,,,4.8641,13.0,187.00999450683594,113.7300033569336,5.030799865722656,13.880000114440918,190745.0
2026-04-27,14.75,,4.97,,,,4.8902,13.0,186.05999755859375,113.9000015258789,4.979100227355957,13.84000015258789,189579.0
2026-04-28,14.75,,4.9878,,,,4.8925,13.0,185.16000366210938,113.69999694824219,4.999599933624268,13.829999923706055,188619.0
2026-04-29,14.75,,4.9985,,,,4.8963,13.0,181.02999877929688,113.38999938964844,4.99429988861084,13.8100004196167,184750.0
2026-04-30,14.5,,4.9886,,,,4.9135,13.0,184.08999633789062,113.86000061035156,5.017499923706055,13.869999885559082,187318.0
2026-05-01,14.5,4.72,,81.04,1.14,5.6,4.9135,13.0,184.08999633789062,113.86000061035156,4.9695000648498535,13.869999885559082,187318.0
2026-05-02,14.5,,,,,,4.9135,13.0,184.08999633789062,113.86000061035156,4.9695000648498535,13.869999885559082,187318.0
2026-05-03,14.5,,,,,,4.9135,13.0,184.08999633789062,113.86000061035156,4.9695000648498535,13.869999885559082,187318.0
2026-05-04,14.5,,4.9587,,,,4.9325,13.0,181.75999450683594,113.44999694824219,4.951929092407227,13.670000076293945,185600.0
2026-05-05,14.5,,4.9242,,,,4.9,13.25,183.27000427246094,113.6500015258789,4.984799861907959,13.670000076293945,186754.0
2026-05-06,14.5,,4.9274,,,,4.9518,13.25,184.25,114.04000091552734,4.927299976348877,13.800000190734863,187691.0
2026-05-07,14.5,,4.917,,,,4.9584,13.0,179.6999969482422,114.11000061035156,4.932271957397461,13.789999961853027,183218.0
2026-05-08,14.5,,4.8999,,,,4.9467,13.25,180.92999267578125,114.2300033569336,4.944900035858154,13.829999923706055,184108.0
2026-05-09,14.5,,,,,,4.9467,13.25,180.92999267578125,114.2300033569336,4.944900035858154,13.829999923706055,184108.0
2026-05-10,14.5,,,,,,4.9467,13.25,180.92999267578125,114.2300033569336,4.944900035858154,13.829999923706055,184108.0
2026-05-11,14.5,,4.8973,,,,4.9017,13.25,178.58999633789062,113.97000122070312,4.913300037384033,13.640000343322754,181909.0
2026-05-12,14.5,,4.8977,,,,4.9027,13.25,177.19000244140625,114.01000213623047,4.906400203704834,13.640000343322754,180342.0
2026-05-13,14.5,,4.9118,,,,4.9861,13.0,173.7899932861328,113.44000244140625,4.9096999168396,13.5600004196167,177098.0
2026-05-14,14.5,,4.9809,,,,4.9781,13.0,175.16000366210938,113.61000061035156,5.024899959564209,13.65999984741211,178366.0
2026-05-15,14.5,,5.0654,,,,5.0363,13.25,173.8800048828125,113.2300033569336,5.0040998458862305,13.729999542236328,177284.0
2026-05-16,14.5,,,,,,5.0363,13.25,173.8800048828125,113.2300033569336,5.0040998458862305,13.729999542236328,177284.0
2026-05-17,14.5,,,,,,5.0363,13.25,173.8800048828125,113.2300033569336,5.0040998458862305,13.729999542236328,177284.0
2026-05-18,14.5,,5.0093,,,,5.0137,13.25,174.0,113.27999877929688,5.060400009155273,13.600000381469727,176976.0
2026-05-19,14.5,,5.0378,,,,4.9329,13.25,170.8699951171875,112.86000061035156,5.005624771118164,13.479999542236328,174279.0
2026-05-20,14.5,,5.0301,,,,5.0334,13.25,173.9499969482422,113.33999633789062,5.058199882507324,13.640000343322754,177356.0
2026-05-21,14.5,,5.0077,,,,5.0549,13.25,174.1699981689453,113.30000305175781,5.01170015335083,13.600000381469727,177650.0
2026-05-22,14.5,,5.014,,,,5.0733,13.5,173.3000030517578,113.36000061035156,5.017099857330322,13.59000015258789,176210.0
2026-05-23,14.5,,,,,,5.0733,13.5,173.3000030517578,113.36000061035156,5.017099857330322,13.59000015258789,176210.0
2026-05-24,14.5,,,,,,5.0733,13.5,173.3000030517578,113.36000061035156,5.017099857330322,13.59000015258789,176210.0
2026-05-25,14.5,,5.0072,,,,5.0499,13.5,174.47999572753906,113.52999877929688,5.025700092315674,13.65999984741211,177359.0
2026-05-26,14.5,,5.0211,,,,5.0962,13.5,173.2899932861328,113.4800033569336,5.01039981842041,13.59000015258789,176589.0
2026-05-27,14.5,,5.0579,,,,5.1,13.25,172.5399932861328,113.7300033569336,5.04449987411499,13.59000015258789,175744.0
2026-05-28,14.5,,5.0517,,,,5.1008,13.5,171.6999969482422,114.16999816894531,5.07289981842041,13.640000343322754,175063.0
2026-05-29,14.5,,5.0569,,,,5.0923,13.25,170.75,113.88999938964844,5.051700115203857,13.680000305175781,173788.0
2026-05-30,14.5,,,,,,5.0923,13.25,170.75,113.88999938964844,5.051700115203857,13.680000305175781,173788.0
2026-05-31,14.5,,,,,,5.0923,13.25,170.75,113.88999938964844,5.051700115203857,13.680000305175781,173788.0
2026-06-01,14.5,4.64,5.0303,81.95,1.19,5.4,5.0415,13.25,169.1199951171875,113.70999908447266,5.0391998291015625,13.619999885559082,172198.0
2026-06-02,14.5,,5.016,,,,5.0924,13.25,171.42999267578125,113.63999938964844,5.038599967956543,13.640000343322754,174198.0
2026-06-03,14.5,,5.0415,,,,5.0707,13.5,167.27999877929688,112.63999938964844,5.020699977874756,13.600000381469727,170331.0
2026-06-04,14.5,,,,,,5.0707,13.5,167.27999877929688,112.63999938964844,5.077400207519531,13.600000381469727,170331.0
2026-06-05,14.5,,5.1244,,,,5.1671,13.5,165.75,111.83000183105469,5.060699939727783,13.569999694824219,169019.0
2026-06-06,14.5,,,,,,5.1671,13.5,165.75,111.83000183105469,5.060699939727783,13.569999694824219,169019.0
2026-06-07,14.5,,,,,,5.1671,13.5,165.75,111.83000183105469,5.060699939727783,13.569999694824219,169019.0
2026-06-08,14.5,,5.1695,,,,5.1428,13.75,165.5,111.45999908447266,5.177000045776367,13.510000228881836,168669.0
2026-06-09,14.5,,5.1693,,,,5.24,13.75,166.4199981689453,111.26000213623047,5.203100204467773,13.4399995803833,169813.0
2026-06-10,14.5,,5.1763,,,,5.2243,14.0,165.82000732421875,111.52999877929688,5.190100193023682,13.329999923706055,168619.0
2026-06-11,14.5,,5.1478,,,,5.2492,14.0,168.6999969482422,113.0,5.1921000480651855,13.4399995803833,171497.0
2026-06-12,14.5,,5.0827,,,,5.3,14.0,167.9199981689453,113.91999816894531,5.113800048828125,13.489999771118164,171133.0
2026-06-13,14.5,,,,,,5.3,14.0,167.9199981689453,113.91999816894531,5.113800048828125,13.489999771118164,171133.0
2026-06-14,14.5,,,,,,5.3,14.0,167.9199981689453,113.91999816894531,5.113800048828125,13.489999771118164,171133.0
2026-06-15,14.5,,5.043,,,,5.3438,14.0,167.58999633789062,113.5999984741211,5.0609002113342285,13.550000190734863,170415.0
2026-06-16,14.5,,5.078,,,,5.3432,14.0,166.35000610351562,113.4000015258789,5.075099945068359,13.479999542236328,169649.0
2026-06-17,14.5,,5.0641,,,,5.3424,14.0,165.13999938964844,112.63999938964844,5.101900100708008,13.4399995803833,168454.0
2026-06-18,14.25,,5.1613,,,,5.3,14.0,165.3800048828125,112.52999877929688,5.122099876403809,13.399999618530273,168278.0
2026-06-19,14.25,,5.1442,,,,5.3322,14.0,165.1300048828125,112.23999786376953,5.18149995803833,13.390000343322754,168576.0
2026-06-20,14.25,,,,,,5.3322,14.0,165.1300048828125,112.23999786376953,5.18149995803833,13.390000343322754,168576.0
2026-06-21,14.25,,,,,,5.3322,14.0,165.1300048828125,112.23999786376953,5.18149995803833,13.390000343322754,168576.0
2026-06-22,14.25,,5.1395,,,,5.3617,14.0,167.1199951171875,112.63999938964844,5.151400089263916,13.390000343322754,170370.0
2026-06-23,14.25,,5.1743,,,,5.3634,14.0,168.2100067138672,112.56999969482422,5.156499862670898,13.359999656677246,171259.0
2026-06-24,14.25,,5.2098,,,,5.3634,14.0,167.61000061035156,112.7699966430664,5.197700023651123,13.329999923706055,170507.0
2026-06-25,14.25,,5.1892,,,,5.3617,14.0,169.0,112.66999816894531,5.207499980926514,13.359999656677246,171990.0
2026-06-26,14.25,,5.1695,,,,5.3268,14.0,170.22000122070312,112.8499984741211,5.1940999031066895,13.4399995803833,173295.0
2026-06-27,14.25,,,,,,5.3268,14.0,170.22000122070312,112.8499984741211,5.1940999031066895,13.4399995803833,173295.0
2026-06-28,14.25,,,,,,5.3268,14.0,170.22000122070312,112.8499984741211,5.1940999031066895,13.4399995803833,173295.0
2026-06-29,14.25,,5.1717,,,,5.3585,14.0,170.2100067138672,112.63999938964844,5.1707000732421875,13.470000267028809,173205.0
2026-06-30,14.25,,5.1766,,,,5.3441,14.0,169.0500030517578,112.7699966430664,5.181787014007568,13.529999732971191,172024.0
2026-07-01,14.25,4.44,5.195,82.56,0.67,5.3,5.3321,14.0,168.8000030517578,112.58999633789062,5.174699783325195,13.460000038146973,171689.0
2026-07-02,14.25,,5.1945,,,,5.32,14.0,169.89999389648438,112.12000274658203,5.220600128173828,13.539999961853027,172788.0
2026-07-03,14.25,,5.1717,,,,5.3001,14.0,171.11000061035156,112.73999786376953,5.2221999168396,13.569999694824219,174266.0
2026-07-04,14.25,,,,,,5.3001,14.0,171.11000061035156,112.73999786376953,5.2221999168396,13.569999694824219,174266.0
2026-07-05,14.25,,,,,,5.3001,14.0,171.11000061035156,112.73999786376953,5.2221999168396,13.569999694824219,174266.0
2026-07-06,14.25,,5.167,,,,5.2,13.75,169.25,113.19000244140625,5.1844000816345215,13.520000457763672,172448.0
2026-07-07,14.25,,5.1458,,,,5.2,13.75,169.02999877929688,113.4000015258789,5.143599987030029,13.430000305175781,172021.0
2026-07-08,14.25,,5.1552,,,,5.2,13.75,167.55999755859375,113.37999725341797,5.170899868011475,13.390000343322754,170654.0
2026-07-09,14.25,,5.1329,,,,5.2,13.75,169.8000030517578,113.58000183105469,5.16349983215332,13.529999732971191,172742.0
2026-07-10,14.25,,5.1088,,,,5.1625,13.75,175.00999450683594,113.98999786376953,5.133900165557861,13.569999694824219,177866.0
2026-07-11,14.25,,,,,,5.1625,13.75,175.00999450683594,113.98999786376953,5.133900165557861,13.569999694824219,177866.0
2026-07-12,14.25,,,,,,5.1625,13.75,175.00999450683594,113.98999786376953,5.133900165557861,13.569999694824219,177866.0
2026-07-13,14.25,,5.1183,,,,5.1121,13.75,172.25,113.81999969482422,5.107800006866455,13.539999961853027,175739.0
2026-07-14,14.25,,5.0742,,,,5.1219,14.0,173.60000610351562,113.93000030517578,5.147900104522705,13.529999732971191,176641.0
2026-07-15,14.25,,5.0727,,,,5.117,13.875,172.75999450683594,114.30000305175781,5.087900161743164,13.550000190734863,176011.0
2026-07-16,14.25,,5.0975,,,,5.1358,13.75,170.77000427246094,114.3499984741211,5.09089994430542,13.59000015258789,173825.0
2026-07-17,14.25,,5.1176,,,,5.1684,14.0,170.6300048828125,113.81999969482422,5.11359977722168,13.5600004196167,173714.0
2026-07-18,14.25,,,,,,5.1684,14.0,170.6300048828125,113.81999969482422,5.11359977722168,13.5600004196167,173714.0
2026-07-19,14.25,,,,,,5.1684,14.0,170.6300048828125,113.81999969482422,5.11359977722168,13.5600004196167,173714.0
2026-07-20,14.25,,5.0894,,,,5.1648,14.0,170.3000030517578,113.75,5.126999855041504,13.539999961853027,173371.0
2026-07-21,14.25,,5.078,,,,5.1849,14.0,170.33999633789062,113.6500015258789,5.104400157928467,13.489999771118164,173326.0
2026-07-22,14.25,,5.0638,,,,5.1924,14.0,174.6999969482422,113.13999938964844,5.087500095367432,13.489999771118164,177548.0
2026-07-23,14.25,,5.0807,,,,5.1842,14.0,173.4499969482422,113.06999969482422,5.062488079071045,13.399999618530273,176724.0
2026-07-24,14.25,,5.0666,,,,5.1023,14.0,170.9499969482422,113.5,5.09689998626709,13.399999618530273,174042.0
2026-07-25,14.25,,,,,,5.1023,14.0,170.9499969482422,113.5,5.09689998626709,13.399999618530273,174042.0
2026-07-26,14.25,,,,,,5.1023,14.0,170.9499969482422,113.5,5.09689998626709,13.399999618530273,174042.0
2026-07-27,14.25,,5.1005,,,,5.1038,14.0,172.75,113.51000213623047,5.082499980926514,13.380000114440918,175335.0
2026-07-28,14.25,,5.1177,,,,5.0961,13.875,173.74000549316406,113.4800033569336,5.123025894165039,13.40999984741211,176565.0
2026-07-29,14.25,,5.1217,,,,5.0908,14.0,170.5500030517578,112.88999938964844,5.1371002197265625,13.40999984741211,173885.0
2026-07-30,14.25,,5.0739,,,,5.0811,13.75,174.30999755859375,113.23999786376953,5.127099990844727,13.40999984741211,177159.0
2026-07-31,14.25,,5.0773,,,,5.0278,13.75,175.02000427246094,113.69999694824219,5.078100204467773,13.460000038146973,177999.0
2026-08-01,14.25,4.22,,82.86,0.62,5.3,5.0278,13.75,175.02000427246094,113.69999694824219,5.078100204467773,13.460000038146973,177999.0
2026-08-02,14.25,,,,,,5.0278,13.75,175.02000427246094,113.69999694824219,5.078100204467773,13.460000038146973,177999.0
2026-08-03,14.25,,5.0723,,,,5.0216,13.75,174.89999389648438,114.0,5.072700023651123,13.369999885559082,178000.0
2026-08-04,14.25,,5.1053,,,,5.0265,13.75,174.85000610351562,114.0,5.10290002822876,13.34000015258789,177895.0
2026-08-05,14.25,,5.1154,,,,5.0334,13.75,174.6999969482422,114.16000366210938,5.143700122833252,13.359999656677246,177726.0
2026-08-06,14.0,,5.1017,,,,5.0168,13.75,172.0399932861328,114.0,5.138500213623047,13.270000457763672,175546.0
2026-08-07,14.0,,5.0908,,,,4.9927,13.75,169.3699951171875,114.2699966430664,5.121799945831299,13.34000015258789,172513.0
2026-08-08,14.0,,,,,,4.9927,13.75,169.3699951171875,114.2699966430664,5.121799945831299,13.34000015258789,172513.0
2026-08-09,14.0,,,,,,4.9927,13.75,169.3699951171875,114.2699966430664,5.121799945831299,13.34000015258789,172513.0
2026-08-10,14.0,,5.0963,,,,5.0176,13.75,169.27000427246094,114.30000305175781,5.082600116729736,13.1899995803833,172180.0
2026-08-11,14.0,,5.1285,,,,5.0158,13.75,165.0500030517578,114.37999725341797,5.105999946594238,13.069999694824219,167875.0
2026-08-12,14.0,,5.1639,,,,5.0213,13.75,164.6699981689453,114.62000274658203,5.173500061035156,13.09000015258789,167491.0
2026-08-13,14.0,,5.1859,,,,5.022,13.75,164.14999389648438,114.4000015258789,5.195400238037109,13.0600004196167,167101.0
2026-08-14,14.0,,5.2236,,,,5.0381,13.75,163.89999389648438,114.33999633789062,5.19980001449585,13.039999961853027,166934.0
2026-08-15,14.0,,,,,,5.0381,13.75,163.89999389648438,114.33999633789062,5.19980001449585,13.039999961853027,166934.0
2026-08-16,14.0,,,,,,5.0381,13.75,163.89999389648438,114.33999633789062,5.19980001449585,13.039999961853027,166934.0
2026-08-17,14.0,,5.2014,,,,5.0381,13.75,163.8000030517578,114.9000015258789,5.221700191497803,12.90999984741211,166784.0
2026-08-18,14.0,,5.2043,,,,5.0248,13.75,163.5500030517578,114.80999755859375,5.202499866485596,12.960000038146973,166335.0
2026-08-19,14.0,,5.1714,,,,5.0381,13.75,165.0,115.05999755859375,5.214300155639648,13.0,167830.0
2026-08-20,14.0,,5.1862,,,,5.0429,13.75,165.0,115.47000122070312,5.176700115203857,12.90999984741211,167927.0
2026-08-21,14.0,,5.1625,,,,5.0275,13.75,168.3300018310547,115.54000091552734,5.1930999755859375,13.010000228881836,171032.0
2026-08-22,14.0,,,,,,5.0275,13.75,168.3300018310547,115.54000091552734,5.1930999755859375,13.010000228881836,171032.0
2026-08-23,14.0,,,,,,5.0275,13.75,168.3300018310547,115.54000091552734,5.1930999755859375,13.010000228881836,171032.0
2026-08-24,14.0,,5.1512,,,,5.0248,13.75,169.00999450683594,115.68000030517578,5.13730001449585,12.970000267028809,171907.0
2026-08-25,14.0,,5.149,,,,5.0424,13.75,171.8800048828125,115.61000061035156,5.154300212860107,13.140000343322754,174577.0
2026-08-26,14.0,,5.1604,,,,5.0272,13.75,171.82000732421875,115.87000274658203,5.146399974822998,13.079999923706055,174586.0
2026-08-27,14.0,,5.1642,,,,5.0166,13.75,172.39999389648438,115.94999694824219,5.14739990234375,13.109999656677246,175135.0
2026-08-28,14.0,,5.2005,,,,4.9833,13.75,172.72000122070312,115.66999816894531,5.161099910736084,13.239999771118164,175665.0
2026-08-29,14.0,,,,,,4.9833,13.75,172.72000122070312,115.66999816894531,5.161099910736084,13.239999771118164,175665.0
2026-08-30,14.0,,,,,,4.9833,13.75,172.72000122070312,115.66999816894531,5.161099910736084,13.239999771118164,175665.0
2026-08-31,14.0,,5.1816,,,,4.943,13.75,174.77999877929688,115.5,5.191199779510498,13.34000015258789,177419.0
2026-09-01,14.0,,5.157,,,,4.952,13.75,177.10000610351562,115.69000244140625,5.181700229644775,13.15999984741211,179723.0
2026-09-02,14.0,,5.1273,,,,4.9535,13.75,182.27000427246094,116.11000061035156,5.152200222015381,13.279999732971191,185205.0
2026-09-03,14.0,,5.0962,,,,4.9633,13.75,182.25,116.30999755859375,5.092700004577637,13.319999694824219,185188.0
2026-09-04,14.0,,5.1253,,,,5.0,13.75,181.94000244140625,116.72000122070312,5.10099983215332,13.289999961853027,185147.0
2026-09-05,14.0,,,,,,5.0,13.75,181.94000244140625,116.72000122070312,5.10099983215332,13.289999961853027,185147.0
2026-09-06,14.0,,,,,,5.0,13.75,181.94000244140625,116.72000122070312,5.10099983215332,13.289999961853027,185147.0
2026-09-07,14.0,,,,,,5.0,13.75,181.94000244140625,116.72000122070312,5.126200199127197,13.289999961853027,185147.0
2026-09-08,14.0,,5.0856,,,,5.0115,13.75,184.7899932861328,116.91000366210938,5.126699924468994,13.260000228881836,187367.0
2026-09-09,14.0,,5.0979,,,,5.0,13.5,182.8699951171875,116.79000091552734,5.084799766540527,13.25,185629.0
2026-09-10,14.0,,5.1149,,,,5.0,13.625,185.2100067138672,117.30999755859375,5.103400230407715,13.270000457763672,188269.0
2026-09-11,14.0,,5.0918,,,,4.9,13.5625,183.85000610351562,117.80000305175781,5.102799892425537,13.270000457763672,187207.0
2026-09-12,14.0,,,,,,4.9,13.5625,183.85000610351562,117.80000305175781,5.102799892425537,13.270000457763672,187207.0
2026-09-13,14.0,,,,,,4.9,13.5625,183.85000610351562,117.80000305175781,5.102799892425537,13.270000457763672,187207.0
2026-09-14,14.0,,5.1696,,,,4.9457,13.75,182.5500030517578,117.4000015258789,5.111207962036133,13.210000038146973,185501.0
2026-09-15,14.0,,5.149,,,,4.9457,13.5,183.88999938964844,117.25,5.138000011444092,13.260000228881836,186503.0
2026-09-16,14.0,,5.1527,,,,4.9511,13.5,182.66000366210938,117.51000213623047,5.142899990081787,13.170000076293945,185548.0
2026-09-17,13.75,,5.1521,,,,4.9008,13.5,183.27999877929688,117.88999938964844,5.150899887084961,13.25,185992.0
2026-09-18,13.75,,5.1575,,,,4.9205,13.5,182.47000122070312,117.87999725341797,5.124100208282471,13.25,185229.0
2026-09-19,13.75,,,,,,4.9205,13.5,182.47000122070312,117.87999725341797,5.124100208282471,13.25,185229.0
2026-09-20,13.75,,,,,,4.9205,13.5,182.47000122070312,117.87999725341797,5.124100208282471,13.25,185229.0
2026-09-21,13.75,,5.1117,,,,4.9788,13.5,183.9499969482422,118.02999877929688,5.140699863433838,13.300000190734863,186596.0
2026-09-22,13.75,,5.1161,,,,4.9757,13.25,184.3000030517578,118.0,5.110400199890137,13.199999809265137,187423.0
2026-09-23,13.75,,5.1414,,,,4.9737,13.25,182.86000061035156,118.05000305175781,5.099899768829346,13.239999771118164,185814.0
2026-09-24,13.75,,5.1795,,,,4.9788,13.5,180.8699951171875,118.16000366210938,5.164299964904785,13.15999984741211,183966.0
2026-09-25,13.75,,5.1991,,,,5.0788,13.5,180.82000732421875,118.36000061035156,5.190499782562256,13.170000076293945,183477.0
2026-09-26,13.75,,,,,,5.0788,13.5,180.82000732421875,118.36000061035156,5.190499782562256,13.170000076293945,183477.0
2026-09-27,13.75,,,,,,5.0788,13.5,180.82000732421875,118.36000061035156,5.190499782562256,13.170000076293945,183477.0
2026-09-28,13.75,,5.2132,,,,5.1,13.5,180.17999267578125,118.37999725341797,5.1875,13.1899995803833,182991.0
2026-09-29,13.75,,5.2204,,,,5.1,13.5,181.0500030517578,119.16000366210938,5.222899913787842,13.199999809265137,183828.0
2026-09-30,13.75,,5.1809,,,,5.1,13.5,184.0800018310547,119.33999633789062,5.202899932861328,13.220000267028809,186340.0
2026-10-01,13.75,,5.2079,,,,5.1,13.5,184.41000366210938,119.30000305175781,5.179100036621094,13.319999694824219,187198.0
2026-10-02,13.75,,5.2238,,,,5.0684,13.25,190.0,119.44000244140625,5.222599983215332,13.3100004196167,192115.0
2026-10-03,13.75,,,,,,5.0684,13.25,190.0,119.44000244140625,5.222599983215332,13.3100004196167,192115.0
2026-10-04,13.75,,,,,,5.0684,13.25,190.0,119.44000244140625,5.222599983215332,13.3100004196167,192115.0
2026-10-05,13.75,,4.9859,,,,5.0684,13.25,190.0,119.44000244140625,5.223100185394287,13.3100004196167,206912.0
2026-10-06,13.75,,4.9698,,,,5.0684,13.25,190.0,119.44000244140625,5.223100185394287,13.3100004196167,206912.0
