Date,inflation_z,fiscal_z,fx_z,monetary_z,composite_z,score,Interpretation,Curve_Level
2020-03-25,0.0,0.0,1.6598752656698594,0.0,0.41496881641746486,20.455741445243724,Pressão moderada de alta,
2020-03-26,0.0,0.0,0.6364617715005276,0.0,0.1591154428751319,7.93902936100936,Neutro,
2020-03-27,0.0,0.0,1.0944560815483897,0.0,0.2736140203870974,13.595985131141179,Neutro,
2020-03-28,0.0,0.0,1.0763866661199766,0.0,0.26909666652999414,13.374224897821518,Neutro,
2020-03-29,0.0,0.0,1.0591878622296227,0.0,0.2647969655574057,13.163024884344457,Neutro,
2020-03-30,0.0,0.0,0.753249863427975,0.0,0.18831246585699374,9.387897199503499,Neutro,
2020-03-31,0.0,0.0,1.3774619139394735,0.0,0.34436547848486837,17.050111714397897,Neutro,4.657918660968662
2020-04-01,0.0,0.0,1.5471779180933112,0.0,0.3867944795233278,19.10215958497789,Neutro,4.657918660968662
2020-04-02,0.0,0.0,0.41049278920978133,0.0,0.10262319730244533,5.126661359677534,Neutro,4.657918660968662
2020-04-03,0.0,0.0,1.4580443396339238,0.0,0.36451108490848094,18.026400041609303,Neutro,4.657918660968662
2020-04-04,0.0,0.0,1.4272416734262892,0.0,0.3568104183565723,17.653621519638005,Neutro,4.657918660968662
2020-04-05,0.0,0.0,1.3983193847174136,0.0,0.3495798461793534,17.303137800752726,Neutro,4.657918660968662
2020-04-06,0.0,0.0,-0.11128312348302975,0.0,-0.027820780870757438,-1.390949328944699,Neutro,4.657918660968662
2020-04-07,0.0,0.0,-0.7949187738596024,0.0,-0.1987296934649006,-9.903911105867143,Neutro,4.657918660968662
2020-04-08,0.0,0.0,-1.1482741645106327,0.0,-0.28706854112765817,-14.255662455841023,Neutro,4.657918660968662
2020-04-09,0.0,0.0,-1.940865055681229,0.0,-0.48521626392030726,-23.79577213341568,Pressão moderada de queda,4.657918660968662
2020-04-10,0.0,0.0,-1.3163638332662893,0.0,-0.3290909583165723,-16.307635314428843,Neutro,4.657918660968662
2020-04-11,0.0,0.0,-1.2940976378967928,0.0,-0.3235244094741982,-16.03658735858852,Neutro,4.657918660968662
2020-04-12,0.0,0.0,-1.2729285119536744,0.0,-0.3182321279884186,-15.778669575320015,Neutro,4.657918660968662
2020-04-13,0.0,0.0,-1.0204660794981764,0.0,-0.2551165198745441,-12.687089512029168,Neutro,4.657918660968662
2020-04-14,0.0,0.0,-0.9458812295505618,0.0,-0.23647030738764044,-11.768725907564708,Neutro,4.657918660968662
2020-04-15,0.0,0.0,-0.5787123350425338,0.0,-0.14467808376063346,-7.221312356034866,Neutro,4.657918660968662
2020-04-16,0.0,0.0,-0.3132741002387102,0.0,-0.07831852505967755,-3.913925857088825,Neutro,4.657918660968662
2020-04-17,0.0,0.0,-0.7820675455955375,0.0,-0.19551688639888437,-9.74482125907544,Neutro,4.657918660968662
2020-04-18,0.0,0.0,-0.7748615989140063,0.0,-0.19371539972850157,-9.655594477487602,Neutro,4.657918660968662
2020-04-19,0.0,0.0,-0.7678519270590646,0.0,-0.19196298176476614,-9.568783151058408,Neutro,4.657918660968662
2020-04-20,0.0,0.0,-0.8758669722409944,0.0,-0.2189667430602486,-10.904801401931731,Neutro,4.657918660968662
2020-04-21,0.0,0.0,-1.0619952310665743,0.0,-0.2654988077666436,-13.197507376343056,Neutro,4.657918660968662
2020-04-22,0.0,0.0,-0.7680318208317596,0.0,-0.1920079552079399,-9.571011229218009,Neutro,4.657918660968662
2020-04-23,0.0,0.0,-0.5847709541730298,0.0,-0.14619273854325746,-7.296646034660248,Neutro,4.657918660968662
2020-04-24,0.0,0.0,0.23503108290426603,0.0,0.058757770726066506,2.9370435789759246,Neutro,4.657918660968662
2020-04-25,0.0,0.0,0.23372168069109087,0.0,0.05843042017277272,2.9206900918401617,Neutro,4.657918660968662
2020-04-26,0.0,0.0,0.2324339346406174,0.0,0.05810848366015435,2.9046069220204096,Neutro,4.657918660968662
2020-04-27,0.0,0.0,0.4340878972507443,0.0,0.10852197431268608,5.420779707487889,Neutro,4.657918660968662
2020-04-28,0.0,0.0,0.22998920734105202,0.0,0.057497301835263005,2.8740733426186384,Neutro,4.657918660968662
2020-04-29,0.0,0.0,-0.42341083443239813,0.0,-0.10585270860809953,-5.287699053118304,Neutro,4.657918660968662
2020-04-30,0.0,0.0,0.2967531262608291,0.0,0.07418828156520728,3.707713660122078,Neutro,4.330562953885258
2020-05-01,0.0,0.0,0.2951494419570955,0.0,0.07378736048927388,3.6876950153968946,Neutro,4.330562953885258
2020-05-02,0.0,0.0,0.2935715020503454,0.0,0.07339287551258634,3.6679974467361633,Neutro,4.330562953885258
2020-05-03,0.0,0.0,0.29201862448026966,0.0,0.07300465612006742,3.648612455250714,Neutro,4.330562953885258
2020-05-04,0.0,0.0,0.51307387028544,0.0,0.12826846757136,6.404644590956322,Neutro,4.330562953885258
2020-05-05,0.0,0.0,0.25051879977177127,0.0,0.06262969994294282,3.130461799731806,Neutro,4.330562953885258
2020-05-06,0.0,0.0,0.5340308592109569,0.0,0.13350771480273924,6.665488036385479,Neutro,4.330562953885258
2020-05-07,0.0,0.0,1.507314243197979,0.0,0.3768285607994947,18.62159264226978,Neutro,4.330562953885258
2020-05-08,0.0,0.0,1.0157799784054402,0.0,0.25394499460136005,12.62945182820939,Neutro,4.330562953885258
2020-05-09,0.0,0.0,1.006269965465599,0.0,0.2515674913663998,12.512455251674895,Neutro,4.330562953885258
2020-05-10,0.0,0.0,0.9970229470890084,0.0,0.2492557367722521,12.398660773962092,Neutro,4.330562953885258
2020-05-11,0.0,0.0,0.9938380222864758,0.0,0.24845950557161894,12.359459291305859,Neutro,4.330562953885258
2020-05-12,0.0,0.0,0.8679355668483183,0.0,0.21698389171207957,10.806827225144204,Neutro,4.330562953885258
2020-05-13,0.0,0.0,0.9585817095280768,0.0,0.2396454273820192,11.925253714032012,Neutro,4.330562953885258
2020-05-14,0.0,0.0,0.7879754008263162,0.0,0.19699385020657906,9.817962898819406,Neutro,4.330562953885258
2020-05-15,0.0,0.0,-0.8336804921526277,0.0,-0.20842012303815693,-10.383446171652908,Neutro,4.330562953885258
2020-05-16,0.0,0.0,-0.8275607639864905,0.0,-0.20689019099662262,-10.307768328675278,Neutro,4.330562953885258
2020-05-17,0.0,0.0,-0.8215742211363865,0.0,-0.2053935552840966,-10.233725933999343,Neutro,4.330562953885258
2020-05-18,0.0,0.0,-1.1491628944114864,0.0,-0.2872907236028716,-14.266545643243136,Neutro,4.330562953885258
2020-05-19,0.0,0.0,-0.8828162643406697,0.0,-0.22070406608516743,-10.990626435568426,Neutro,4.330562953885258
2020-05-20,0.0,0.0,-0.28491483428198183,0.0,-0.07122870857049546,-3.559930438276335,Neutro,4.330562953885258
2020-05-21,0.0,0.0,-0.7497637199113554,0.0,-0.18744092997783884,-9.344702694891987,Neutro,4.330562953885258
2020-05-22,0.0,0.0,-0.8507723751903489,0.0,-0.21269309379758722,-10.594744041536677,Neutro,4.330562953885258
2020-05-23,0.0,0.0,-0.8447842401845161,0.0,-0.21119606004612904,-10.520726697680214,Neutro,4.330562953885258
2020-05-24,0.0,0.0,-0.8389211196532937,0.0,-0.20973027991332344,-10.448243319589274,Neutro,4.330562953885258
2020-05-25,0.0,0.0,-2.0925203462522157,0.0,-0.5231300865630539,-25.575878693225977,Pressão moderada de queda,4.330562953885258
2020-05-26,0.0,0.0,-2.330967837824817,0.0,-0.5827419594562042,-28.33961736532698,Pressão moderada de queda,4.330562953885258
2020-05-27,0.0,0.0,-3.1297936881938315,0.0,-0.7824484220484579,-37.241512978408664,Pressão moderada de queda,4.330562953885258
2020-05-28,0.0,0.0,-3.4532228604086677,0.0,-0.8633057151021669,-40.67016999032114,Pressão moderada de queda,4.330562953885258
2020-05-29,0.0,0.0,-2.714628499014634,0.0,-0.6786571247536585,-32.68778313835819,Pressão moderada de queda,3.8338412367724874
2020-05-30,0.0,0.0,-2.6295298625586123,0.0,-0.6573824656396531,-31.73443015670172,Pressão moderada de queda,3.8338412367724874
2020-05-31,0.0,0.0,-2.55197107216969,0.0,-0.6379927680424226,-30.859916449098744,Pressão moderada de queda,3.8338412367724874
2020-06-01,0.0,0.0,-2.809354549891958,0.0,-0.7023386374729895,-33.74121482037015,Pressão moderada de queda,3.8338412367724874
2020-06-02,0.0,0.0,-3.005444490470645,0.0,-0.7513611226176613,-35.89504172398742,Pressão moderada de queda,3.8338412367724874
2020-06-03,0.0,0.0,-3.9299255521679695,0.0,-0.9824813880419924,-45.52006008073864,Pressão moderada de queda,3.8338412367724874
2020-06-04,0.0,0.0,-3.6406229637713623,0.0,-0.9101557409428406,-42.60640622182593,Pressão moderada de queda,3.8338412367724874
2020-06-05,0.0,0.0,-3.5413211612751114,0.0,-0.8853302903187779,-41.58511384772496,Pressão moderada de queda,3.8338412367724874
2020-06-06,0.0,0.0,-3.3750812731084228,0.0,-0.8437703182771057,-39.85173878558179,Pressão moderada de queda,3.8338412367724874
2020-06-07,0.0,0.0,-3.230263533885942,0.0,-0.8075658834714855,-38.31811328327881,Pressão moderada de queda,3.8338412367724874
2020-06-08,0.0,0.0,-3.026250422232659,0.0,-0.7565626055581648,-36.121394693714684,Pressão moderada de queda,3.8338412367724874
2020-06-09,0.0,0.0,-2.956067127271008,0.0,-0.739016781817752,-35.3561632175959,Pressão moderada de queda,3.8338412367724874
2020-06-10,0.0,0.0,-2.844350700683047,0.0,-0.7110876751707618,-34.12829034033958,Pressão moderada de queda,3.8338412367724874
2020-06-11,0.0,0.0,-2.545487794940215,0.0,-0.6363719487350538,-30.78657496795095,Pressão moderada de queda,3.8338412367724874
2020-06-12,0.0,0.0,-2.048524756698332,0.0,-0.512131189174583,-25.06118838415674,Pressão moderada de queda,3.8338412367724874
2020-06-13,0.0,0.0,-2.0118869966505106,0.0,-0.5029717491626277,-24.631489743042366,Pressão moderada de queda,3.8338412367724874
2020-06-14,0.0,0.0,-1.977149912307221,0.0,-0.49428747807680523,-24.223186243899303,Pressão moderada de queda,3.8338412367724874
2020-06-15,0.0,0.0,-1.300819446575699,0.0,-0.32520486164392476,-16.11843809159779,Neutro,3.8338412367724874
2020-06-16,0.0,0.0,-1.1775564754101957,0.0,-0.2943891188525489,-14.614064145842963,Neutro,3.8338412367724874
2020-06-17,0.0,0.0,-0.6440473210326662,0.0,-0.16101183025816654,-8.033243980401727,Neutro,3.8338412367724874
2020-06-18,0.0,0.0,-0.4863598279645387,0.0,-0.12158995699113467,-6.072018905370672,Neutro,3.8338412367724874
2020-06-19,0.0,0.0,-0.7188942302905833,0.0,-0.17972355757264583,-8.962067540698722,Neutro,3.8338412367724874
2020-06-20,0.0,0.0,-0.715270600200002,0.0,-0.1788176500500005,-8.917134149979427,Neutro,3.8338412367724874
2020-06-21,0.0,0.0,-0.7117013256770552,0.0,-0.1779253314192638,-8.872871225231036,Neutro,3.8338412367724874
2020-06-22,0.0,0.0,-0.8808732419956347,0.0,-0.22021831049890866,-10.96663139769313,Neutro,3.8338412367724874
2020-06-23,0.0,0.0,-0.737766709220194,0.0,-0.1844416773050485,-9.196028863933224,Neutro,3.8338412367724874
2020-06-24,0.0,0.0,0.08690743535512037,0.0,0.021726858838780092,1.0863002093618135,Neutro,3.8338412367724874
2020-06-25,0.0,0.0,0.17681157712357182,0.0,0.044202894280892954,2.2097849182937455,Neutro,3.8338412367724874
2020-06-26,0.0,0.0,0.978143443358111,0.0,0.24453586083952775,12.166227255470503,Neutro,3.8338412367724874
2020-06-27,0.0,0.0,0.9720669332753153,0.0,0.24301673331882884,12.091388262079272,Neutro,3.8338412367724874
2020-06-28,0.0,0.0,0.9661025156539922,0.0,0.24152562891349805,12.017916441888483,Neutro,3.8338412367724874
2020-06-29,0.0,0.0,1.043126521389169,0.0,0.26078163034729224,12.965684827740745,Neutro,3.8338412367724874
2020-06-30,0.0,0.0,1.232116877236763,0.0,0.30802921930919075,15.280828635108435,Neutro,3.574447923681257
2020-07-01,0.0,0.0,0.9408841513946917,0.0,0.23522103784867293,11.707123047435596,Neutro,3.574447923681257
2020-07-02,0.0,0.0,0.7452393126917382,0.0,0.18630982817293454,9.288638506348889,Neutro,3.574447923681257
2020-07-03,0.0,0.0,0.3670191645964559,0.0,0.09175479114911397,4.58452360559772,Neutro,3.574447923681257
2020-07-04,0.0,0.0,0.3657542747929157,0.0,0.09143856869822893,4.56874560040654,Neutro,3.574447923681257
2020-07-05,0.0,0.0,0.3645023839934492,0.0,0.0911255959983623,4.553129517972738,Neutro,3.574447923681257
2020-07-06,0.0,0.0,-0.18882377339669615,0.0,-0.04720594334917404,-2.3598589577112543,Neutro,3.574447923681257
2020-07-07,0.0,0.0,0.06235683830721653,0.0,0.015589209576804132,0.7794446936255923,Neutro,3.574447923681257
2020-07-08,0.0,0.0,-0.25695779521466283,0.0,-0.06423944880366571,-3.2108683234464475,Neutro,3.574447923681257
2020-07-09,0.0,0.0,-0.6820129284829056,0.0,-0.1705032321207264,-8.5045683068619,Neutro,3.574447923681257
2020-07-10,0.0,0.0,-0.5465197959350531,0.0,-0.13662994898376327,-6.8208898641811695,Neutro,3.574447923681257
2020-07-11,0.0,0.0,-0.5444507727715868,0.0,-0.1361126931928967,-6.79514694652299,Neutro,3.574447923681257
2020-07-12,0.0,0.0,-0.5424051035508393,0.0,-0.13560127588770982,-6.769693710518186,Neutro,3.574447923681257
2020-07-13,0.0,0.0,-0.16122661875234495,0.0,-0.04030665468808624,-2.0150599318253226,Neutro,3.574447923681257
2020-07-14,0.0,0.0,0.23873139199850701,0.0,0.059682847999626754,2.983256911928488,Neutro,3.574447923681257
2020-07-15,0.0,0.0,-0.2243855472887345,0.0,-0.056096386822183625,-2.8040840542849237,Neutro,3.574447923681257
2020-07-16,0.0,0.0,-0.4570190532372582,0.0,-0.11425476330931456,-5.706531688511347,Neutro,3.574447923681257
2020-07-17,0.0,0.0,-0.8531239904958913,0.0,-0.21328099762397282,-10.623808369944218,Neutro,3.574447923681257
2020-07-18,0.0,0.0,-0.8489939888966265,0.0,-0.21224849722415662,-10.572763222253966,Neutro,3.574447923681257
2020-07-19,0.0,0.0,-0.8449235001094786,0.0,-0.21123087502736965,-10.522448175988218,Neutro,3.574447923681257
2020-07-20,0.0,0.0,-0.7456144764756469,0.0,-0.18640361911891173,-9.293287572539398,Neutro,3.574447923681257
2020-07-21,0.0,0.0,-1.2215872212800805,0.0,-0.3053968053200201,-15.152255542678084,Neutro,3.574447923681257
2020-07-22,0.0,0.0,-1.2457940056433014,0.0,-0.31144850141082536,-15.447756892476928,Neutro,3.574447923681257
2020-07-23,0.0,0.0,-0.9080564340758762,0.0,-0.22701410851896905,-11.30220840809982,Neutro,3.574447923681257
2020-07-24,0.0,0.0,-0.8564940827272941,0.0,-0.21412352068182353,-10.66545719831423,Neutro,3.574447923681257
2020-07-25,0.0,0.0,-0.8524909718662069,0.0,-0.21312274296655173,-10.615984878622916,Neutro,3.574447923681257
2020-07-26,0.0,0.0,-0.8485435678291755,0.0,-0.21213589195729388,-10.567195862729756,Neutro,3.574447923681257
2020-07-27,0.0,0.0,-0.8372233921046467,0.0,-0.20930584802616167,-10.427252927337781,Neutro,3.574447923681257
2020-07-28,0.0,0.0,-0.932573605205815,0.0,-0.23314340130145375,-11.604652565268843,Neutro,3.574447923681257
2020-07-29,0.0,0.0,-1.0851737193700413,0.0,-0.2712934298425103,-13.482082501709014,Neutro,3.574447923681257
2020-07-30,0.0,0.0,-0.8072309357156049,0.0,-0.20180773392890122,-10.056280198403085,Neutro,3.574447923681257
2020-07-31,0.0,0.0,-0.8783963723181634,0.0,-0.21959909307954084,-10.936041846195268,Neutro,3.3183036961911205
2020-08-01,0.0,0.0,-0.8743535777782371,0.0,-0.21858839444455927,-10.886108541802269,Neutro,3.3183036961911205
2020-08-02,0.0,0.0,-0.8703661883287714,0.0,-0.21759154708219286,-10.836854174014825,Neutro,3.3183036961911205
2020-08-03,0.0,0.0,-0.5749794675408771,0.0,-0.14374486688521929,-7.174893275475487,Neutro,3.3183036961911205
2020-08-04,0.0,0.0,-0.7294441218026129,0.0,-0.18236103045065322,-9.092866458803357,Neutro,3.3183036961911205
2020-08-05,0.0,0.0,-0.6638740808391469,0.0,-0.16596852020978672,-8.279429609894546,Neutro,3.3183036961911205
2020-08-06,0.0,0.0,-0.4844182782921336,0.0,-0.1211045695730334,-6.047838658357705,Neutro,3.3183036961911205
2020-08-07,0.0,0.0,-0.23344576976476666,0.0,-0.058361442441191666,-2.917244143840093,Neutro,3.3183036961911205
2020-08-08,0.0,0.0,-0.232829413518258,0.0,-0.0582073533795645,-2.9095462302033375,Neutro,3.3183036961911205
2020-08-09,0.0,0.0,-0.23221791510166953,0.0,-0.05805447877541738,-2.9019089537943867,Neutro,3.3183036961911205
2020-08-10,0.0,0.0,-0.35632913766631125,0.0,-0.08908228441657781,-4.451171030866487,Neutro,3.3183036961911205
2020-08-11,0.0,0.0,0.16656425896754612,0.0,0.04164106474188653,2.081752436329417,Neutro,3.3183036961911205
2020-08-12,0.0,0.0,0.6293253784610665,0.0,0.15733134461526663,7.850380435805121,Neutro,3.3183036961911205
2020-08-13,0.0,0.0,0.21793958818613526,0.0,0.054484897046533816,2.723571118648966,Neutro,3.3183036961911205
2020-08-14,0.0,0.0,0.07313461715197989,0.0,0.01828365428799497,0.9141572482526551,Neutro,3.3183036961911205
2020-08-15,0.0,0.0,0.07295680625030558,0.0,0.018239201562576395,0.9119347972725662,Neutro,3.3183036961911205
2020-08-16,0.0,0.0,0.07278028600344626,0.0,0.018195071500861564,0.909728477241559,Neutro,3.3183036961911205
2020-08-17,0.0,0.0,0.3561292512161674,0.0,0.08903231280404185,4.44867739788558,Neutro,3.3183036961911205
2020-08-18,0.0,0.0,0.4425620514796354,0.0,0.11064051286990885,5.526389266962711,Neutro,3.3183036961911205
2020-08-19,0.0,0.0,0.6462303703186832,0.0,0.1615575925796708,8.06035540306521,Neutro,3.3183036961911205
2020-08-20,0.0,0.0,0.9972238999476035,0.0,0.24930597498690088,12.401134062194007,Neutro,3.3183036961911205
2020-08-21,0.0,0.0,0.7876383752684284,0.0,0.1969095938171071,9.813790670467474,Neutro,3.3183036961911205
2020-08-22,0.0,0.0,0.7846487825493681,0.0,0.19616219563734202,9.776779317260617,Neutro,3.3183036961911205
2020-08-23,0.0,0.0,0.7816930252128913,0.0,0.19542325630322283,9.740184189432254,Neutro,3.3183036961911205
2020-08-24,0.0,0.0,0.4011594864877392,0.0,0.1002898716219348,5.010294798453419,Neutro,3.3183036961911205
2020-08-25,0.0,0.0,0.3313126200897083,0.0,0.08282815502242707,4.139041695891406,Neutro,3.3183036961911205
2020-08-26,0.0,0.0,0.41738090514273607,0.0,0.10434522628568402,5.212532699664061,Neutro,3.3183036961911205
2020-08-27,0.0,0.0,0.2837574352100314,0.0,0.07093935880250785,3.545481210359102,Neutro,3.3183036961911205
2020-08-28,0.0,0.0,-0.3563575842479213,0.0,-0.08908939606198032,-4.451525908568009,Neutro,3.3183036961911205
2020-08-29,0.0,0.0,-0.35544742167630056,0.0,-0.08886185541907514,-4.440171363787705,Neutro,3.3183036961911205
2020-08-30,0.0,0.0,-0.3545442016011117,0.0,-0.08863605040027793,-4.428903315275439,Neutro,3.3183036961911205
2020-08-31,0.0,0.0,-0.2524219925909485,0.0,-0.06310549814773712,-3.1542282189115283,Neutro,3.6565675645342313
2020-09-01,0.0,0.0,-0.6595704154874334,0.0,-0.16489260387185836,-8.226000183114017,Neutro,3.6565675645342313
2020-09-02,0.0,0.0,-0.7345346589223039,0.0,-0.18363366473057596,-9.155968404823831,Neutro,3.6565675645342313
2020-09-03,0.0,0.0,-0.7083859456256073,0.0,-0.17709648640640183,-8.831753730906716,Neutro,3.6565675645342313
2020-09-04,0.0,0.0,-0.7925519471644574,0.0,-0.19813798679111436,-9.87461510963835,Neutro,3.6565675645342313
2020-09-05,0.0,0.0,-0.7897153355538117,0.0,-0.19742883388845292,-9.839501977048307,Neutro,3.6565675645342313
2020-09-06,0.0,0.0,-0.7869090066990472,0.0,-0.1967272516747618,-9.804761289889253,Neutro,3.6565675645342313
2020-09-07,0.0,0.0,-0.9767098054855289,0.0,-0.24417745137138222,-12.148571650941387,Neutro,3.6565675645342313
2020-09-08,0.0,0.0,-0.762328174055823,0.0,-0.19058204351395575,-9.500363933622381,Neutro,3.6565675645342313
2020-09-09,0.0,0.0,-1.0367642820431913,0.0,-0.2591910705107978,-12.887485726003089,Neutro,3.6565675645342313
2020-09-10,0.0,0.0,-1.5101973716818977,0.0,-0.37754934292047443,-18.656379706812483,Neutro,3.6565675645342313
2020-09-11,0.0,0.0,-1.401346876271004,0.0,-0.350336719067751,-17.33984600638466,Neutro,3.6565675645342313
2020-09-12,0.0,0.0,-1.3925062554260272,0.0,-0.3481265638565068,-17.23264038655953,Neutro,3.6565675645342313
2020-09-13,0.0,0.0,-1.383831076415287,0.0,-0.34595776910382176,-17.127401292797796,Neutro,3.6565675645342313
2020-09-14,0.0,0.0,-1.3070616315576262,0.0,-0.32676540788940656,-16.19442865013504,Neutro,3.6565675645342313
2020-09-15,0.0,0.0,-1.3860795899192293,0.0,-0.3465198974798073,-17.15468190179472,Neutro,3.6565675645342313
2020-09-16,0.0,0.0,-1.3476358478438701,0.0,-0.33690896196096753,-16.68789559774409,Neutro,3.6565675645342313
2020-09-17,0.0,0.0,-1.3976336358830295,0.0,-0.34940840897075737,-17.294822457292184,Neutro,3.6565675645342313
2020-09-18,0.0,0.0,-0.9438415832574616,0.0,-0.2359603958143654,-11.74358269620489,Neutro,3.6565675645342313
2020-09-19,0.0,0.0,-0.9401463050238459,0.0,-0.23503657625596147,-11.698026278116371,Neutro,3.6565675645342313
2020-09-20,0.0,0.0,-0.9364941512419777,0.0,-0.23412353781049441,-11.652996672559896,Neutro,3.6565675645342313
2020-09-21,0.0,0.0,-0.4786156099856157,0.0,-0.11965390249640392,-5.975567447430361,Neutro,3.6565675645342313
2020-09-22,0.0,0.0,-0.21275198644263446,0.0,-0.053187996610658615,-2.658773062536114,Neutro,3.6565675645342313
2020-09-23,0.0,0.0,0.08608807956935673,0.0,0.02152201989233918,1.0760594592809851,Neutro,3.6565675645342313
2020-09-24,0.0,0.0,0.4231855281407431,0.0,0.10579638203518578,5.284890594678694,Neutro,3.6565675645342313
2020-09-25,0.0,0.0,0.483295943098196,0.0,0.120823985774549,6.0338606635866165,Neutro,3.6565675645342313
2020-09-26,0.0,0.0,0.4820966281570168,0.0,0.1205241570392542,6.018923671854548,Neutro,3.6565675645342313
2020-09-27,0.0,0.0,0.4809062047743962,0.0,0.12022655119359905,6.004097154382785,Neutro,3.6565675645342313
2020-09-28,0.0,0.0,0.5397076074933308,0.0,0.1349269018733327,6.736128773500876,Neutro,3.6565675645342313
2020-09-29,0.0,0.0,0.4676208526683956,0.0,0.1169052131670989,5.838612562621406,Neutro,3.6565675645342313
2020-09-30,0.0,0.0,0.6511983345999982,0.0,0.16279958364999955,8.122048404008547,Neutro,3.9711054023137353
2020-10-01,0.0,0.0,0.6889085547878474,0.0,0.17222713869696185,8.590133911227625,Neutro,3.9711054023137353
2020-10-02,0.0,0.0,0.720597639677418,0.0,0.1801494099193545,8.983188735230181,Neutro,3.9711054023137353
2020-10-03,0.0,0.0,0.7173848545569539,0.0,0.17934621363923847,8.943351566568998,Neutro,3.9711054023137353
2020-10-04,0.0,0.0,0.7141837096795864,0.0,0.1785459274198966,8.903655885775901,Neutro,3.9711054023137353
2020-10-05,0.0,0.0,0.6167833134910019,0.0,0.15419582837275048,7.694551758127301,Neutro,3.9711054023137353
2020-10-06,0.0,0.0,0.3560255769702629,0.0,0.08900639424256572,4.447384033802537,Neutro,3.9711054023137353
2020-10-07,0.0,0.0,0.6758487114354594,0.0,0.16896217785886486,8.42806790025009,Neutro,3.9711054023137353
2020-10-08,0.0,0.0,0.7105935095656816,0.0,0.1776483773914204,8.859132375086173,Neutro,3.9711054023137353
2020-10-09,0.0,0.0,0.3577149174843128,0.0,0.0894287293710782,4.468458824685309,Neutro,3.9711054023137353
2020-10-10,0.0,0.0,0.35775323189410657,0.0,0.08943830797352664,4.468936798419711,Neutro,3.9711054023137353
2020-10-11,0.0,0.0,0.35779154771553523,0.0,0.08944788692888381,4.469414789559697,Neutro,3.9711054023137353
2020-10-12,0.0,0.0,-0.13733621943260296,0.0,-0.03433405485815074,-1.7165341214435001,Neutro,3.9711054023137353
2020-10-13,0.0,0.0,0.03937018855590502,0.0,0.009842547138976254,0.4921233840540491,Neutro,3.9711054023137353
2020-10-14,0.0,0.0,-0.31829595523826104,0.0,-0.07957398880956526,-3.976601335391035,Neutro,3.9711054023137353
2020-10-15,0.0,0.0,-0.29037251006190135,0.0,-0.07259312751547534,-3.6280632631483094,Neutro,3.9711054023137353
2020-10-16,0.0,0.0,-0.25879550261680234,0.0,-0.06469887565420059,-3.2338158136050876,Neutro,3.9711054023137353
2020-10-17,0.0,0.0,-0.2574735641869461,0.0,-0.06436839104673653,-3.2173087754954457,Neutro,3.9711054023137353
2020-10-18,0.0,0.0,-0.25615238474763985,0.0,-0.06403809618690996,-3.2008110395322165,Neutro,3.9711054023137353
2020-10-19,0.0,0.0,-0.37179953374588876,0.0,-0.09294988343647219,-4.644150988005701,Neutro,3.9711054023137353
2020-10-20,0.0,0.0,-0.6227514602911777,0.0,-0.15568786507279442,-7.76870763405001,Neutro,3.9711054023137353
2020-10-21,0.0,0.0,-0.5327868094116933,0.0,-0.13319670235292333,-6.650006342989859,Neutro,3.9711054023137353
2020-10-22,0.0,0.0,-0.5935598108878254,0.0,-0.14838995272195635,-7.405913030755877,Neutro,3.9711054023137353
2020-10-23,0.0,0.0,-0.5093551401159374,0.0,-0.12733878502898435,-6.358349764345355,Neutro,3.9711054023137353
2020-10-24,0.0,0.0,-0.5065222314655419,0.0,-0.12663055786638547,-6.323080776785696,Neutro,3.9711054023137353
2020-10-25,0.0,0.0,-0.5036955017568214,0.0,-0.12592387543920536,-6.287887141182455,Neutro,3.9711054023137353
2020-10-26,0.0,0.0,-0.39277867500973307,0.0,-0.09819466875243327,-4.905792188036644,Neutro,3.9711054023137353
2020-10-27,0.0,0.0,-0.015288372958601757,0.0,-0.003822093239650439,-0.1911044293384685,Neutro,3.9711054023137353
2020-10-28,0.0,0.0,-0.013533649089215017,0.0,-0.0033834122723037543,-0.1691704522339575,Neutro,3.9711054023137353
2020-10-29,0.0,0.0,0.07257158284083225,0.0,0.01814289571020806,0.9071199029953468,Neutro,3.9711054023137353
2020-10-30,0.0,0.0,0.29419103955129494,0.0,0.07354775988782374,3.6757312242832905,Neutro,4.187368760837668
2020-10-31,0.0,0.0,0.29327827227949327,0.0,0.07331956806987332,3.6643370011477474,Neutro,4.187368760837668
2020-11-01,0.0,0.0,0.29236602528039024,0.0,0.07309150632009756,3.6529491774671095,Neutro,4.187368760837668
2020-11-02,0.0,0.0,0.2918159832129013,0.0,0.07295399580322533,3.6460828091163853,Neutro,4.187368760837668
2020-11-03,0.0,0.0,-0.0943843537324441,0.0,-0.023596088433111024,-1.179749684197678,Neutro,4.187368760837668
2020-11-04,0.0,0.0,-0.026263948224389547,0.0,-0.006565987056097387,-0.32829817333472355,Neutro,4.187368760837668
2020-11-05,0.0,0.0,-0.5568221073695845,0.0,-0.13920552684239612,-6.94905829026119,Neutro,4.187368760837668
2020-11-06,0.0,0.0,-0.6596271300137869,0.0,-0.16490678250344673,-8.226704317149876,Neutro,4.187368760837668
2020-11-07,0.0,0.0,-0.6552425628028975,0.0,-0.16381064070072437,-8.172265704990394,Neutro,4.187368760837668
2020-11-08,0.0,0.0,-0.6508740268503543,0.0,-0.16271850671258858,-8.118021286164073,Neutro,4.187368760837668
2020-11-09,0.0,0.0,-1.3155429377612469,0.0,-0.3288857344403117,-16.297646838638805,Neutro,4.187368760837668
2020-11-10,0.0,0.0,-0.997115528028328,0.0,-0.249278882007082,-12.399800243855415,Neutro,4.187368760837668
2020-11-11,0.0,0.0,-0.9451257243108024,0.0,-0.2362814310777006,-11.759412788180134,Neutro,4.187368760837668
2020-11-12,0.0,0.0,-0.8640082216613039,0.0,-0.21600205541532597,-10.758306171137203,Neutro,4.187368760837668
2020-11-13,0.0,0.0,-0.7209352565737068,0.0,-0.1802338141434267,-8.987374874435991,Neutro,4.187368760837668
2020-11-14,0.0,0.0,-0.7149296954181475,0.0,-0.1787324238545369,-8.912906708069682,Neutro,4.187368760837668
2020-11-15,0.0,0.0,-0.7089467005189634,0.0,-0.17723667512974084,-8.838708450494899,Neutro,4.187368760837668
2020-11-16,0.0,0.0,-0.9519218504411959,0.0,-0.23798046261029898,-11.843181233762287,Neutro,4.187368760837668
2020-11-17,0.0,0.0,-1.0560696898301214,0.0,-0.26401742245753035,-13.124721104636688,Neutro,4.187368760837668
2020-11-18,0.0,0.0,-1.5662236297919165,0.0,-0.39155590744797913,-19.33143923232974,Neutro,4.187368760837668
2020-11-19,0.0,0.0,-1.565873709098781,0.0,-0.3914684272746953,-19.327228646756055,Neutro,4.187368760837668
2020-11-20,0.0,0.0,-1.4805149950790244,0.0,-0.3701287487697561,-18.298017661651215,Neutro,4.187368760837668
2020-11-21,0.0,0.0,-1.467243225254649,0.0,-0.36681080631366225,-18.137626523006947,Neutro,4.187368760837668
2020-11-22,0.0,0.0,-1.454180945195034,0.0,-0.3635452362987585,-17.979672814803276,Neutro,4.187368760837668
2020-11-23,0.0,0.0,-1.3544242956100185,0.0,-0.33860607390250463,-16.770376386850167,Neutro,4.187368760837668
2020-11-24,0.0,0.0,-1.0695756369776763,0.0,-0.2673939092444191,-13.290600391874335,Neutro,4.187368760837668
2020-11-25,0.0,0.0,-1.2272708880858705,0.0,-0.3068177220214676,-15.221662747002531,Neutro,4.187368760837668
2020-11-26,0.0,0.0,-0.9482444837828656,0.0,-0.2370611209457164,-11.79785642489703,Neutro,4.187368760837668
2020-11-27,0.0,0.0,-0.7640251500183223,0.0,-0.19100628750458057,-9.521384254460509,Neutro,4.187368760837668
2020-11-28,0.0,0.0,-0.7578333047572273,0.0,-0.18945832618930683,-9.444682217330735,Neutro,4.187368760837668
2020-11-29,0.0,0.0,-0.7516746260255259,0.0,-0.18791865650638148,-9.36837990868103,Neutro,4.187368760837668
2020-11-30,0.0,0.0,-0.028231392448856776,0.0,-0.007057848112214194,-0.3528909407257544,Neutro,4.2046643985581085
2020-12-01,0.0,0.0,-0.4704483552124041,0.0,-0.11761208880310102,-5.873835131286985,Neutro,4.2046643985581085
2020-12-02,0.0,0.0,-0.7320947942998796,0.0,-0.1830236985749699,-9.125724926131646,Neutro,4.2046643985581085
2020-12-03,0.0,0.0,-0.9528571704486172,0.0,-0.2382142926121543,-11.854708588108199,Neutro,4.2046643985581085
2020-12-04,0.0,0.0,-1.1482244482660282,0.0,-0.28705611206650705,-14.255053631656256,Neutro,4.2046643985581085
2020-12-05,0.0,0.0,-1.1401665000499386,0.0,-0.28504162501248465,-14.156361926731295,Neutro,4.2046643985581085
2020-12-06,0.0,0.0,-1.1322109505303146,0.0,-0.28305273763257865,-14.05889675984704,Neutro,4.2046643985581085
2020-12-07,0.0,0.0,-1.1460528179006166,0.0,-0.28651320447515416,-14.228458835536703,Neutro,4.2046643985581085
2020-12-08,0.0,0.0,-1.1008823716995462,0.0,-0.27522059292488654,-13.6748202499334,Neutro,4.2046643985581085
2020-12-09,0.0,0.0,-0.7081433744035248,0.0,-0.1770358436008812,-8.828745233231054,Neutro,4.2046643985581085
2020-12-10,0.0,0.0,-0.9135814434913574,0.0,-0.22839536087283935,-11.370383488188889,Neutro,4.2046643985581085
2020-12-11,0.0,0.0,-1.0163019064437726,0.0,-0.25407547661094315,-12.635871814386674,Neutro,4.2046643985581085
2020-12-12,0.0,0.0,-1.0105759742214329,0.0,-0.2526439935553582,-12.565434093781535,Neutro,4.2046643985581085
2020-12-13,0.0,0.0,-1.0049704248065332,0.0,-0.2512426062016333,-12.496464991169082,Neutro,4.2046643985581085
2020-12-14,0.0,0.0,-1.1363887351747832,0.0,-0.2840971837936958,-14.110083117826418,Neutro,4.2046643985581085
2020-12-15,0.0,0.0,-1.063478419214172,0.0,-0.265869604803543,-13.215723865870471,Neutro,4.2046643985581085
2020-12-16,0.0,0.0,-0.8596597002613893,0.0,-0.21491492506534732,-10.704575645448204,Neutro,4.2046643985581085
2020-12-17,0.0,0.0,-0.9071849062490195,0.0,-0.22679622656225487,-11.291453338995373,Neutro,4.2046643985581085
2020-12-18,0.0,0.0,-0.8698096062540484,0.0,-0.2174524015635121,-10.829978550698643,Neutro,4.2046643985581085
2020-12-19,0.0,0.0,-0.8644685219961546,0.0,-0.21611713049903866,-10.763993295499304,Neutro,4.2046643985581085
2020-12-20,0.0,0.0,-0.8591589790562718,0.0,-0.21478974476406795,-10.698388309701206,Neutro,4.2046643985581085
2020-12-21,0.0,0.0,-0.6018291755736682,0.0,-0.15045729389341705,-7.5087052407240185,Neutro,4.2046643985581085
2020-12-22,0.0,0.0,-0.45891295663871956,0.0,-0.11472823915967989,-5.730128069281998,Neutro,4.2046643985581085
2020-12-23,0.0,0.0,-0.19022714174101374,0.0,-0.047556785435253435,-2.3773912201746334,Neutro,4.2046643985581085
2020-12-24,0.0,0.0,0.0540794370395283,0.0,0.013519859259882075,0.6759826663113508,Neutro,4.2046643985581085
2020-12-25,0.0,0.0,0.027831734731380987,0.0,0.006957933682845247,0.3478952805934823,Neutro,4.2046643985581085
2020-12-26,0.0,0.0,0.029755886302341782,0.0,0.007438971575585446,0.37194686353865314,Neutro,4.2046643985581085
2020-12-27,0.0,0.0,0.03168215104004486,0.0,0.007920537760011215,0.3960248176206738,Neutro,4.2046643985581085
2020-12-28,0.0,0.0,0.4815028639447806,0.0,0.12037571598619515,6.011528474377105,Neutro,4.2046643985581085
2020-12-29,0.0,0.0,0.3587735101496322,0.0,0.08969337753740805,4.481664733526083,Neutro,4.2046643985581085
2020-12-30,0.0,0.0,0.3007134041971772,0.0,0.0751783510492943,3.7571481698221008,Neutro,4.2046643985581085
2020-12-31,0.0,0.0,0.3940348420246477,0.0,0.09850871050616193,4.9214563650356675,Neutro,4.2046643985581085
2021-01-01,0.0,0.0,0.45636333079472663,0.0,0.11409083269868166,5.698361811379465,Neutro,4.2046643985581085
2021-01-02,0.0,0.0,0.46042613628694534,0.0,0.11510653407173634,5.748980504958727,Neutro,4.2046643985581085
2021-01-03,0.0,0.0,0.46451576918427,0.0,0.1161289422960675,5.799930457437285,Neutro,4.2046643985581085
2021-01-04,0.0,0.0,0.3891098150014526,0.0,0.09727745375036315,4.860040783946664,Neutro,4.2046643985581085
2021-01-05,0.0,0.0,0.8353432617300863,0.0,0.20883581543252158,10.404006255994426,Neutro,4.2046643985581085
2021-01-06,0.0,0.0,0.7712361956979443,0.0,0.19280904892448608,9.610697473526542,Neutro,4.2046643985581085
2021-01-07,0.0,0.0,1.0299648226343108,0.0,0.2574912056585777,12.803894977133554,Neutro,4.2046643985581085
2021-01-08,0.0,0.0,0.9806695922137225,0.0,0.24516739805343063,12.197335528551907,Neutro,4.2046643985581085
2021-01-09,0.0,0.0,0.983090560940341,0.0,0.24577264023508524,12.227146311847926,Neutro,4.2046643985581085
2021-01-10,0.0,0.0,0.985520795788373,0.0,0.24638019894709326,12.257068975518601,Neutro,4.2046643985581085
2021-01-11,0.0,0.0,1.2236227030000015,0.0,0.3059056757500004,15.177113945314996,Neutro,4.2046643985581085
2021-01-12,0.0,0.0,1.1452305882970242,0.0,0.28630764707425604,14.218388892759412,Neutro,4.2046643985581085
2021-01-13,0.0,0.0,0.49634072211529495,0.0,0.12408518052882374,6.196310614877872,Neutro,4.2046643985581085
2021-01-14,0.0,0.0,0.3239277357326651,0.0,0.08098193393316627,4.046885290716158,Neutro,4.2046643985581085
2021-01-15,0.0,0.0,0.36678838322962126,0.0,0.09169709580740532,4.581644897868032,Neutro,4.2046643985581085
2021-01-16,0.0,0.0,0.3750781541262416,0.0,0.0937695385315604,4.685044569970024,Neutro,4.2046643985581085
2021-01-17,0.0,0.0,0.3835075844432987,0.0,0.09587689611082467,4.7901759414536516,Neutro,4.2046643985581085
2021-01-18,0.0,0.0,0.20170646318063512,0.0,0.05042661579515878,2.520796646430722,Neutro,4.2046643985581085
2021-01-19,0.0,0.0,0.43288753294452115,0.0,0.10822188323613029,5.405819122748702,Neutro,4.2046643985581085
2021-01-20,0.0,0.0,0.46485789809041966,0.0,0.11621447452260492,5.804192672014025,Neutro,4.2046643985581085
2021-01-21,0.0,0.0,0.5224784856738396,0.0,0.1306196214184599,6.521711199809054,Neutro,4.2046643985581085
2021-01-22,0.0,0.0,0.9442718935397085,0.0,0.23606797338492713,11.748887360172958,Neutro,4.2046643985581085
2021-01-23,0.0,0.0,0.9423101270439562,0.0,0.23557753176098906,11.72470307656285,Neutro,4.2046643985581085
2021-01-24,0.0,0.0,0.9403538064077268,0.0,0.2350884516019317,11.700584543549809,Neutro,4.2046643985581085
2021-01-25,0.0,0.0,1.3609059228993268,0.0,0.3402264807248317,16.849107352405017,Neutro,4.2046643985581085
2021-01-26,0.0,0.0,0.28447015389891855,0.0,0.07111753847472964,3.5543789668599004,Neutro,4.2046643985581085
2021-01-27,0.0,0.0,0.3049430902880553,0.0,0.07623577257201382,3.8099435586179613,Neutro,4.2046643985581085
2021-01-28,0.0,0.0,0.3802515030867158,0.0,0.09506287577167895,4.749567526697313,Neutro,4.2046643985581085
2021-01-29,0.0,0.0,0.46141966551271013,0.0,0.11535491637817753,5.761358485700854,Neutro,4.120827582846003
2021-01-30,0.0,0.0,0.4622170430884438,0.0,0.11555426077211095,5.771292563875343,Neutro,4.120827582846003
2021-01-31,0.0,0.0,0.4630152187326601,0.0,0.11575380468316503,5.78123647027551,Neutro,4.120827582846003
2021-02-01,0.0,0.0,-0.05221809717026376,0.0,-0.01305452429256594,-0.6527169449532653,Neutro,4.120827582846003
2021-02-02,0.0,0.0,-0.1974945079843379,0.0,-0.049373626996084476,-2.4681799686608583,Neutro,4.120827582846003
2021-02-03,0.0,0.0,0.196667021296805,0.0,0.04916675532420125,2.457842659933066,Neutro,4.120827582846003
2021-02-04,0.0,0.0,0.5388529025914035,0.0,0.13471322564785088,6.725493363980807,Neutro,4.120827582846003
2021-02-05,0.0,0.0,0.48708150293449093,0.0,0.12177037573362273,6.081006533574512,Neutro,4.120827582846003
2021-02-06,0.0,0.0,0.48173359263233273,0.0,0.12043339815808318,6.014402155259833,Neutro,4.120827582846003
2021-02-07,0.0,0.0,0.4763856534851539,0.0,0.11909641337128847,5.947792061704862,Neutro,4.120827582846003
2021-02-08,0.0,0.0,0.36294079141956004,0.0,0.09073519785489001,4.5336499046151575,Neutro,4.120827582846003
2021-02-09,0.0,0.0,0.5006377805354932,0.0,0.1251594451338733,6.249815831202578,Neutro,4.120827582846003
2021-02-10,0.0,0.0,0.3886017410777726,0.0,0.09715043526944316,4.853704841233144,Neutro,4.120827582846003
2021-02-11,0.0,0.0,0.17750576203361804,0.0,0.04437644050840451,2.218457975756204,Neutro,4.120827582846003
2021-02-12,0.0,0.0,-0.19714166825571605,0.0,-0.04928541706392901,-2.4637721540935194,Neutro,4.120827582846003
2021-02-13,0.0,0.0,-0.21232866545671075,0.0,-0.05308216636417769,-2.6534852833869875,Neutro,4.120827582846003
2021-02-14,0.0,0.0,-0.2282147184347095,0.0,-0.057053679608677375,-2.85191041262186,Neutro,4.120827582846003
2021-02-15,0.0,0.0,-0.5552185658536636,0.0,-0.1388046414634159,-6.929110536323861,Neutro,4.120827582846003
2021-02-16,0.0,0.0,-0.07994127010958083,0.0,-0.019985317527395206,-0.9992326177233021,Neutro,4.120827582846003
2021-02-17,0.0,0.0,0.0603495174158423,0.0,0.015087379353960576,0.7543546583349475,Neutro,4.120827582846003
2021-02-18,0.0,0.0,-0.10589486980279104,0.0,-0.02647371745069776,-1.323608568331402,Neutro,4.120827582846003
2021-02-19,0.0,0.0,-0.4566307003835684,0.0,-0.1141576750958921,-5.701693072587693,Neutro,4.120827582846003
2021-02-20,0.0,0.0,-0.46959125773484156,0.0,-0.11739781443371039,-5.863158310074682,Neutro,4.120827582846003
2021-02-21,0.0,0.0,-0.4829410389134245,0.0,-0.12073525972835612,-6.0294405009042915,Neutro,4.120827582846003
2021-02-22,0.0,0.0,0.0742734813921452,0.0,0.0185683703480363,0.9283918429714679,Neutro,4.120827582846003
2021-02-23,0.0,0.0,0.1527003743975728,0.0,0.0381750935993932,1.9085229053893773,Neutro,4.120827582846003
2021-02-24,0.0,0.0,0.21855117913747107,0.0,0.05463779478436777,2.7312103187654007,Neutro,4.120827582846003
2021-02-25,0.0,0.0,0.18306800988274227,0.0,0.04576700247068557,2.287950772138127,Neutro,4.120827582846003
2021-02-26,0.0,0.0,0.5087578737104507,0.0,0.12718946842761267,6.35091408230764,Neutro,4.738217988799521
2021-02-27,0.0,0.0,0.5047758235014098,0.0,0.12619395587535245,6.3013376571377675,Neutro,4.738217988799521
2021-02-28,0.0,0.0,0.5008019053520611,0.0,0.1252004763380153,6.25185937535441,Neutro,4.738217988799521
2021-03-01,0.0,0.0,0.834861248169972,0.0,0.208715312042493,10.398046267590294,Neutro,4.738217988799521
2021-03-02,0.0,0.0,1.0267022781017714,0.0,0.25667556952544285,12.763779653838375,Neutro,4.738217988799521
2021-03-03,0.0,0.0,1.3364131519589202,0.0,0.33410328798973005,16.551486757449453,Neutro,4.738217988799521
2021-03-04,0.0,0.0,0.9234420399132572,0.0,0.2308605099783143,11.492030291587009,Neutro,4.738217988799521
2021-03-05,0.0,0.0,1.23575167507613,0.0,0.3089379187690325,15.32519960090365,Neutro,4.738217988799521
2021-03-06,0.0,0.0,1.2483408163880292,0.0,0.3120852040970073,15.478830805603966,Neutro,4.738217988799521
2021-03-07,0.0,0.0,1.2611889586828138,0.0,0.31529723967070344,15.635545565875564,Neutro,4.738217988799521
2021-03-08,0.0,0.0,1.4936803533732042,0.0,0.37342008834330104,18.45702662559703,Neutro,4.738217988799521
2021-03-09,0.0,0.0,2.0007981054616324,0.0,0.5001995263654081,24.501243898517966,Pressão moderada de alta,4.738217988799521
2021-03-10,0.0,0.0,1.4102759305296126,0.0,0.35256898263240316,17.44808231577383,Neutro,4.738217988799521
2021-03-11,0.0,0.0,0.6424872614218687,0.0,0.16062181535546718,8.013868776167396,Neutro,4.738217988799521
2021-03-12,0.0,0.0,0.6821074278377605,0.0,0.17052685695944012,8.505741003970327,Neutro,4.738217988799521
2021-03-13,0.0,0.0,0.686948993005442,0.0,0.1717372482513605,8.565819623895115,Neutro,4.738217988799521
2021-03-14,0.0,0.0,0.6918308899492568,0.0,0.1729577224873142,8.626392411021882,Neutro,4.738217988799521
2021-03-15,0.0,0.0,0.4581534271251582,0.0,0.11453835678128955,5.720665072248978,Neutro,4.738217988799521
2021-03-16,0.0,0.0,0.5176651375759441,0.0,0.12941628439398603,6.461797910837923,Neutro,4.738217988799521
2021-03-17,0.0,0.0,1.009785767731264,0.0,0.252446441932816,12.55571234928429,Neutro,4.738217988799521
2021-03-18,0.0,0.0,0.2807932069950684,0.0,0.0701983017487671,3.5084744502621987,Neutro,4.738217988799521
2021-03-19,0.0,0.0,-0.23313870107648288,0.0,-0.05828467526912072,-2.913409047507571,Neutro,4.738217988799521
2021-03-20,0.0,0.0,-0.23276647304113665,0.0,-0.05819161826028416,-2.9087601400844494,Neutro,4.738217988799521
2021-03-21,0.0,0.0,-0.2323943258164672,0.0,-0.0580985814541168,-2.9041122293591513,Neutro,4.738217988799521
2021-03-22,0.0,0.0,-0.38606328694422154,0.0,-0.09651582173605538,-4.822048430639718,Neutro,4.738217988799521
2021-03-23,0.0,0.0,-0.975802133758845,0.0,-0.24395053343971124,-12.137393051907795,Neutro,4.738217988799521
2021-03-24,0.0,0.0,-1.0143875658877943,0.0,-0.2535968914719486,-12.612323912970414,Neutro,4.738217988799521
2021-03-25,0.0,0.0,0.15199676201938148,0.0,0.03799919050484537,1.8997309395263255,Neutro,4.738217988799521
2021-03-26,0.0,0.0,-0.03752363342400408,0.0,-0.00938090835600102,-0.46904197810757625,Neutro,4.738217988799521
2021-03-27,0.0,0.0,-0.039956614852882294,0.0,-0.009989153713220573,-0.4994535325789613,Neutro,4.738217988799521
2021-03-28,0.0,0.0,-0.042393879285196,0.0,-0.010598469821299,-0.5299185307028277,Neutro,4.738217988799521
2021-03-29,0.0,0.0,0.1387818291928909,0.0,0.03469545729822272,1.7345988628750204,Neutro,4.738217988799521
2021-03-30,0.0,0.0,-0.4608784815686247,0.0,-0.11521962039215618,-5.754616114700585,Neutro,4.738217988799521
2021-03-31,0.0,0.0,-0.3460074968846565,0.0,-0.08650187422116412,-4.322398824608683,Neutro,5.577153405704554
2021-04-01,0.0,0.0,0.3100769175475926,0.0,0.07751922938689815,3.874021672711437,Neutro,5.577153405704554
2021-04-02,0.0,0.0,0.424483230460938,0.0,0.1061208076152345,5.3010664287240425,Neutro,5.577153405704554
2021-04-03,0.0,0.0,0.4201788013041342,0.0,0.10504470032603355,5.247410739140291,Neutro,5.577153405704554
2021-04-04,0.0,0.0,0.4158771531482844,0.0,0.1039692882870711,5.193786688393389,Neutro,5.577153405704554
2021-04-05,0.0,0.0,-0.021793045118409096,0.0,-0.005448261279602274,-0.2724123901331914,Neutro,5.577153405704554
2021-04-06,0.0,0.0,0.0357513323083409,0.0,0.008937833077085225,0.44688867888825545,Neutro,5.577153405704554
2021-04-07,0.0,0.0,-0.4905465781641194,0.0,-0.12263664454102985,-6.124158667451391,Neutro,5.577153405704554
2021-04-08,0.0,0.0,-0.001016765696186786,0.0,-0.0002541914240466965,-0.0127095711339009,Neutro,5.577153405704554
2021-04-09,0.0,0.0,0.48030888131037974,0.0,0.12007722032759494,5.996657494022829,Neutro,5.577153405704554
2021-04-10,0.0,0.0,0.4754822538638058,0.0,0.11887056346595146,5.936539439498586,Neutro,5.577153405704554
2021-04-11,0.0,0.0,0.4706596131562735,0.0,0.11766490328906838,5.8764667404919,Neutro,5.577153405704554
2021-04-12,0.0,0.0,0.4413713890823662,0.0,0.11034284727059154,5.511551320056198,Neutro,5.577153405704554
2021-04-13,0.0,0.0,0.821149766849632,0.0,0.205287441712408,10.228475792832192,Neutro,5.577153405704554
2021-04-14,0.0,0.0,0.5691717441879431,0.0,0.14229293604698579,7.102666704586199,Neutro,5.577153405704554
2021-04-15,0.0,0.0,-0.35530499949468675,0.0,-0.08882624987367169,-4.438394594951543,Neutro,5.577153405704554
2021-04-16,0.0,0.0,-0.5181045364423448,0.0,-0.1295261341105862,-6.467267443467889,Neutro,5.577153405704554
2021-04-17,0.0,0.0,-0.515159462247077,0.0,-0.12878986556176925,-6.430607119044109,Neutro,5.577153405704554
2021-04-18,0.0,0.0,-0.5122210598804673,0.0,-0.12805526497011682,-6.394028115742108,Neutro,5.577153405704554
2021-04-19,0.0,0.0,-1.1607645188045508,0.0,-0.2901911297011377,-14.40858480056919,Neutro,5.577153405704554
2021-04-20,0.0,0.0,-1.2462972807773274,0.0,-0.31157432019433184,-15.45389764927748,Neutro,5.577153405704554
2021-04-21,0.0,0.0,-0.9454970475947841,0.0,-0.23637426189869604,-11.763990119254348,Neutro,5.577153405704554
2021-04-22,0.0,0.0,-1.018308382306977,0.0,-0.25457709557674424,-12.660551524406507,Neutro,5.577153405704554
2021-04-23,0.0,0.0,-1.0938537851299905,0.0,-0.27346344628249764,-13.58859551901223,Neutro,5.577153405704554
2021-04-24,0.0,0.0,-1.0852283453294753,0.0,-0.27130708633236883,-13.482752914119619,Neutro,5.577153405704554
2021-04-25,0.0,0.0,-1.0766832245221445,0.0,-0.2691708061305361,-13.377865553085746,Neutro,5.577153405704554
2021-04-26,0.0,0.0,-1.0503457515388448,0.0,-0.2625864378847112,-13.054397779066242,Neutro,5.577153405704554
2021-04-27,0.0,0.0,-0.9673675337042899,0.0,-0.24184188342607246,-12.033500487539008,Neutro,5.577153405704554
2021-04-28,0.0,0.0,-0.9759012883149859,0.0,-0.24397532207874648,-12.138614223168254,Neutro,5.577153405704554
2021-04-29,0.0,0.0,-1.1109887487415735,0.0,-0.2777471871853934,-13.798766110339136,Neutro,5.577153405704554
2021-04-30,0.0,0.0,-1.211736750397982,0.0,-0.3029341875994955,-15.031929240509415,Neutro,5.703576131687243
2021-05-01,0.0,0.0,-1.2050634552982082,0.0,-0.30126586382455206,-14.950387709129147,Neutro,5.703576131687243
2021-05-02,0.0,0.0,-1.1985501866875803,0.0,-0.29963754667189507,-14.870781938636407,Neutro,5.703576131687243
2021-05-03,0.0,0.0,-1.2272176850791012,0.0,-0.3068044212697753,-15.221013117615756,Neutro,5.703576131687243
2021-05-04,0.0,0.0,-1.237619132046401,0.0,-0.30940478301160024,-15.347993754433048,Neutro,5.703576131687243
2021-05-05,0.0,0.0,-1.4668248182708519,0.0,-0.36670620456771297,-18.132568443742667,Neutro,5.703576131687243
2021-05-06,0.0,0.0,-1.6006529962348492,0.0,-0.4001632490587123,-19.74537636421296,Neutro,5.703576131687243
2021-05-07,0.0,0.0,-1.9430096373466588,0.0,-0.4857524093366647,-23.821059858915216,Pressão moderada de queda,5.703576131687243
2021-05-08,0.0,0.0,-1.920292046617125,0.0,-0.48007301165428123,-23.553023051997453,Pressão moderada de queda,5.703576131687243
2021-05-09,0.0,0.0,-1.8981402643225953,0.0,-0.4745350660806488,-23.291316498401905,Pressão moderada de queda,5.703576131687243
2021-05-10,0.0,0.0,-1.625198588494934,0.0,-0.4062996471237335,-20.040054527716023,Pressão moderada de queda,5.703576131687243
2021-05-11,0.0,0.0,-1.319288292319549,0.0,-0.32982207307988726,-16.343216770331225,Neutro,5.703576131687243
2021-05-12,0.0,0.0,-1.3344722670016853,0.0,-0.3336180667504213,-16.5278893843294,Neutro,5.703576131687243
2021-05-13,0.0,0.0,-0.9801131771584826,0.0,-0.24502829428962064,-12.190483758053752,Neutro,5.703576131687243
2021-05-14,0.0,0.0,-0.9475976749590105,0.0,-0.23689941873975262,-11.78988377474577,Neutro,5.703576131687243
2021-05-15,0.0,0.0,-0.9442927403396273,0.0,-0.23607318508490682,-11.74914434807294,Neutro,5.703576131687243
2021-05-16,0.0,0.0,-0.9410025069546326,0.0,-0.23525062673865815,-11.708582212624934,Neutro,5.703576131687243
2021-05-17,0.0,0.0,-0.8146398482526803,0.0,-0.20365996206317008,-10.147946474010485,Neutro,5.703576131687243
2021-05-18,0.0,0.0,-0.8262029608420823,0.0,-0.20655074021052058,-10.290975829127651,Neutro,5.703576131687243
2021-05-19,0.0,0.0,-0.5235189861214852,0.0,-0.1308797465303713,-6.534662026339932,Neutro,5.703576131687243
2021-05-20,0.0,0.0,-0.3292907347175593,0.0,-0.08232268367938983,-4.113811163175823,Neutro,5.703576131687243
2021-05-21,0.0,0.0,-0.45312937280199767,0.0,-0.11328234320049942,-5.658067674112247,Neutro,5.703576131687243
2021-05-22,0.0,0.0,-0.45886231290541607,0.0,-0.11471557822635402,-5.729497100955534,Neutro,5.703576131687243
2021-05-23,0.0,0.0,-0.46465385969920925,0.0,-0.11616346492480231,-5.801650780584654,Neutro,5.703576131687243
2021-05-24,0.0,0.0,-0.41131597309654927,0.0,-0.10282899327413732,-5.136924059763429,Neutro,5.703576131687243
2021-05-25,0.0,0.0,-0.6418595903511812,0.0,-0.1604648975877953,-8.006073226721721,Neutro,5.703576131687243
2021-05-26,0.0,0.0,-0.3354311226083278,0.0,-0.08385778065208195,-4.190433681744456,Neutro,5.703576131687243
2021-05-27,0.0,0.0,-0.022311695920011053,0.0,-0.005577923980002763,-0.27889547588878477,Neutro,5.703576131687243
2021-05-28,0.0,0.0,0.0354427391247116,0.0,0.0088606847811779,0.44303134046609566,Neutro,5.703576131687243
2021-05-29,0.0,0.0,0.03189940855665487,0.0,0.007974852139163718,0.398740493693406,Neutro,5.703576131687243
2021-05-30,0.0,0.0,0.028345767838290545,0.0,0.007086441959572636,0.35432061521720115,Neutro,5.703576131687243
2021-05-31,0.0,0.0,0.0434850437393361,0.0,0.010871260934834025,0.543557693419472,Neutro,6.085854077635328
2021-06-01,0.0,0.0,-0.39361040751414783,0.0,-0.09840260187853696,-4.9161637699837435,Neutro,6.085854077635328
2021-06-02,0.0,0.0,-0.612847728144146,0.0,-0.1532119320360365,-7.645646357466767,Neutro,6.085854077635328
2021-06-03,0.0,0.0,-0.8345496055994712,0.0,-0.2086374013998678,-10.394192838098808,Neutro,6.085854077635328
2021-06-04,0.0,0.0,-1.0153528041562814,0.0,-0.25383820103907034,-12.624197284161106,Neutro,6.085854077635328
2021-06-05,0.0,0.0,-1.0077794412474863,0.0,-0.2519448603118716,-12.531027852936907,Neutro,6.085854077635328
2021-06-06,0.0,0.0,-1.0002746957245292,0.0,-0.2500686739311323,-12.438680761732964,Neutro,6.085854077635328
2021-06-07,0.0,0.0,-1.1048725180659682,0.0,-0.27621812951649205,-13.723761037167503,Neutro,6.085854077635328
2021-06-08,0.0,0.0,-1.0196938786777336,0.0,-0.2549234696694334,-12.677592254465079,Neutro,6.085854077635328
2021-06-09,0.0,0.0,-1.1053089172575552,0.0,-0.2763272293143888,-13.729113246827044,Neutro,6.085854077635328
2021-06-10,0.0,0.0,-1.087018938416356,0.0,-0.271754734604089,-13.50472778631996,Neutro,6.085854077635328
2021-06-11,0.0,0.0,-0.8551666072911261,0.0,-0.21379165182278154,-10.649052218877376,Neutro,6.085854077635328
2021-06-12,0.0,0.0,-0.8493763305138511,0.0,-0.21234408262846277,-10.577489044315842,Neutro,6.085854077635328
2021-06-13,0.0,0.0,-0.8436562606538196,0.0,-0.2109140651634549,-10.50678281078709,Neutro,6.085854077635328
2021-06-14,0.0,0.0,-1.1761629076381777,0.0,-0.2940407269095444,-14.597016146725709,Neutro,6.085854077635328
2021-06-15,0.0,0.0,-1.0527054357606576,0.0,-0.2631763589401644,-13.08339005086992,Neutro,6.085854077635328
2021-06-16,0.0,0.0,-1.4075128028412578,0.0,-0.35187820071031445,-17.414592695742755,Neutro,6.085854077635328
2021-06-17,0.0,0.0,-1.1575232988968591,0.0,-0.2893808247242148,-14.368908363919786,Neutro,6.085854077635328
2021-06-18,0.0,0.0,-0.8862281311830562,0.0,-0.22155703279576405,-11.032757627972975,Neutro,6.085854077635328
2021-06-19,0.0,0.0,-0.8794089218318014,0.0,-0.21985223045795035,-10.94854716958574,Neutro,6.085854077635328
2021-06-20,0.0,0.0,-0.8726368120417739,0.0,-0.21815920301044348,-10.864902786748958,Neutro,6.085854077635328
2021-06-21,0.0,0.0,-0.855329835619726,0.0,-0.2138324589049315,-10.651069430514083,Neutro,6.085854077635328
2021-06-22,0.0,0.0,-0.591944475836471,0.0,-0.14798611895911776,-7.385831789054302,Neutro,6.085854077635328
2021-06-23,0.0,0.0,-0.6900653489558939,0.0,-0.17251633723897347,-8.60448695956371,Neutro,6.085854077635328
2021-06-24,0.0,0.0,-0.8196333991918443,0.0,-0.20490834979796108,-10.209719139921855,Neutro,6.085854077635328
2021-06-25,0.0,0.0,-0.5936563458941924,0.0,-0.1484140864735481,-7.407113098877477,Neutro,6.085854077635328
2021-06-26,0.0,0.0,-0.5891541511022158,0.0,-0.14728853777555395,-7.351142104689769,Neutro,6.085854077635328
2021-06-27,0.0,0.0,-0.5846648054824038,0.0,-0.14616620137060096,-7.295326239083526,Neutro,6.085854077635328
2021-06-28,0.0,0.0,-0.36842726234079987,0.0,-0.09210681558519997,-4.602087691494635,Neutro,6.085854077635328
2021-06-29,0.0,0.0,-0.34545348918927793,0.0,-0.08636337229731948,-4.315486645985606,Neutro,6.085854077635328
2021-06-30,0.0,0.0,-0.04606132787340629,0.0,-0.011515331968351573,-0.5757602361433112,Neutro,6.494565552965554
2021-07-01,0.0,0.0,-0.0843628031207778,0.0,-0.02109070078019445,-1.0544959510977705,Neutro,6.494565552965554
2021-07-02,0.0,0.0,-0.2564226858975076,0.0,-0.0641056714743769,-3.2041863386452247,Neutro,6.494565552965554
2021-07-03,0.0,0.0,-0.2550961370240451,0.0,-0.06377403425601127,-3.187621414148752,Neutro,6.494565552965554
2021-07-04,0.0,0.0,-0.2537703386343038,0.0,-0.06344258465857595,-3.1710656861512074,Neutro,6.494565552965554
2021-07-05,0.0,0.0,0.27033439371974455,0.0,0.06758359842993614,3.3778942963049423,Neutro,6.494565552965554
2021-07-06,0.0,0.0,0.6809533723009897,0.0,0.17023834307524743,8.491419500612201,Neutro,6.494565552965554
2021-07-07,0.0,0.0,1.4494181963763308,0.0,0.3623545490940827,17.92205685325008,Neutro,6.494565552965554
2021-07-08,0.0,0.0,1.501150267422222,0.0,0.3752875668555555,18.54720409051773,Neutro,6.494565552965554
2021-07-09,0.0,0.0,1.4182622605504454,0.0,0.35456556513761134,17.544855398961765,Neutro,6.494565552965554
2021-07-10,0.0,0.0,1.4184856167567428,0.0,0.3546214041891857,17.547561395855634,Neutro,6.494565552965554
2021-07-11,0.0,0.0,1.418709043661172,0.0,0.354677260915293,17.550268222742034,Neutro,6.494565552965554
2021-07-12,0.0,0.0,1.2985649477418628,0.0,0.3246412369354657,16.09098776990483,Neutro,6.494565552965554
2021-07-13,0.0,0.0,1.1440426688451666,0.0,0.28601066721129165,14.203839783625133,Neutro,6.494565552965554
2021-07-14,0.0,0.0,1.0223077222036479,0.0,0.25557693055091196,12.709738840273493,Neutro,6.494565552965554
2021-07-15,0.0,0.0,1.2261785758652188,0.0,0.3065446439663047,15.208324926704977,Neutro,6.494565552965554
2021-07-16,0.0,0.0,1.2251572642513922,0.0,0.30628931606284804,15.195853567433252,Neutro,6.494565552965554
2021-07-17,0.0,0.0,1.215901343117435,0.0,0.30397533577935876,15.082806380181985,Neutro,6.494565552965554
2021-07-18,0.0,0.0,1.2067478529291953,0.0,0.3016869632322988,14.970971423018037,Neutro,6.494565552965554
2021-07-19,0.0,0.0,1.6554336675858334,0.0,0.41385841689645836,20.402538595610086,Pressão moderada de alta,6.494565552965554
2021-07-20,0.0,0.0,1.8918936573812262,0.0,0.47297341434530654,23.217456360619888,Pressão moderada de alta,6.494565552965554
2021-07-21,0.0,0.0,1.5668080852291626,0.0,0.39170202130729065,19.338471808897083,Neutro,6.494565552965554
2021-07-22,0.0,0.0,1.2386162568300465,0.0,0.3096540642075116,15.360163976821672,Neutro,6.494565552965554
2021-07-23,0.0,0.0,0.9428135227744784,0.0,0.2357033806936196,11.730908975978819,Neutro,6.494565552965554
2021-07-24,0.0,0.0,0.9360062741013407,0.0,0.23400156852533519,11.646980978026614,Neutro,6.494565552965554
2021-07-25,0.0,0.0,0.9292474853627462,0.0,0.23231187134068654,11.563633992748855,Neutro,6.494565552965554
2021-07-26,0.0,0.0,0.7561061411247904,0.0,0.1890265352811976,9.423284819061912,Neutro,6.494565552965554
2021-07-27,0.0,0.0,0.1579348323261525,0.0,0.03948370808153812,1.9739289705203322,Neutro,6.494565552965554
2021-07-28,0.0,0.0,-0.2877400314640983,0.0,-0.07193500786602458,-3.5952002031545574,Neutro,6.494565552965554
2021-07-29,0.0,0.0,-0.8818730207087437,0.0,-0.22046825517718593,-10.978978161838779,Neutro,6.494565552965554
2021-07-30,0.0,0.0,-0.5044058346198182,0.0,-0.12610145865495456,-6.296731146565669,Neutro,7.2419556878306865
2021-07-31,0.0,0.0,-0.5136632723854069,0.0,-0.12841581809635172,-6.411981861366786,Neutro,7.2419556878306865
2021-08-01,0.0,0.0,-0.5230953988028378,0.0,-0.13077384970070946,-6.529389776550117,Neutro,7.2419556878306865
2021-08-02,0.0,0.0,-0.3589817391077312,0.0,-0.0897454347769328,-4.484262364540302,Neutro,7.2419556878306865
2021-08-03,0.0,0.0,0.49757139784555954,0.0,0.12439284946138988,6.211634851700721,Neutro,7.2419556878306865
2021-08-04,0.0,0.0,0.7922207447157946,0.0,0.19805518617894866,9.870515430892636,Neutro,7.2419556878306865
2021-08-05,0.0,0.0,0.3594870424723196,0.0,0.0898717606180799,4.490565937550389,Neutro,7.2419556878306865
2021-08-06,0.0,0.0,0.9275457715370303,0.0,0.23188644288425758,11.54264649043099,Neutro,7.2419556878306865
2021-08-07,0.0,0.0,0.9202455738856484,0.0,0.2300613934714121,11.452600341461686,Neutro,7.2419556878306865
2021-08-08,0.0,0.0,0.9129946479015938,0.0,0.22824866197539845,11.363143313235982,Neutro,7.2419556878306865
2021-08-09,0.0,0.0,0.5181579221768559,0.0,0.12953948054421396,6.467931973752959,Neutro,7.2419556878306865
2021-08-10,0.0,0.0,-0.06699885469918712,0.0,-0.01674971367479678,-0.837466104368799,Neutro,7.2419556878306865
2021-08-11,0.0,0.0,-0.21129149995822386,0.0,-0.052822874989555964,-2.6405297984922376,Neutro,7.2419556878306865
2021-08-12,0.0,0.0,0.27228570550329395,0.0,0.06807142637582349,3.4022576613839144,Neutro,7.2419556878306865
2021-08-13,0.0,0.0,0.4937993079190702,0.0,0.12344982697976754,6.164664285219096,Neutro,7.2419556878306865
2021-08-14,0.0,0.0,0.4877364383036226,0.0,0.12193410957590566,6.0891629117908455,Neutro,7.2419556878306865
2021-08-15,0.0,0.0,0.4816606739380105,0.0,0.12041516848450262,6.013493968195905,Neutro,7.2419556878306865
2021-08-16,0.0,0.0,0.39334809636765766,0.0,0.09833702409191442,4.91289280001931,Neutro,7.2419556878306865
2021-08-17,0.0,0.0,0.5527849740796906,0.0,0.13819624351992266,6.898836055701807,Neutro,7.2419556878306865
2021-08-18,0.0,0.0,0.8861079107832014,0.0,0.22152697769580035,11.031273162309176,Neutro,7.2419556878306865
2021-08-19,0.0,0.0,2.0620181352029205,0.0,0.5155045338007301,25.21919530859849,Pressão moderada de alta,7.2419556878306865
2021-08-20,0.0,0.0,1.768110737466557,0.0,0.44202768436663925,21.748416227809585,Pressão moderada de alta,7.2419556878306865
2021-08-21,0.0,0.0,1.7528075276908484,0.0,0.4382018819227121,21.566098379592997,Pressão moderada de alta,7.2419556878306865
2021-08-22,0.0,0.0,1.7378487390744366,0.0,0.43446218476860915,21.387738407638526,Pressão moderada de alta,7.2419556878306865
2021-08-23,0.0,0.0,1.2889042054906636,0.0,0.3222260513726659,15.973332384784097,Neutro,7.2419556878306865
2021-08-24,0.0,0.0,0.25553029620113243,0.0,0.06388257405028311,3.1930428801519146,Neutro,7.2419556878306865
2021-08-25,0.0,0.0,0.14876831853099332,0.0,0.03719207963274833,1.859389653061729,Neutro,7.2419556878306865
2021-08-26,0.0,0.0,0.49213412114712135,0.0,0.12303353028678034,6.14392828758681,Neutro,7.2419556878306865
2021-08-27,0.0,0.0,-0.203946301611671,0.0,-0.05098657540291775,-2.5487766375318746,Neutro,7.2419556878306865
2021-08-28,0.0,0.0,-0.21006939723997467,0.0,-0.05251734930999367,-2.6252641042875045,Neutro,7.2419556878306865
2021-08-29,0.0,0.0,-0.21625822375594356,0.0,-0.05406455593898589,-2.7025695334793323,Neutro,7.2419556878306865
2021-08-30,0.0,0.0,-0.5748927839768492,0.0,-0.1437231959942123,-7.173815308076256,Neutro,7.2419556878306865
2021-08-31,0.0,0.0,-0.5592990510684758,0.0,-0.13982476276711894,-6.979869909893603,Neutro,7.98865121517272
2021-09-01,0.0,0.0,-0.3557858959074852,0.0,-0.0889464739768713,-4.444393942416597,Neutro,7.98865121517272
2021-09-02,0.0,0.0,-0.4574319287481621,0.0,-0.11435798218704052,-5.711675810885339,Neutro,7.98865121517272
2021-09-03,0.0,0.0,-0.5557299610358609,0.0,-0.13893249025896523,-6.935472256166076,Neutro,7.98865121517272
2021-09-04,0.0,0.0,-0.5533335417351547,0.0,-0.13833338543378867,-6.905660483481427,Neutro,7.98865121517272
2021-09-05,0.0,0.0,-0.5509425868232345,0.0,-0.13773564670580862,-6.875915459324156,Neutro,7.98865121517272
2021-09-06,0.0,0.0,-0.5068500878914605,0.0,-0.12671252197286512,-6.327162586351733,Neutro,7.98865121517272
2021-09-07,0.0,0.0,-0.5544173824536318,0.0,-0.13860434561340795,-6.919143758289145,Neutro,7.98865121517272
2021-09-08,0.0,0.0,-0.3668914940053215,0.0,-0.09172287350133038,-4.582931076246259,Neutro,7.98865121517272
2021-09-09,0.0,0.0,-0.8393128029932274,0.0,-0.20982820074830685,-10.453085888536608,Neutro,7.98865121517272
2021-09-10,0.0,0.0,-1.258473172598201,0.0,-0.31461829314955025,-15.602426394422436,Neutro,7.98865121517272
2021-09-11,0.0,0.0,-1.2480187837173027,0.0,-0.31200469592932567,-15.474901819192432,Neutro,7.98865121517272
2021-09-12,0.0,0.0,-1.237689179634366,0.0,-0.3094222949085915,-15.348848722541476,Neutro,7.98865121517272
2021-09-13,0.0,0.0,-0.8912357460356706,0.0,-0.22280893650891764,-11.094586616164042,Neutro,7.98865121517272
2021-09-14,0.0,0.0,-0.47080861682080455,0.0,-0.11770215420520114,-5.878322852363165,Neutro,7.98865121517272
2021-09-15,0.0,0.0,0.03605667250036403,0.0,0.009014168125091008,0.450705354411527,Neutro,7.98865121517272
2021-09-16,0.0,0.0,0.07456636174466842,0.0,0.018641590436167105,0.9320525305860127,Neutro,7.98865121517272
2021-09-17,0.0,0.0,0.5184650580740842,0.0,0.12961626451852104,6.47175510201377,Neutro,7.98865121517272
2021-09-18,0.0,0.0,0.5253355701860867,0.0,0.13133389254652167,6.557272026981926,Neutro,7.98865121517272
2021-09-19,0.0,0.0,0.5322943743983266,0.0,0.13307359359958165,6.643878101181505,Neutro,7.98865121517272
2021-09-20,0.0,0.0,0.8333229841151928,0.0,0.2083307460287982,10.379025482012826,Neutro,7.98865121517272
2021-09-21,0.0,0.0,0.9927852530701861,0.0,0.24819631326754651,12.346500486733527,Neutro,7.98865121517272
2021-09-22,0.0,0.0,0.7419429366210618,0.0,0.18548573415526545,9.247787753510233,Neutro,7.98865121517272
2021-09-23,0.0,0.0,0.7071914730463429,0.0,0.17679786826158572,8.816939089309397,Neutro,7.98865121517272
2021-09-24,0.0,0.0,1.0686184894252617,0.0,0.26715462235631543,13.278847198883703,Neutro,7.98865121517272
2021-09-25,0.0,0.0,1.0648160149862569,0.0,0.2662040037465642,13.232151427040497,Neutro,7.98865121517272
2021-09-26,0.0,0.0,1.0610333927681166,0.0,0.26525834819202915,13.185693619487763,Neutro,7.98865121517272
2021-09-27,0.0,0.0,1.0265490314042829,0.0,0.2566372578510707,12.761895273066875,Neutro,7.98865121517272
2021-09-28,0.0,0.0,1.4608082522709092,0.0,0.3652020630677273,18.0598241960514,Neutro,7.98865121517272
2021-09-29,0.0,0.0,0.9687855360376106,0.0,0.24219638400940266,12.050968476418273,Neutro,7.98865121517272
2021-09-30,0.0,0.0,0.914253149539576,0.0,0.228563287384894,11.378671182233305,Neutro,8.785162417829083
2021-10-01,0.0,0.0,1.0398800804216528,0.0,0.2599700201054132,12.925784413322233,Neutro,8.785162417829083
2021-10-02,0.0,0.0,1.0430853502564321,0.0,0.26077133756410803,12.96517883979048,Neutro,8.785162417829083
2021-10-03,0.0,0.0,1.0463069292814882,0.0,0.26157673232037204,13.004769590782836,Neutro,8.785162417829083
2021-10-04,0.0,0.0,1.2139260130558398,0.0,0.30348150326395995,15.058675568608216,Neutro,8.785162417829083
2021-10-05,0.0,0.0,1.4070859150282433,0.0,0.35177147875706083,17.4094183767894,Neutro,8.785162417829083
2021-10-06,0.0,0.0,1.4898691200003242,0.0,0.37246728000008106,18.41100509242031,Neutro,8.785162417829083
2021-10-07,0.0,0.0,1.494219219062944,0.0,0.373554804765736,18.463532902104568,Neutro,8.785162417829083
2021-10-08,0.0,0.0,1.1422930917432388,0.0,0.2855732729358097,14.182410623960006,Neutro,8.785162417829083
2021-10-09,0.0,0.0,1.1380232346641515,0.0,0.28450580866603786,14.13010700919098,Neutro,8.785162417829083
2021-10-10,0.0,0.0,1.133778413409075,0.0,0.28344460335226873,14.078102250202534,Neutro,8.785162417829083
2021-10-11,0.0,0.0,1.0329188065854646,0.0,0.25822970164636616,12.840212713686297,Neutro,8.785162417829083
2021-10-12,0.0,0.0,1.1978231640565786,0.0,0.29945579101414466,14.861895003045197,Neutro,8.785162417829083
2021-10-13,0.0,0.0,1.5266973530693262,0.0,0.38167433826733155,18.855373881745592,Neutro,8.785162417829083
2021-10-14,0.0,0.0,1.174867547160147,0.0,0.29371688679003677,14.581168774063533,Neutro,8.785162417829083
2021-10-15,0.0,0.0,0.5737632485494241,0.0,0.14344081213735602,7.159768635536263,Neutro,8.785162417829083
2021-10-16,0.0,0.0,0.5741058349958243,0.0,0.1435264587489561,7.164029000845288,Neutro,8.785162417829083
2021-10-17,0.0,0.0,0.5744485782280884,0.0,0.1436121445570221,7.168291289766726,Neutro,8.785162417829083
2021-10-18,0.0,0.0,0.9395534977912486,0.0,0.23488837444781216,11.69071752687442,Neutro,8.785162417829083
2021-10-19,0.0,0.0,0.6991955851680295,0.0,0.17479889629200737,8.717758768244773,Neutro,8.785162417829083
2021-10-20,0.0,0.0,0.7455092134833436,0.0,0.1863773033708359,9.29198314736406,Neutro,8.785162417829083
2021-10-21,0.0,0.0,1.0930140172842149,0.0,0.2732535043210537,13.578292102849618,Neutro,8.785162417829083
2021-10-22,0.0,0.0,1.754263174849254,0.0,0.4385657937123135,21.583447017428423,Pressão moderada de alta,8.785162417829083
2021-10-23,0.0,0.0,1.7358131877521465,0.0,0.43395329693803664,21.36345661164857,Pressão moderada de alta,8.785162417829083
2021-10-24,0.0,0.0,1.7177500171829931,0.0,0.4294375042957483,21.147868331079536,Pressão moderada de alta,8.785162417829083
2021-10-25,0.0,0.0,0.9017319965681282,0.0,0.22543299914203205,11.224155835391429,Neutro,8.785162417829083
2021-10-26,0.0,0.0,0.5712738019814804,0.0,0.1428184504953701,7.128809383074762,Neutro,8.785162417829083
2021-10-27,0.0,0.0,0.22658191526785948,0.0,0.05664547881696487,2.8315168549007117,Neutro,8.785162417829083
2021-10-28,0.0,0.0,0.450037118261962,0.0,0.1125092795654905,5.6195373948662235,Neutro,8.785162417829083
2021-10-29,0.0,0.0,0.643519337323955,0.0,0.16087983433098876,8.026686739759011,Neutro,10.673055555555557
2021-10-30,0.0,0.0,0.6386463492026264,0.0,0.1596615873006566,7.966163880888759,Neutro,10.673055555555557
2021-10-31,0.0,0.0,0.6337897085283676,0.0,0.1584474271320919,7.90583821406907,Neutro,10.673055555555557
2021-11-01,0.0,0.0,0.7316278305681796,0.0,0.1829069576420449,9.119936458914756,Neutro,10.673055555555557
2021-11-02,0.0,0.0,0.7289826010466146,0.0,0.18224565026165365,9.087145117644686,Neutro,10.673055555555557
2021-11-03,0.0,0.0,0.5435275177388553,0.0,0.13588187943471383,6.783659456576949,Neutro,10.673055555555557
2021-11-04,0.0,0.0,0.41380353614252674,0.0,0.10345088403563168,5.16793604925105,Neutro,10.673055555555557
2021-11-05,0.0,0.0,0.4147278825542221,0.0,0.10368197063855553,5.179459451737336,Neutro,10.673055555555557
2021-11-06,0.0,0.0,0.41604362588301325,0.0,0.10401090647075331,5.195861981994307,Neutro,10.673055555555557
2021-11-07,0.0,0.0,0.41736155316363144,0.0,0.10434038829090786,5.212291457148452,Neutro,10.673055555555557
2021-11-08,0.0,0.0,0.13680343328062936,0.0,0.03420085832015734,1.7098762492534436,Neutro,10.673055555555557
2021-11-09,0.0,0.0,-0.40058442922226256,0.0,-0.10014610730556564,-5.003124601440751,Neutro,10.673055555555557
2021-11-10,0.0,0.0,-0.6211019660191696,0.0,-0.1552754915047924,-7.748213067192486,Neutro,10.673055555555557
2021-11-11,0.0,0.0,-1.2875151066208088,0.0,-0.3218787766552022,-15.956411210875862,Neutro,10.673055555555557
2021-11-12,0.0,0.0,-1.6146062750868413,0.0,-0.4036515687717103,-19.912934346014065,Neutro,10.673055555555557
2021-11-13,0.0,0.0,-1.6022547380400103,0.0,-0.40056368451000257,-19.76461676723119,Neutro,10.673055555555557
2021-11-14,0.0,0.0,-1.590164102587506,0.0,-0.3975410256468765,-19.619344399033736,Neutro,10.673055555555557
2021-11-15,0.0,0.0,-0.9938481479305034,0.0,-0.24846203698262584,-12.359583928392647,Neutro,10.673055555555557
2021-11-16,0.0,0.0,-0.5824530303461553,0.0,-0.1456132575865388,-7.267825639182806,Neutro,10.673055555555557
2021-11-17,0.0,0.0,-0.38022122875497577,0.0,-0.09505530718874394,-4.749189951157992,Neutro,10.673055555555557
2021-11-18,0.0,0.0,-0.36135688052017784,0.0,-0.09033922013004446,-4.513891535871597,Neutro,10.673055555555557
2021-11-19,0.0,0.0,-0.460688137746301,0.0,-0.11517203443657525,-5.75224469286398,Neutro,10.673055555555557
2021-11-20,0.0,0.0,-0.4556032713261269,0.0,-0.11390081783153172,-5.688891866956186,Neutro,10.673055555555557
2021-11-21,0.0,0.0,-0.45051856945092705,0.0,-0.11262964236273176,-5.625536509627987,Neutro,10.673055555555557
2021-11-22,0.0,0.0,-0.44779740972678467,0.0,-0.11194935243169617,-5.59162901008881,Neutro,10.673055555555557
2021-11-23,0.0,0.0,-0.1032132955614652,0.0,-0.0258033238903663,-1.2900946153241435,Neutro,10.673055555555557
2021-11-24,0.0,0.0,-0.3236605826448196,0.0,-0.0809151456612049,-4.043551341665095,Neutro,10.673055555555557
2021-11-25,0.0,0.0,-0.07566410218405006,0.0,-0.018916025546012516,-0.945773076405442,Neutro,10.673055555555557
2021-11-26,0.0,0.0,0.27085817820655317,0.0,0.06771454455163829,3.3844341173296995,Neutro,10.673055555555557
2021-11-27,0.0,0.0,0.26939651389864655,0.0,0.06734912847466164,3.3661841289318444,Neutro,10.673055555555557
2021-11-28,0.0,0.0,0.2679357797215003,0.0,0.06698394493037507,3.347945529649763,Neutro,10.673055555555557
2021-11-29,0.0,0.0,0.31086014640231086,0.0,0.07771503660057771,3.8837973028707893,Neutro,10.673055555555557
2021-11-30,0.0,0.0,0.7399339798632711,0.0,0.18498349496581779,9.2228899778009,Neutro,10.634225409836066
2021-12-01,0.0,0.0,0.9320334351750634,0.0,0.23300835879376586,11.597991317195552,Neutro,10.634225409836066
2021-12-02,0.0,0.0,1.2797887711917557,0.0,0.31994719279793893,15.862276515007641,Neutro,10.634225409836066
2021-12-03,0.0,0.0,1.3042832699502962,0.0,0.32607081748757405,16.160608043973106,Neutro,10.634225409836066
2021-12-04,0.0,0.0,1.295178374162103,0.0,0.32379459354052575,16.049748857627417,Neutro,10.634225409836066
2021-12-05,0.0,0.0,1.2861772663452118,0.0,0.32154431658630295,15.940113552169564,Neutro,10.634225409836066
2021-12-06,0.0,0.0,1.5309567699805515,0.0,0.3827391924951379,18.906718521580068,Neutro,10.634225409836066
2021-12-07,0.0,0.0,0.9182315178002579,0.0,0.22955787945006448,11.427754134203145,Neutro,10.634225409836066
2021-12-08,0.0,0.0,0.42974701116871233,0.0,0.10743675279217808,5.366676490766965,Neutro,10.634225409836066
2021-12-09,0.0,0.0,0.04038803052806123,0.0,0.010097007632015308,0.5048460925381718,Neutro,10.634225409836066
2021-12-10,0.0,0.0,0.18378551311898744,0.0,0.04594637827974686,2.296914849263193,Neutro,10.634225409836066
2021-12-11,0.0,0.0,0.18584858901093598,0.0,0.046462147252733996,2.322689539152002,Neutro,10.634225409836066
2021-12-12,0.0,0.0,0.1879158584204523,0.0,0.046978964605113076,2.3485163103277147,Neutro,10.634225409836066
2021-12-13,0.0,0.0,0.2807484082820697,0.0,0.07018710207051743,3.50791515554604,Neutro,10.634225409836066
2021-12-14,0.0,0.0,-0.003421107689805495,0.0,-0.0008552769224513737,-0.04276384351576103,Neutro,10.634225409836066
2021-12-15,0.0,0.0,0.601200038718144,0.0,0.150300009679536,7.500885322803962,Neutro,10.634225409836066
2021-12-16,0.0,0.0,0.6705552596157095,0.0,0.16763881490392737,8.362366105863076,Neutro,10.634225409836066
2021-12-17,0.0,0.0,0.5980800995217257,0.0,0.14952002488043142,7.462104372878452,Neutro,10.634225409836066
2021-12-18,0.0,0.0,0.5989780064980604,0.0,0.1497445016245151,7.473265618861909,Neutro,10.634225409836066
2021-12-19,0.0,0.0,0.5998770533427923,0.0,0.14996926333569807,7.48444084614905,Neutro,10.634225409836066
2021-12-20,0.0,0.0,0.5111192653186234,0.0,0.12777981632965585,6.380311869672763,Neutro,10.634225409836066
2021-12-21,0.0,0.0,0.644731693761237,0.0,0.16118292344030924,8.041743375289686,Neutro,10.634225409836066
2021-12-22,0.0,0.0,0.5691131416555427,0.0,0.14227828541388568,7.101937868018485,Neutro,10.634225409836066
2021-12-23,0.0,0.0,0.30558621639557887,0.0,0.07639655409889472,3.8179709411002363,Neutro,10.634225409836066
2021-12-24,0.0,0.0,0.07832295273475955,0.0,0.019580738183689887,0.9790056297214706,Neutro,10.634225409836066
2021-12-25,0.0,0.0,0.07644384726657677,0.0,0.019110961816644192,0.955519009082577,Neutro,10.634225409836066
2021-12-26,0.0,0.0,0.07456385359881569,0.0,0.018640963399703923,0.9320211814863635,Neutro,10.634225409836066
2021-12-27,0.0,0.0,-0.14303885772785793,0.0,-0.03575971443196448,-1.7877952126619425,Neutro,10.634225409836066
2021-12-28,0.0,0.0,-0.008013412911945563,0.0,-0.002003353227986391,-0.100167627898057,Neutro,10.634225409836066
2021-12-29,0.0,0.0,0.4460987952496003,0.0,0.11152469881240007,5.570462464910801,Neutro,10.634225409836066
2021-12-30,0.0,0.0,0.10357035988487923,0.0,0.025892589971219807,1.294557173946894,Neutro,10.634225409836066
2021-12-31,0.0,0.0,-0.1092693313426844,0.0,-0.0273173328356711,-1.3657817098065788,Neutro,10.634225409836066
2022-01-01,0.0,0.0,-0.11386605274613268,0.0,-0.02846651318653317,-1.4232295520236056,Neutro,10.634225409836066
2022-01-02,0.0,0.0,-0.11849177973738922,0.0,-0.029622944934347306,-1.481038944999937,Neutro,10.634225409836066
2022-01-03,0.0,0.0,-0.07844933914756361,0.0,-0.019612334786890902,-0.9805853082179258,Neutro,10.634225409836066
2022-01-04,0.0,0.0,0.12251135205736824,0.0,0.03062783801434206,1.5312721999192478,Neutro,10.634225409836066
2022-01-05,0.0,0.0,-0.3399399385476088,0.0,-0.0849849846369022,-4.246693579304674,Neutro,10.634225409836066
2022-01-06,0.0,0.0,-0.02010518299775431,0.0,-0.005026295749438577,-0.2513142583792181,Neutro,10.634225409836066
2022-01-07,0.0,0.0,-0.18706481473055322,0.0,-0.046766203682638306,-2.3378841051260224,Neutro,10.634225409836066
2022-01-08,0.0,0.0,-0.19287858171541014,0.0,-0.048219645428852535,-2.41051522525786,Neutro,10.634225409836066
2022-01-09,0.0,0.0,-0.1987495067791011,0.0,-0.04968737669477528,-2.4838578360844803,Neutro,10.634225409836066
2022-01-10,0.0,0.0,-0.26935132771700443,0.0,-0.06733783192925111,-3.3656199415708814,Neutro,10.634225409836066
2022-01-11,0.0,0.0,-0.6754724700850337,0.0,-0.16886811752125844,-8.423398271488056,Neutro,10.634225409836066
2022-01-12,0.0,0.0,-1.0128358290610775,0.0,-0.2532089572652694,-12.59323528075329,Neutro,10.634225409836066
2022-01-13,0.0,0.0,-1.0711183389291252,0.0,-0.2677795847322813,-13.309543051841422,Neutro,10.634225409836066
2022-01-14,0.0,0.0,-0.8449297788488194,0.0,-0.21123244471220484,-10.52252579123101,Neutro,10.634225409836066
2022-01-15,0.0,0.0,-0.8618715685330208,0.0,-0.2154678921332552,-10.73190637247105,Neutro,10.634225409836066
2022-01-16,0.0,0.0,-0.879391387568433,0.0,-0.21984784689210826,-10.948330618546876,Neutro,10.634225409836066
2022-01-17,0.0,0.0,-1.105442224839436,0.0,-0.276360556209859,-13.73074817916899,Neutro,10.634225409836066
2022-01-18,0.0,0.0,-0.8925224681735607,0.0,-0.22313061704339018,-11.11047238122896,Neutro,10.634225409836066
2022-01-19,0.0,0.0,-1.15623592095656,0.0,-0.28905898023914,-14.353148024336424,Neutro,10.634225409836066
2022-01-20,0.0,0.0,-1.1733761462342267,0.0,-0.2933440365585567,-14.562922126041661,Neutro,10.634225409836066
2022-01-21,0.0,0.0,-1.0292621736374827,0.0,-0.2573155434093707,-12.795255757645974,Neutro,10.634225409836066
2022-01-22,0.0,0.0,-1.0334340862606932,0.0,-0.2583585215651733,-12.84654746384268,Neutro,10.634225409836066
2022-01-23,0.0,0.0,-1.037634083740894,0.0,-0.2594085209352235,-12.898177518612716,Neutro,10.634225409836066
2022-01-24,0.0,0.0,-1.029103308333265,0.0,-0.25727582708331626,-12.793302447880858,Neutro,10.634225409836066
2022-01-25,0.0,0.0,-1.276428505364322,0.0,-0.3191071263410805,-15.821327319492596,Neutro,10.634225409836066
2022-01-26,0.0,0.0,-1.584368466227302,0.0,-0.3960921165568255,-19.549677615587058,Neutro,10.634225409836066
2022-01-27,0.0,0.0,-2.124832399375635,0.0,-0.5312080998439087,-25.952967594320086,Pressão moderada de queda,10.634225409836066
2022-01-28,0.0,0.0,-1.8535926734490165,0.0,-0.4633981683622541,-22.764001176610968,Pressão moderada de queda,10.634225409836066
2022-01-29,0.0,0.0,-1.8390579712780868,0.0,-0.4597644928195217,-22.591661160640665,Pressão moderada de queda,10.634225409836066
2022-01-30,0.0,0.0,-1.8247722755166602,0.0,-0.45619306887916505,-22.422135726600636,Pressão moderada de queda,10.634225409836066
2022-01-31,0.0,0.0,-2.0258591368755914,0.0,-0.5064647842188978,-24.795474482479747,Pressão moderada de queda,11.369830725241837
2022-02-01,0.0,0.0,-2.245527076043251,0.0,-0.5613817690108127,-27.354438929604637,Pressão moderada de queda,11.369830725241837
2022-02-02,0.0,0.0,-1.71867521715838,0.0,-0.429668804289595,-21.158915836346548,Pressão moderada de queda,11.369830725241837
2022-02-03,0.0,0.0,-1.4524306872632131,0.0,-0.3631076718158033,-17.958501012536903,Neutro,11.369830725241837
2022-02-04,0.0,0.0,-1.3450067379219641,0.0,-0.33625168448049103,-16.65594518503789,Neutro,11.369830725241837
2022-02-05,0.0,0.0,-1.335100290602541,0.0,-0.3337750726506353,-16.535525132857558,Neutro,11.369830725241837
2022-02-06,0.0,0.0,-1.3253154776899148,0.0,-0.3313288694224787,-16.416535213877207,Neutro,11.369830725241837
2022-02-07,0.0,0.0,-1.3697156410811129,0.0,-0.3424289102702782,-16.956082672462617,Neutro,11.369830725241837
2022-02-08,0.0,0.0,-1.5768557206840925,0.0,-0.39421393017102313,-19.459340857241912,Neutro,11.369830725241837
2022-02-09,0.0,0.0,-1.4144103592429733,0.0,-0.35360258981074333,-17.49818481838555,Neutro,11.369830725241837
2022-02-10,0.0,0.0,-1.3240524666152358,0.0,-0.33101311665380895,-16.401172658412673,Neutro,11.369830725241837
2022-02-11,0.0,0.0,-1.5273678547204386,0.0,-0.38184196368010964,-18.863457049397162,Neutro,11.369830725241837
2022-02-12,0.0,0.0,-1.5249693303190333,0.0,-0.3812423325797583,-18.834540693572546,Neutro,11.369830725241837
2022-02-13,0.0,0.0,-1.52257860381044,0.0,-0.38064465095261,-18.805715098288484,Neutro,11.369830725241837
2022-02-14,0.0,0.0,-1.7379913417431558,0.0,-0.43449783543578896,-21.389439395134588,Pressão moderada de queda,11.369830725241837
2022-02-15,0.0,0.0,-1.8978004327366274,0.0,-0.47445010818415684,-23.28729900593363,Pressão moderada de queda,11.369830725241837
2022-02-16,0.0,0.0,-1.678784959662856,0.0,-0.419696239915714,-20.68211209202331,Pressão moderada de queda,11.369830725241837
2022-02-17,0.0,0.0,-1.4238755125672748,0.0,-0.3559688781418187,-17.612852814483464,Neutro,11.369830725241837
2022-02-18,0.0,0.0,-1.636702858692609,0.0,-0.4091757146731522,-20.178042846140677,Pressão moderada de queda,11.369830725241837
2022-02-19,0.0,0.0,-1.6308028134648054,0.0,-0.40770070336620134,-20.107284543221173,Pressão moderada de queda,11.369830725241837
2022-02-20,0.0,0.0,-1.6249477899021167,0.0,-0.4062369474755292,-20.037045428482394,Pressão moderada de queda,11.369830725241837
2022-02-21,0.0,0.0,-1.6125349677378829,0.0,-0.4031337419344707,-19.8880683790014,Neutro,11.369830725241837
2022-02-22,0.0,0.0,-1.4039244463923033,0.0,-0.3509811115980758,-17.37109513763596,Neutro,11.369830725241837
2022-02-23,0.0,0.0,-1.7766856215599725,0.0,-0.4441714053899931,-21.85050860913925,Pressão moderada de queda,11.369830725241837
2022-02-24,0.0,0.0,-1.1912587807885469,0.0,-0.2978146951971367,-14.781642836304302,Neutro,11.369830725241837
2022-02-25,0.0,0.0,-1.2101953398547314,0.0,-0.30254883496368284,-15.013096432779957,Neutro,11.369830725241837
2022-02-26,0.0,0.0,-1.2108925239782866,0.0,-0.30272313099457165,-15.021614697270474,Neutro,11.369830725241837
2022-02-27,0.0,0.0,-1.211590431489849,0.0,-0.3028976078724622,-15.030141576816902,Neutro,11.369830725241837
2022-02-28,0.0,0.0,-0.9943120195641373,0.0,-0.24857800489103432,-12.365293706995928,Neutro,11.369830725241837
2022-03-01,0.0,0.0,-0.8668703675916959,0.0,-0.21671759189792397,-10.793667547623171,Neutro,11.369830725241837
2022-03-02,0.0,0.0,-0.9188910954542944,0.0,-0.2297227738635736,-11.435891107448533,Neutro,11.369830725241837
2022-03-03,0.0,0.0,-1.0771054221114997,0.0,-0.26927635552787493,-13.383048536909042,Neutro,11.369830725241837
2022-03-04,0.0,0.0,-0.834225807251658,0.0,-0.2085564518129145,-10.390189070570557,Neutro,11.369830725241837
2022-03-05,0.0,0.0,-0.8354115443582719,0.0,-0.20885288608956798,-10.404850549171778,Neutro,11.369830725241837
2022-03-06,0.0,0.0,-0.8365994462652167,0.0,-0.20914986156630416,-10.419538341791165,Neutro,11.369830725241837
2022-03-07,0.0,0.0,-1.0195381579106408,0.0,-0.2548845394776602,-12.675677024714425,Neutro,11.369830725241837
2022-03-08,0.0,0.0,-0.6789390910670479,0.0,-0.16973477276676197,-8.466421998950361,Neutro,11.369830725241837
2022-03-09,0.0,0.0,-1.0300073034247759,0.0,-0.25750182585619397,-12.80441728129778,Neutro,11.369830725241837
2022-03-10,0.0,0.0,-0.7240090944332246,0.0,-0.18100227360830615,-9.025486176213695,Neutro,11.369830725241837
2022-03-11,0.0,0.0,-0.7465067348558053,0.0,-0.18662668371395133,-9.304344362556694,Neutro,11.369830725241837
2022-03-12,0.0,0.0,-0.7458044842583333,0.0,-0.18645112106458334,-9.295642152051656,Neutro,11.369830725241837
2022-03-13,0.0,0.0,-0.7451029196831341,0.0,-0.18627572992078353,-9.28694830084713,Neutro,11.369830725241837
2022-03-14,0.0,0.0,-0.2808564352648346,0.0,-0.07021410881620865,-3.509263830538346,Neutro,11.369830725241837
2022-03-15,0.0,0.0,0.3937725339405377,0.0,0.09844313348513442,4.918185450324786,Neutro,11.369830725241837
2022-03-16,0.0,0.0,0.6880585881100636,0.0,0.1720146470275159,8.579587630769776,Neutro,11.369830725241837
2022-03-17,0.0,0.0,-0.3107182262000042,0.0,-0.07767955655000106,-3.882025975006112,Neutro,11.369830725241837
2022-03-18,0.0,0.0,-0.6680249207598516,0.0,-0.1670062301899629,-8.330957221072335,Neutro,11.369830725241837
2022-03-19,0.0,0.0,-0.6618707462991931,0.0,-0.16546768657479827,-8.254559071132714,Neutro,11.369830725241837
2022-03-20,0.0,0.0,-0.6557301713350072,0.0,-0.1639325428337518,-8.178320074742313,Neutro,11.369830725241837
2022-03-21,0.0,0.0,-1.1245927715476383,0.0,-0.28114819288690956,-13.965539243068598,Neutro,11.369830725241837
2022-03-22,0.0,0.0,-1.4060726502308447,0.0,-0.3515181625577112,-17.3971361813687,Neutro,11.369830725241837
2022-03-23,0.0,0.0,-1.6830357466888624,0.0,-0.4207589366722156,-20.73296849482948,Pressão moderada de queda,11.369830725241837
2022-03-24,0.0,0.0,-1.547954726818307,0.0,-0.38698868170457673,-19.11151520588119,Neutro,11.369830725241837
2022-03-25,0.0,0.0,-1.8822449181390273,0.0,-0.4705612295347568,-23.103316658069605,Pressão moderada de queda,11.369830725241837
2022-03-26,0.0,0.0,-1.862244538653178,0.0,-0.4655611346632945,-22.866519969734046,Pressão moderada de queda,11.369830725241837
2022-03-27,0.0,0.0,-1.8427118620584235,0.0,-0.4606779655146059,-22.634999215197247,Pressão moderada de queda,11.369830725241837
2022-03-28,0.0,0.0,-1.6440742004751194,0.0,-0.41101855011877986,-20.266416578901183,Pressão moderada de queda,11.369830725241837
2022-03-29,0.0,0.0,-2.087415038997552,0.0,-0.521853759749388,-25.516227014566518,Pressão moderada de queda,11.369830725241837
2022-03-30,0.0,0.0,-1.5819132798457933,0.0,-0.39547831996144833,-19.520158949976345,Neutro,11.369830725241837
2022-03-31,0.0,0.0,-1.892426581785745,0.0,-0.47310664544643627,-23.22375872688016,Pressão moderada de queda,11.939363114134544
2022-04-01,0.0,0.0,-1.9665661117371378,0.0,-0.49164152793428445,-24.098611612363555,Pressão moderada de queda,11.939363114134544
2022-04-02,0.0,0.0,-1.9439086004178745,0.0,-0.4859771501044686,-23.83165897578852,Pressão moderada de queda,11.939363114134544
2022-04-03,0.0,0.0,-1.9218231126862382,0.0,-0.48045577817155954,-23.571098873988138,Pressão moderada de queda,11.939363114134544
2022-04-04,0.0,0.0,-2.6103000546309247,0.0,-0.6525750136577312,-31.51810025677515,Pressão moderada de queda,11.939363114134544
2022-04-05,0.0,0.0,-2.7876510225513713,-3.4062561881637223,-1.5484768026787734,-64.93872518645087,Forte alívio de queda,11.939363114134544
2022-04-06,0.0,0.0,-2.3966599033306886,-0.9259367532222392,-0.830649164138232,-39.29843493366103,Pressão moderada de queda,11.939363114134544
2022-04-07,0.0,0.0,-1.8240581965811578,2.9400175508754045,0.2789898385735617,13.859710405762332,Neutro,11.939363114134544
2022-04-08,0.0,0.0,-1.5602189009787353,-0.14117181128141423,-0.42534767806503737,-20.952438289822666,Pressão moderada de queda,11.939363114134544
2022-04-09,0.0,0.0,-1.5493274774734116,0.0,-0.3873318693683529,-19.128047300257165,Neutro,11.939363114134544
2022-04-10,0.0,0.0,-1.5385844067123478,0.0,-0.38464610167808694,-18.998639125652982,Neutro,11.939363114134544
2022-04-11,0.0,0.0,-1.4000556166936595,-0.14010925823873788,-0.3850412187330994,-19.01768117931818,Neutro,11.939363114134544
2022-04-12,0.0,0.0,-1.4523397417960981,-0.13907034425693213,-0.39785252151325756,-19.634319231769656,Neutro,11.939363114134544
2022-04-13,0.0,0.0,-0.9547428856556824,-0.13805420554568593,-0.27319927280034206,-13.575630510346906,Neutro,11.939363114134544
2022-04-14,0.0,0.0,-0.3593256901873679,-0.13706002187144853,-0.12409642801470411,-6.196870829781888,Neutro,11.939363114134544
2022-04-15,0.0,0.0,-0.18110781073044224,-0.1360870137733786,-0.07929870612595522,-3.9628588917971586,Neutro,11.939363114134544
2022-04-16,0.0,0.0,-0.17655269270006263,0.0,-0.04413817317501566,-2.2065504409021814,Neutro,11.939363114134544
2022-04-17,0.0,0.0,-0.17198246705390888,0.0,-0.04299561676347722,-2.149449721515276,Neutro,11.939363114134544
2022-04-18,0.0,0.0,-0.5001670402699601,2.8767097110843745,0.5941356677036036,28.86269925330671,Pressão moderada de alta,11.939363114134544
2022-04-19,0.0,0.0,-0.29288974167460957,-0.16803798612956378,-0.11523193195104334,-5.755229653903889,Neutro,11.939363114134544
2022-04-20,0.0,0.0,-0.465874872044037,-0.16688211573938855,-0.1581892469458564,-7.893009758154474,Neutro,11.939363114134544
2022-04-21,0.0,0.0,-0.3893109240817582,-0.1657497801836211,-0.13876517606634484,-6.927146737961714,Neutro,11.939363114134544
2022-04-22,0.0,0.0,0.44785834501554656,-0.1646401912988422,0.07080453842917608,3.538748649366842,Neutro,11.939363114134544
2022-04-23,0.0,0.0,0.44899935608873115,0.0,0.11224983902218279,5.606606238134103,Neutro,11.939363114134544
2022-04-24,0.0,0.0,0.45014203685773313,0.0,0.11253550921443328,5.620844734793069,Neutro,11.939363114134544
2022-04-25,0.0,0.0,1.9265335501413974,-0.16355259739510736,0.4407452381865725,21.687318350954257,Pressão moderada de alta,11.939363114134544
2022-04-26,0.0,0.0,2.2893398432171046,-0.1624862811136402,0.5317133905258661,25.976528873843773,Pressão moderada de alta,11.939363114134544
2022-04-27,0.0,0.0,2.2018534391674285,0.6241037722113969,0.7064893028447063,33.92499210519328,Pressão moderada de alta,11.939363114134544
2022-04-28,0.0,0.0,1.8742305085601296,-0.17003444084314104,0.4260490169292471,20.985963313264016,Pressão moderada de alta,11.939363114134544
2022-04-29,0.0,0.0,1.2566865723837792,-0.16896425557044692,0.2719305792033331,13.513359563125343,Neutro,12.465331140150823
2022-04-30,0.0,0.0,1.265404316264682,0.0,0.3163510790661705,15.686945134160077,Neutro,12.465331140150823
2022-05-01,0.0,0.0,1.2742421744735084,0.0,0.3185605436183771,15.794681119510232,Neutro,12.465331140150823
2022-05-02,0.0,0.0,2.25777563305797,-0.1679140314304302,0.5224654004068849,25.544815687273132,Pressão moderada de alta,12.465331140150823
2022-05-03,0.0,0.0,2.5238260861258786,-0.16688315535977913,0.5892357326915248,28.637953615523998,Pressão moderada de alta,12.465331140150823
2022-05-04,0.0,0.0,2.227949232240407,-0.16587104034229094,0.515519547974529,25.219898270298422,Pressão moderada de alta,12.465331140150823
2022-05-05,0.0,0.0,1.9566648778492388,-0.16487712400274782,0.44794693846162276,22.030197888078842,Pressão moderada de alta,12.465331140150823
2022-05-06,0.0,0.0,2.347009101349949,-0.1639008672924911,0.5457770585143644,26.631056494699358,Pressão moderada de alta,12.465331140150823
2022-05-07,0.0,0.0,2.312846495322387,0.0,0.5782116238305968,28.13115945400683,Pressão moderada de alta,12.465331140150823
2022-05-08,0.0,0.0,2.2798471967950507,0.0,0.5699617991987627,27.7508720933187,Pressão moderada de alta,12.465331140150823
2022-05-09,0.0,0.0,2.8356702184146694,-1.7778124366454147,0.2644644454423137,13.146686592040584,Neutro,12.465331140150823
2022-05-10,0.0,0.0,2.857716590401752,-3.188347211317199,-0.08265765522886181,-4.130531280932233,Neutro,12.465331140150823
2022-05-11,0.0,0.0,2.8824603852015556,-0.09607336656679638,0.6965967546586898,33.48655949161385,Pressão moderada de alta,12.465331140150823
2022-05-12,0.0,0.0,2.952804497205121,-0.09553921136075097,0.7143163214610925,34.27084132320488,Pressão moderada de alta,12.465331140150823
2022-05-13,0.0,0.0,2.133869757857464,-0.09501386745271974,0.5097139726011861,24.947884115181207,Pressão moderada de alta,12.465331140150823
2022-05-14,0.0,0.0,2.1056774349086083,0.0,0.5264193587271521,25.729519551771258,Pressão moderada de alta,12.465331140150823
2022-05-15,0.0,0.0,2.0783163763377037,0.0,0.5195790940844259,25.40986783332394,Pressão moderada de alta,12.465331140150823
2022-05-16,0.0,0.0,1.0237374725909232,-0.09449709523517624,0.23231009433893673,11.56354633073468,Neutro,12.465331140150823
2022-05-17,0.0,0.0,0.07054079660168402,-0.09398866412419707,-0.005861966880628261,-0.29309750473117335,Neutro,12.465331140150823
2022-05-18,0.0,0.0,-0.22407486343624303,-3.082578503892353,-0.826663341832149,-39.12978982361307,Pressão moderada de queda,12.465331140150823
2022-05-19,0.0,0.0,-0.3952151168605286,2.824820254713527,0.6074012844632496,29.469554454863,Pressão moderada de alta,12.465331140150823
2022-05-20,0.0,0.0,-0.15113963696376523,-0.08377051316968157,-0.0587275375333617,-2.935533222661841,Neutro,12.465331140150823
2022-05-21,0.0,0.0,-0.15446971376131288,0.0,-0.03861742844032822,-1.9306314978204797,Neutro,12.465331140150823
2022-05-22,0.0,0.0,-0.1578128752431114,0.0,-0.03945321881077785,-1.9724051005151757,Neutro,12.465331140150823
2022-05-23,0.0,0.0,-1.0996779834105395,2.0516876858797066,0.2380024256172918,11.844263979943488,Neutro,12.465331140150823
2022-05-24,0.0,0.0,-0.9802180650854319,2.653165440691905,0.4182368439016183,20.612253042280315,Pressão moderada de alta,12.465331140150823
2022-05-25,0.0,0.0,-0.8116701735543882,2.549869907915126,0.43454993359018446,21.39192511236125,Pressão moderada de alta,12.465331140150823
2022-05-26,0.0,0.0,-0.9829370769773161,1.8333333333333333,0.21259906408900428,10.590095306471472,Neutro,12.465331140150823
2022-05-27,0.0,0.0,-1.566161936121147,-0.16582479237517248,-0.4329966821240799,-21.317804191518945,Pressão moderada de queda,12.465331140150823
2022-05-28,0.0,0.0,-1.5512139087726098,0.0,-0.38780347719315245,-19.150763901923867,Neutro,12.465331140150823
2022-05-29,0.0,0.0,-1.53652524993142,0.0,-0.384131312482855,-18.973827514510162,Neutro,12.465331140150823
2022-05-30,0.0,0.0,-1.8880477947342527,2.4268907994425226,0.1347107511770675,6.725370200060931,Neutro,12.465331140150823
2022-05-31,0.0,0.0,-1.854099357443815,2.3483419471885383,0.12356064743618084,6.170184231582239,Neutro,12.779930239898992
2022-06-01,0.0,0.0,-1.5457241909473114,2.2769684490396416,0.18281106452308254,9.115181660886472,Neutro,12.779930239898992
2022-06-02,0.0,0.0,-1.5815999736230892,-0.22118642428794755,-0.4506965994777592,-22.16096878921304,Pressão moderada de queda,12.779930239898992
2022-06-03,0.0,0.0,-1.3518995878484148,2.224010171926411,0.2180276460194991,10.858402539712154,Neutro,12.779930239898992
2022-06-04,0.0,0.0,-1.340370099198748,0.0,-0.335092524799687,-16.59958964040266,Neutro,12.779930239898992
2022-06-05,0.0,0.0,-1.3289966546756633,0.0,-0.3322491636689158,-16.461306432420013,Neutro,12.779930239898992
2022-06-06,0.0,0.0,-1.1910723162206163,2.163779258169253,0.24317673548715918,12.099271331302988,Neutro,12.779930239898992
2022-06-07,0.0,0.0,-0.205373744787987,2.108198739974663,0.475706248796669,23.346691327430335,Pressão moderada de alta,12.779930239898992
2022-06-08,0.0,0.0,-0.2577035162084906,2.0566994179659344,0.44974897543936093,22.115909790688892,Pressão moderada de alta,12.779930239898992
2022-06-09,0.0,0.0,0.05688591063435795,0.8788861956373475,0.23394302656792637,11.644093577029906,Neutro,12.779930239898992
2022-06-10,0.0,0.0,0.7124121729583723,2.003615477909604,0.679006912716994,32.703402916654284,Pressão moderada de alta,12.779930239898992
2022-06-11,0.0,0.0,0.7142798414460632,0.0,0.1785699603615158,8.904848005513523,Neutro,12.779930239898992
2022-06-12,0.0,0.0,0.7161529191216718,0.0,0.17903822978041795,8.928075331556022,Neutro,12.779930239898992
2022-06-13,0.0,0.0,1.73948674060423,1.959607551688123,0.9247735730730883,43.20275097124022,Pressão moderada de alta,12.779930239898992
2022-06-14,0.0,0.0,1.7470993873649694,1.9183827154384148,0.9163705257008461,42.8603996923389,Pressão moderada de alta,12.779930239898992
2022-06-15,0.0,0.0,1.5661599979157972,1.8796594509002869,0.861454862204021,40.592905421171146,Pressão moderada de alta,12.779930239898992
2022-06-16,0.0,0.0,1.770101761319421,1.8431945563084562,0.9033240794069692,42.32642453484652,Pressão moderada de alta,12.779930239898992
2022-06-17,0.0,0.0,2.140946102310717,1.2778444319717626,0.8546976335706198,40.31032978365112,Pressão moderada de alta,12.779930239898992
2022-06-18,0.0,0.0,2.1222123247349463,0.0,0.5305530811837366,25.922420026378752,Pressão moderada de alta,12.779930239898992
2022-06-19,0.0,0.0,2.103863267485708,0.0,0.525965816871427,25.708342465811164,Pressão moderada de alta,12.779930239898992
2022-06-20,0.0,0.0,2.3600788837992708,-2.4847574357648012,-0.031169637991382615,-1.5583557337122296,Neutro,12.779930239898992
2022-06-21,0.0,0.0,2.21000596304502,0.7287459155371199,0.734687969645535,35.1666342051251,Pressão moderada de alta,12.779930239898992
2022-06-22,0.0,0.0,1.968506534100882,0.19046765028336995,0.539743546096063,26.3505516011053,Pressão moderada de alta,12.779930239898992
2022-06-23,0.0,0.0,2.04960595955792,-0.3475669302251655,0.42550975733318863,20.960186353874473,Pressão moderada de alta,12.779930239898992
2022-06-24,0.0,0.0,2.223946379779761,-0.3459656341397215,0.4694951864100099,23.052853365440328,Pressão moderada de alta,12.779930239898992
2022-06-25,0.0,0.0,2.1974889573178302,0.0,0.5493722393294576,26.797986695360603,Pressão moderada de alta,12.779930239898992
2022-06-26,0.0,0.0,2.171765502764823,0.0,0.5429413756912057,26.49927820220812,Pressão moderada de alta,12.779930239898992
2022-06-27,0.0,0.0,2.152888201362128,-0.3443862901598857,0.4521254778005606,22.228893267823775,Pressão moderada de alta,12.779930239898992
2022-06-28,0.0,0.0,1.5927360810488431,1.8059509248117716,0.8496717514651537,40.099656063945886,Pressão moderada de alta,12.779930239898992
2022-06-29,0.0,0.0,1.7170993441733409,-0.3543085801181821,0.34069769101378966,16.871998092584377,Neutro,12.779930239898992
2022-06-30,0.0,0.0,1.6423042527705995,-0.35272146605844606,0.32239569667803836,15.981598115292092,Neutro,13.188041997354498
2022-07-01,0.0,0.0,1.5584230159648682,0.19081803166145817,0.4373102619065816,21.52358674155827,Pressão moderada de alta,13.188041997354498
2022-07-02,0.0,0.0,1.5564312193379344,0.0,0.3891078048344836,19.213580607355414,Neutro,13.188041997354498
2022-07-03,0.0,0.0,1.5544447750810615,0.0,0.3886111937702654,19.189665562561135,Neutro,13.188041997354498
2022-07-04,0.0,0.0,0.9582870021040306,1.7991985705151556,0.6893713931547966,33.165415088667096,Pressão moderada de alta,13.188041997354498
2022-07-05,0.0,0.0,1.2463975908626415,-0.36504438700208997,0.22033830096513787,10.972558727529336,Neutro,13.188041997354498
2022-07-06,0.0,0.0,1.4549592937274884,-0.36344868033940364,0.2728776533470212,13.559845561914727,Neutro,13.188041997354498
2022-07-07,0.0,0.0,1.158607188976839,-0.3618737392716261,0.19918336242630325,9.926371552797589,Neutro,13.188041997354498
2022-07-08,0.0,0.0,0.8353945787309988,-0.3603191168955212,0.11876886545886939,5.931472444313593,Neutro,13.188041997354498
2022-07-09,0.0,0.0,0.8339894779741134,0.0,0.20849736949352835,10.387266837095549,Neutro,13.188041997354498
2022-07-10,0.0,0.0,0.8325871364922833,0.0,0.20814678412307083,10.369926385603526,Neutro,13.188041997354498
2022-07-11,0.0,0.0,0.8532417910892973,0.7331001960413714,0.3965854967826672,19.57340265752415,Neutro,13.188041997354498
2022-07-12,0.0,0.0,1.19885866982388,-0.3649942475389182,0.20846610557124043,10.38572050462375,Neutro,13.188041997354498
2022-07-13,0.0,0.0,1.1196731208522506,-0.36345806168224254,0.18905376479250202,9.424634203224718,Neutro,13.188041997354498
2022-07-14,0.0,0.0,1.2123268114694747,-0.3619411293199653,0.21259642053737737,10.589964611244977,Neutro,13.188041997354498
2022-07-15,0.0,0.0,0.7640123339801861,-0.3604430512641266,0.10089232067901487,5.040341180375582,Neutro,13.188041997354498
2022-07-16,0.0,0.0,0.7621629814281661,0.0,0.19054074535704152,9.49831765898387,Neutro,13.188041997354498
2022-07-17,0.0,0.0,0.7603181239442299,0.0,0.19007953098605748,9.475464489547502,Neutro,13.188041997354498
2022-07-18,0.0,0.0,0.6692513121469122,-1.4575822844586512,-0.19708274307793475,-9.822364680192031,Neutro,13.188041997354498
2022-07-19,0.0,0.0,0.7740456030313151,-0.3467921385309585,0.10681336612508914,5.335596409996693,Neutro,13.188041997354498
2022-07-20,0.0,0.0,0.8882282238361466,0.7618091151671023,0.4125093347508122,20.337883468894947,Pressão moderada de alta,13.188041997354498
2022-07-21,0.0,0.0,1.0219205728745335,-0.3514272610374324,0.1676233279592753,8.36159717307826,Neutro,13.188041997354498
2022-07-22,0.0,0.0,0.6023930571761585,-0.35003341613570593,0.06308991026011315,3.1534495997705325,Neutro,13.188041997354498
2022-07-23,0.0,0.0,0.5967225691128614,0.0,0.14918064227821534,7.445229518461099,Neutro,13.188041997354498
2022-07-24,0.0,0.0,0.5910620244462407,0.0,0.14776550611156017,7.374861230061333,Neutro,13.188041997354498
2022-07-25,0.0,0.0,0.47644598268303817,-0.3486560401717456,0.03194748562782314,1.597238433004525,Neutro,13.188041997354498
2022-07-26,0.0,0.0,-0.09104034586831318,-0.3472948111202888,-0.1095837892471505,-5.473712919478853,Neutro,13.188041997354498
2022-07-27,0.0,0.0,-0.4688250970779405,-0.34594941570886484,-0.20369362819670134,-10.149612443011277,Neutro,13.188041997354498
2022-07-28,0.0,0.0,-0.5715421793765877,-0.3446195491141004,-0.22904043212267203,-11.40221888987524,Neutro,13.188041997354498
2022-07-29,0.0,0.0,-0.4596545390127943,-0.34330491467081203,-0.20073986342090158,-10.00342380211591,Neutro,13.259375210754158
2022-07-30,0.0,0.0,-0.45888654915100446,0.0,-0.11472163728775112,-5.7297990594647805,Neutro,13.259375210754158
2022-07-31,0.0,0.0,-0.458119164179131,0.0,-0.11452979104478275,-5.720238186930894,Neutro,13.259375210754158
2022-08-01,0.0,0.0,-0.7217378433930016,-0.9072044526706826,-0.40723557401592103,-20.084967298207328,Pressão moderada de queda,13.259375210754158
2022-08-02,0.0,0.0,-0.6778840805932647,-0.33603029123963035,-0.2534785929582237,-12.606503033012139,Neutro,13.259375210754158
2022-08-03,0.0,0.0,-0.4217064061060997,-0.3347807277800381,-0.18912178347153447,-9.428004918007177,Neutro,13.259375210754158
2022-08-04,0.0,0.0,-0.811878539875249,-0.33354501202644365,-0.28635588797542316,-14.22075216718651,Neutro,13.259375210754158
2022-08-05,0.0,0.0,-0.6931998918311795,-0.3323228899138308,-0.2563806954362526,-12.749275872235557,Neutro,13.259375210754158
2022-08-06,0.0,0.0,-0.6890561437857485,0.0,-0.17226403594643713,-8.591965157484992,Neutro,13.259375210754158
2022-08-07,0.0,0.0,-0.6849287245792246,0.0,-0.17123218114480615,-8.540751018942402,Neutro,13.259375210754158
2022-08-08,0.0,0.0,-0.9145483524522908,-0.33111411385940254,-0.3114156165779233,-15.446151883818656,Neutro,13.259375210754158
2022-08-09,0.0,0.0,-1.0028190528325478,-0.3299184425513683,-0.33318437384597904,-16.50679634535887,Neutro,13.259375210754158
2022-08-10,0.0,0.0,-1.4194493466484315,-0.32873564074608624,-0.4370462468486294,-21.510997175426436,Pressão moderada de queda,13.259375210754158
2022-08-11,0.0,0.0,-1.330151112141852,-0.3275654790731718,-0.41442914780375595,-20.429885675579797,Pressão moderada de queda,13.259375210754158
2022-08-12,0.0,0.0,-1.2769623817875955,-0.32640773384820665,-0.40084252890895056,-19.77801397892876,Neutro,13.259375210754158
2022-08-13,0.0,0.0,-1.26634687784854,0.0,-0.316586719462135,-15.698437009272844,Neutro,13.259375210754158
2022-08-14,0.0,0.0,-1.255861594148325,0.0,-0.3139653985370813,-15.570574731923125,Neutro,13.259375210754158
2022-08-15,0.0,0.0,-1.146788806206501,-0.32526218689269776,-0.3680127482747997,-18.195740244319126,Neutro,13.259375210754158
2022-08-16,0.0,0.0,-0.7778835820640165,1.4218160577245986,0.16098311891514552,8.031817675752688,Neutro,13.259375210754158
2022-08-17,0.0,0.0,-0.3938272775466762,1.975532938092512,0.39542641513645893,19.517662584272564,Neutro,13.259375210754158
2022-08-18,0.0,0.0,-0.031397602109817145,-0.3414284740607822,-0.09320651904264983,-4.656955016180254,Neutro,13.259375210754158
2022-08-19,0.0,0.0,0.15296213072292528,-0.34024920124940045,-0.04682176763161879,-2.3406607822908914,Neutro,13.259375210754158
2022-08-20,0.0,0.0,0.15337422055239525,0.0,0.03834355513809881,1.9169429006972556,Neutro,13.259375210754158
2022-08-21,0.0,0.0,0.15378640336481,0.0,0.0384466008412025,1.9220932874662204,Neutro,13.259375210754158
2022-08-22,0.0,0.0,0.16525052912217927,-0.33908207298854537,-0.043457885966591524,-2.172552387754164,Neutro,13.259375210754158
2022-08-23,0.0,0.0,-0.4002011292646373,-0.3379268821177689,-0.18453200284560156,-9.20050692958367,Neutro,13.259375210754158
2022-08-24,0.0,0.0,-0.5894954540636367,-0.33678342639308406,-0.2315697201141802,-11.527021055568982,Neutro,13.259375210754158
2022-08-25,0.0,0.0,-0.36575836277160606,-0.3356515083378844,-0.17535246777737262,-8.745226323756256,Neutro,13.259375210754158
2022-08-26,0.0,0.0,-0.3750860249760922,-0.33453093509935267,-0.17740424001886124,-8.847021180209316,Neutro,13.259375210754158
2022-08-27,0.0,0.0,-0.37153170971624294,0.0,-0.09288292742906074,-4.640810403024711,Neutro,13.259375210754158
2022-08-28,0.0,0.0,-0.3679800705029291,0.0,-0.09199501762573227,-4.596509618140286,Neutro,13.259375210754158
2022-08-29,0.0,0.0,-0.19133945306112374,-0.333421518310124,-0.13119024284281194,-6.550120391244272,Neutro,13.259375210754158
2022-08-30,0.0,0.0,-0.10108055101668617,-0.3323230739549758,-0.10835090624291549,-5.412251398527808,Neutro,13.259375210754158
2022-08-31,0.0,0.0,0.6925234237676915,-0.33123542224232994,0.09032200038134039,4.513032302383048,Neutro,12.907382676224612
2022-09-01,0.0,0.0,0.5138147978301265,-0.3301583874803644,0.045914102587440525,2.2953019154535093,Neutro,12.907382676224612
2022-09-02,0.0,0.0,0.5027890739750489,-0.3290917979575392,0.04342431900437743,2.1708748312095323,Neutro,12.907382676224612
2022-09-03,0.0,0.0,0.5014078712515513,0.0,0.12535196781288782,6.259404307568177,Neutro,12.907382676224612
2022-09-04,0.0,0.0,0.5000285950916673,0.0,0.12500714877291683,6.242230720700967,Neutro,12.907382676224612
2022-09-05,0.0,0.0,0.4598507840691721,-0.3280354858273516,0.03295382456045513,1.6475421343976862,Neutro,12.907382676224612
2022-09-06,0.0,0.0,0.5079929530973641,-0.32698928699714597,0.045250916525054544,2.262159830985821,Neutro,12.907382676224612
2022-09-07,0.0,0.0,0.32410842123430245,-0.32595304102080935,-0.00046115494662672674,-0.02305774692270717,Neutro,12.907382676224612
2022-09-08,0.0,0.0,0.29853518950970187,-0.3249265909951939,-0.006597850371373004,-0.32989132184395137,Neutro,12.907382676224612
2022-09-09,0.0,0.0,0.00924205816692761,-0.3239097834601141,-0.07866693132329662,-3.9313193656451784,Neutro,12.907382676224612
2022-09-10,0.0,0.0,0.009583043562073961,0.0,0.0023957608905184904,0.1197879872306345,Neutro,12.907382676224612
2022-09-11,0.0,0.0,0.009924042335435312,0.0,0.002481010583858828,0.12405046556112188,Neutro,12.907382676224612
2022-09-12,0.0,0.0,-0.0709567359453068,2.0702303220630713,0.49981839652944116,24.48333055262287,Pressão moderada de alta,12.907382676224612
2022-09-13,0.0,0.0,0.46009222143512396,2.0398899580506513,0.6249955448714438,30.270770588526496,Pressão moderada de alta,12.907382676224612
2022-09-14,0.0,0.0,0.44130147834550315,-0.3400364890192645,0.02531624733155967,1.2657447646760722,Neutro,12.907382676224612
2022-09-15,0.0,0.0,0.5683939037807444,-0.3389864496592108,0.05735186353038339,2.86680741902006,Neutro,12.907382676224612
2022-09-16,0.0,0.0,0.9559781472699705,-0.3379460846002112,0.15450801566743982,7.710068519365771,Neutro,12.907382676224612
2022-09-17,0.0,0.0,0.9507050196349721,0.0,0.23767625490874303,11.82818392093305,Neutro,12.907382676224612
2022-09-18,0.0,0.0,0.9454658454404767,0.0,0.23636646136011918,11.763605489788779,Neutro,12.907382676224612
2022-09-19,0.0,0.0,0.9311998520741283,-0.33691524611042173,0.14857115149092665,7.414923217183257,Neutro,12.907382676224612
2022-09-20,0.0,0.0,0.5718890632250005,-0.3358937895987359,0.058998818406566164,2.94908552365845,Neutro,12.907382676224612
2022-09-21,0.0,0.0,0.07937131037324721,-0.33488157352941705,-0.06387756578904247,-3.1927927223790897,Neutro,12.907382676224612
2022-09-22,0.0,0.0,-0.015955387642666772,-0.3338784593395495,-0.08745846174555408,-4.370137849989479,Neutro,12.907382676224612
2022-09-23,0.0,0.0,0.2681329882967943,-0.3328843113592018,-0.016187830765601888,-0.8093738639344359,Neutro,12.907382676224612
2022-09-24,0.0,0.0,0.2657225444709724,0.0,0.0664306361177431,3.320310843235212,Neutro,12.907382676224612
2022-09-25,0.0,0.0,0.2633132003682278,0.0,0.06582830009205695,3.2902269441895142,Neutro,12.907382676224612
2022-09-26,0.0,0.0,0.8600268575159786,-0.3318989967341954,0.1320319651954458,6.592024784623336,Neutro,12.907382676224612
2022-09-27,0.0,0.0,0.6143225597453916,-0.3309223853513786,0.07085004359850326,3.541021056755688,Neutro,12.907382676224612
2022-09-28,0.0,0.0,0.6440486526504718,-0.3299543497663123,0.07852357572103988,3.9241626433768855,Neutro,12.907382676224612
2022-09-29,0.0,0.0,0.79768489111009,-0.32899476513327414,0.11717253149420397,5.851932811345807,Neutro,12.907382676224612
2022-09-30,0.0,0.0,1.06930969397869,-0.3280435091374938,0.18531654621029903,9.23940063676935,Neutro,12.736583298532052
2022-10-01,0.0,0.0,1.061330465183167,0.0,0.26533261629579175,13.189342444611196,Neutro,12.736583298532052
2022-10-02,0.0,0.0,1.0534223467804067,0.0,0.2633555866951017,13.092197938684743,Neutro,12.736583298532052
2022-10-03,0.0,0.0,0.40208313933715345,2.098784680286738,0.6252169549059728,30.28082634151263,Pressão moderada de alta,12.736583298532052
2022-10-04,0.0,0.0,-0.08719734381594785,2.069760345399449,0.4956407503958753,24.286869163373435,Pressão moderada de alta,12.736583298532052
2022-10-05,0.0,0.0,0.21210273384403375,-0.34292988678259567,-0.03270678823464048,-1.635193645811351,Neutro,12.736583298532052
2022-10-06,0.0,0.0,-0.02212392446745638,-0.3419503628954066,-0.09101857184071574,-4.5477893906672815,Neutro,12.736583298532052
2022-10-07,0.0,0.0,-0.20605724455564392,-0.34097919006303096,-0.13675910865466873,-6.827317773932647,Neutro,12.736583298532052
2022-10-08,0.0,0.0,-0.20950096438266624,0.0,-0.05237524109566656,-2.618163577395394,Neutro,12.736583298532052
2022-10-09,0.0,0.0,-0.21296003465071972,0.0,-0.05324000866267993,-2.6613718249544283,Neutro,12.736583298532052
2022-10-10,0.0,0.0,-0.12545867936614175,-0.3400162502288632,-0.11636873239875124,-5.811879547694188,Neutro,12.736583298532052
2022-10-11,0.0,0.0,0.18880887657334525,-2.7161780065908876,-0.6318422825043856,-30.58141534385777,Pressão moderada de queda,12.736583298532052
2022-10-12,0.0,0.0,0.18989134535482186,-2.6602696444268266,-0.6175945747680012,-29.934254934264835,Pressão moderada de queda,12.736583298532052
2022-10-13,0.0,0.0,0.5800070378387725,-0.3013470232506866,0.06966500364702148,3.4818421195318248,Neutro,12.736583298532052
2022-10-14,0.0,0.0,0.2564904718487179,0.8765272686261485,0.2832544351187166,14.068782163822323,Neutro,12.736583298532052
2022-10-15,0.0,0.0,0.25269863882138327,0.0,0.06317465970534582,3.1576828525269107,Neutro,12.736583298532052
2022-10-16,0.0,0.0,0.24890326240255128,0.0,0.06222581560063782,3.110287245263739,Neutro,12.736583298532052
2022-10-17,0.0,0.0,-0.31584317588467076,-0.30507677942289657,-0.15522998882689182,-7.745951588033402,Neutro,12.736583298532052
2022-10-18,0.0,0.0,-0.30961166861833084,-0.30425807291573254,-0.15346743538351584,-7.658346722320419,Neutro,12.736583298532052
2022-10-19,0.0,0.0,-0.3017442408414074,0.28886335753153636,-0.003220220827467757,-0.16101090223554315,Neutro,12.736583298532052
2022-10-20,0.0,0.0,-0.6784719732766871,-0.3055554533485144,-0.24600685665630037,-12.238681887264804,Neutro,12.736583298532052
2022-10-21,0.0,0.0,-0.8380629519285864,-0.3047471483102491,-0.2857025250597089,-14.188743182745528,Neutro,12.736583298532052
2022-10-22,0.0,0.0,-0.8387542267308362,0.0,-0.20968855668270905,-10.446179927308172,Neutro,12.736583298532052
2022-10-23,0.0,0.0,-0.8394462260165794,0.0,-0.20986155650414484,-10.454735450034953,Neutro,12.736583298532052
2022-10-24,0.0,0.0,0.3100311434509926,-0.30394522737344254,0.0015214790193875116,0.07607393629408998,Neutro,12.736583298532052
2022-10-25,0.0,0.0,0.6983378322146753,0.8906055316074192,0.3972358409555236,19.604672081760334,Neutro,12.736583298532052
2022-10-26,0.0,0.0,0.4460964889944685,0.290351031935762,0.18411188023255765,9.179678212171215,Neutro,12.736583298532052
2022-10-27,0.0,0.0,0.3971121049657756,0.8873777828120676,0.3211224719444608,15.919556555891944,Neutro,12.736583298532052
2022-10-28,0.0,0.0,0.4887325146287806,0.88362737068478,0.34308997132839014,16.988183620942518,Neutro,12.736583298532052
2022-10-29,0.0,0.0,0.4834359420743092,0.0,0.1208589855185773,6.035604277685297,Neutro,12.736583298532052
2022-10-30,0.0,0.0,0.47814011234916737,0.0,0.11953502808729184,5.969644929430798,Neutro,12.736583298532052
2022-10-31,0.0,0.0,0.22435343422672863,0.879924185098699,0.2760694048313569,13.716464783702097,Neutro,12.709352306692658
2022-11-01,0.0,0.0,-0.2784172556252907,0.8762672424328517,0.14946249670189027,7.459243974520915,Neutro,12.709352306692658
2022-11-02,0.0,0.0,-0.2828245728205886,0.8726555875197672,0.14745775367479466,7.359557125757769,Neutro,12.709352306692658
2022-11-03,0.0,0.0,-0.7313725625853849,-1.52504336253066,-0.5641039812790112,-27.480317912351516,Pressão moderada de queda,12.709352306692658
2022-11-04,0.0,0.0,-1.06054482414748,-0.9205619284602173,-0.4952766881519243,-24.26973900828539,Pressão moderada de queda,12.709352306692658
2022-11-05,0.0,0.0,-1.0586155917956714,0.0,-0.26465389794891786,-13.1559953809484,Neutro,12.709352306692658
2022-11-06,0.0,0.0,-1.0566917214492615,0.0,-0.2641729303623154,-13.1323624842406,Neutro,12.709352306692658
2022-11-07,0.0,0.0,-0.795215845090387,2.0577345857109814,0.3156296851551486,15.651761053298788,Neutro,12.709352306692658
2022-11-08,0.0,0.0,-0.4356006368060185,2.0332892519067802,0.3994221537751904,19.709763686758514,Neutro,12.709352306692658
2022-11-09,0.0,0.0,-0.5282855026817351,0.8463587018317873,0.07951829978751304,3.9738212843631513,Neutro,12.709352306692658
2022-11-10,0.0,0.0,0.32357466793741546,1.428547568301081,0.4380305590596241,21.557930493971494,Pressão moderada de alta,12.709352306692658
2022-11-11,0.0,0.0,0.4238978027331012,1.4187613685659486,0.46066479282476247,22.634374324463128,Pressão moderada de alta,12.709352306692658
2022-11-12,0.0,0.0,0.4200919143059526,0.0,0.10502297857648815,5.246327641622354,Neutro,12.709352306692658
2022-11-13,0.0,0.0,0.4162903251997597,0.0,0.10407258129993993,5.19893739335384,Neutro,12.709352306692658
2022-11-14,0.0,0.0,0.0494641867695873,-0.9347604632128255,-0.22132406911080954,-11.021251079631273,Neutro,12.709352306692658
2022-11-15,0.0,0.0,-0.09534026762023665,-0.9308415919033401,-0.2565454648808942,-12.7573803478722,Neutro,12.709352306692658
2022-11-16,0.0,0.0,-0.08390332918902,0.24798967398711952,0.04102158619952488,2.0507917337164336,Neutro,12.709352306692658
2022-11-17,0.0,0.0,0.6102073491652411,1.9982428258323455,0.6521125437493966,31.49727231017077,Pressão moderada de alta,12.709352306692658
2022-11-18,0.0,0.0,-0.0628180990615164,1.9763765689405874,0.47838961746976777,23.473506869504988,Pressão moderada de alta,12.709352306692658
2022-11-19,0.0,0.0,-0.06472214043749035,0.0,-0.016180535109372587,-0.8090091050086161,Neutro,12.709352306692658
2022-11-20,0.0,0.0,-0.06662857542849251,0.0,-0.01665714385712313,-0.8328379363134144,Neutro,12.709352306692658
2022-11-21,0.0,0.0,0.20887487563567939,1.3842769939980688,0.398287967408437,19.655251295288398,Neutro,12.709352306692658
2022-11-22,0.0,0.0,0.7007001898468262,1.945392777593867,0.6615232418601733,31.920496110180085,Pressão moderada de alta,12.709352306692658
2022-11-23,0.0,0.0,0.9479763134693187,1.9252461749535779,0.7183056221057241,34.44675888795726,Pressão moderada de alta,12.709352306692658
2022-11-24,0.0,0.0,0.6790273335145299,1.9057133807465125,0.6461851785652606,31.230057441617042,Pressão moderada de alta,12.709352306692658
2022-11-25,0.0,0.0,1.26712795519845,0.7601757097240015,0.5068259162306129,24.812420176294665,Pressão moderada de alta,12.709352306692658
2022-11-26,0.0,0.0,1.256746041726432,0.0,0.314186510431608,15.581362105978208,Neutro,12.709352306692658
2022-11-27,0.0,0.0,1.2464891282303396,0.0,0.3116222820575849,15.4562384617957,Neutro,12.709352306692658
2022-11-28,0.0,0.0,1.1222765980489144,1.3242258501556425,0.6116256120511392,29.662307385003178,Pressão moderada de alta,12.709352306692658
2022-11-29,0.0,0.0,0.4378171929248753,0.7506559795173718,0.2971182931105618,14.747581788947123,Neutro,12.709352306692658
2022-11-30,0.0,0.0,0.42521291282659346,0.7481530627285234,0.2933414938887792,14.562797688760265,Neutro,13.33341858076564
2022-12-01,0.0,0.0,-0.5861702841390802,0.7456750489937861,0.03987619121367647,1.9935454045401528,Neutro,13.33341858076564
2022-12-02,0.0,0.0,-0.5754964270591989,0.7432215277714764,0.04193127517806938,2.0962566258085227,Neutro,13.33341858076564
2022-12-03,0.0,0.0,-0.5807438552209567,0.0,-0.14518596380523918,-7.246573471491158,Neutro,13.33341858076564
2022-12-04,0.0,0.0,-0.586039493920376,0.0,-0.146509873480094,-7.312418175909919,Neutro,13.33341858076564
2022-12-05,0.0,0.0,-0.3724699792326661,0.7407920979369179,0.09208052967606295,4.600776178818687,Neutro,13.33341858076564
2022-12-06,0.0,0.0,-0.40760141884695267,0.16668173075948792,-0.06022992202186619,-3.010586045038047,Neutro,13.33341858076564
2022-12-07,0.0,0.0,-0.5688683439427475,-0.4072555041786448,-0.24403096203034808,-12.141355219882294,Neutro,13.33341858076564
2022-12-08,0.0,0.0,-1.1983336693627318,-0.40626878135041783,-0.4011506126782874,-19.792815150950634,Neutro,13.33341858076564
2022-12-09,0.0,0.0,-0.611131053808644,0.7452171761211495,0.033521530578126374,1.6759195969169989,Neutro,13.33341858076564
2022-12-10,0.0,0.0,-0.617865860516243,0.0,-0.15446646512906076,-7.708003339030434,Neutro,13.33341858076564
2022-12-11,0.0,0.0,-0.6246840621878236,0.0,-0.1561710155469559,-7.792718909200916,Neutro,13.33341858076564
2022-12-12,0.0,0.0,-0.26065458156092797,0.1673785245468464,-0.02331901425352039,-1.165897880839626,Neutro,13.33341858076564
2022-12-13,0.0,0.0,-0.4766391848281257,0.1670255274431668,-0.07740341434623972,-3.8682395984998474,Neutro,13.33341858076564
2022-12-14,0.0,0.0,-0.4216841172248398,0.16667475462382755,-0.06375234065025306,-3.18653783562231,Neutro,13.33341858076564
2022-12-15,0.0,0.0,-0.1886258766530079,0.16632618282450448,-0.0055749234571258535,-0.27874545091125535,Neutro,13.33341858076564
2022-12-16,0.0,0.0,-0.5160784747000174,-0.4148265464858672,-0.23272625529647117,-11.584075648280841,Neutro,13.33341858076564
2022-12-17,0.0,0.0,-0.5224575899158411,0.0,-0.13061439747896028,-6.5214511137314695,Neutro,13.33341858076564
2022-12-18,0.0,0.0,-0.5289113829385969,0.0,-0.1322278457346492,-6.601776188855628,Neutro,13.33341858076564
2022-12-19,0.0,0.0,-0.5040677621261969,-0.41384466281433685,-0.22947810623513343,-11.42381754485761,Neutro,13.33341858076564
2022-12-20,0.0,0.0,-0.5199379985543938,-0.41286972317500686,-0.23320193043235016,-11.607539602014683,Neutro,13.33341858076564
2022-12-21,0.0,0.0,-0.6414335802112119,-0.4119016460586878,-0.2633338065674749,-13.091127596961732,Neutro,13.33341858076564
2022-12-22,0.0,0.0,-0.2682070623158134,-0.4109403512899882,-0.1697868534014504,-8.469007359206321,Neutro,13.33341858076564
2022-12-23,0.0,0.0,-0.4763769632496483,-0.40998575999937287,-0.2215906808122553,-11.034419547236885,Neutro,13.33341858076564
2022-12-24,0.0,0.0,-0.4767170861217919,0.0,-0.11917927153044798,-5.951920303441363,Neutro,13.33341858076564
2022-12-25,0.0,0.0,-0.477057349565793,0.0,-0.11926433739144825,-5.95615851831792,Neutro,13.33341858076564
2022-12-26,0.0,0.0,-0.505129935604404,-0.4090377945959333,-0.22854193255008431,-11.377617263708672,Neutro,13.33341858076564
2022-12-27,0.0,0.0,-0.03846085115789866,-0.4090377945959333,-0.11187466143845799,-5.587906129215037,Neutro,13.33341858076564
2022-12-28,0.0,0.0,0.0012992876577149984,-0.4090377945959333,-0.10193462673455458,-5.092322713870186,Neutro,13.33341858076564
2022-12-29,0.0,0.0,-0.20395760044870517,-0.4090377945959333,-0.15324884876115963,-7.647481401129509,Neutro,13.33341858076564
2022-12-30,0.0,0.0,-0.3427456047370317,-0.4090377945959333,-0.18794584983324125,-9.369727639985879,Neutro,13.33341858076564
2022-12-31,0.0,0.0,-0.3415777788470768,0.0,-0.0853944447117692,-4.267129483240613,Neutro,13.33341858076564
2023-01-01,0.0,0.0,-0.3404109001880252,0.0,-0.0851027250470063,-4.252569968219898,Neutro,13.33341858076564
2023-01-02,0.0,0.0,-0.06828941629323956,-0.40262296489246086,-0.11772809529642511,-5.879615424008295,Neutro,13.33341858076564
2023-01-03,0.0,0.0,0.26757347863669945,-0.3982776381869702,-0.03267603988756769,-1.6336566391550418,Neutro,13.33341858076564
2023-01-04,0.0,0.0,0.2495540237578403,-0.3982776381869702,-0.037180903607282476,-1.8588310449264351,Neutro,13.33341858076564
2023-01-05,0.0,0.0,0.1601752458127924,1.953366757145886,0.5283855007396696,25.82129539865936,Pressão moderada de alta,13.33341858076564
2023-01-06,0.0,0.0,-0.19935471822907044,-0.40470951974399794,-0.1510160594932671,-7.536485419369426,Neutro,13.33341858076564
2023-01-07,0.0,0.0,-0.19617980285306608,0.0,-0.04904495071326652,-2.451756099385499,Neutro,13.33341858076564
2023-01-08,0.0,0.0,-0.19300245843054978,0.0,-0.048250614607637445,-2.412062783874323,Neutro,13.33341858076564
2023-01-09,0.0,0.0,-0.29825464045138583,-0.40470951974399794,-0.17574104004884594,-8.764506021448975,Neutro,13.33341858076564
2023-01-10,0.0,0.0,-0.21791800610674472,-0.40470951974399794,-0.15565688146268566,-7.767167801432443,Neutro,13.33341858076564
2023-01-11,0.0,0.0,-0.20215819092765064,-0.40470951974399794,-0.15171692766791214,-7.571328864746316,Neutro,13.33341858076564
2023-01-12,0.0,0.0,-0.4157696804624203,-0.40470951974399794,-0.20511980005160457,-10.220181333490132,Neutro,13.33341858076564
2023-01-13,0.0,0.0,-0.32849717407660917,-0.40470951974399794,-0.18330167345515178,-9.139507748086736,Neutro,13.33341858076564
2023-01-14,0.0,0.0,-0.3222214497237262,0.0,-0.08055536243093155,-4.02559146253698,Neutro,13.33341858076564
2023-01-15,0.0,0.0,-0.3159052348691612,0.0,-0.0789763087172903,-3.946764233737888,Neutro,13.33341858076564
2023-01-16,0.0,0.0,-0.5315176772594383,-0.40470951974399794,-0.23405679925085907,-11.649705044702838,Neutro,13.33341858076564
2023-01-17,0.0,0.0,-0.9414521699968965,-0.40470951974399794,-0.33654042243522364,-16.669981236012575,Neutro,13.33341858076564
2023-01-18,0.0,0.0,-1.0366062738844601,-0.40470951974399794,-0.3603289484071145,-17.824012171816264,Neutro,13.33341858076564
2023-01-19,0.0,0.0,-0.14219496608324905,-0.40470951974399794,-0.13672612145681173,-6.825676100231839,Neutro,13.33341858076564
2023-01-20,0.0,0.0,-0.21515182087886506,1.9301035021953938,0.4287379203291322,21.114451044970842,Pressão moderada de alta,13.33341858076564
2023-01-21,0.0,0.0,-0.20803505930132615,0.0,-0.05200876482533154,-2.599852236807393,Neutro,13.33341858076564
2023-01-22,0.0,0.0,-0.2008332316446033,0.0,-0.05020830791115082,-2.509888158353673,Neutro,13.33341858076564
2023-01-23,0.0,0.0,-0.8613171559859303,1.3335178190112087,0.1180501657563196,5.895663125238839,Neutro,13.33341858076564
2023-01-24,0.0,0.0,-1.1260283882424944,0.7449045156318279,-0.09528096815266662,-4.760447490287045,Neutro,13.33341858076564
2023-01-25,0.0,0.0,-1.7676424843540002,0.73972949321358,-0.25697824778510503,-12.778666726402804,Neutro,13.33341858076564
2023-01-26,0.0,0.0,-1.5999852038513256,0.7345782742523118,-0.21635173239975344,-10.775587335045214,Neutro,13.33341858076564
2023-01-27,0.0,0.0,-1.1289625870314606,1.8769084993961003,0.18698647809115992,9.322178044241488,Neutro,13.33341858076564
2023-01-28,0.0,0.0,-1.1230356717258785,0.0,-0.2807589179314696,-13.946454590483656,Neutro,13.33341858076564
2023-01-29,0.0,0.0,-1.1171546117030766,0.0,-0.27928865292576915,-13.874363821235455,Neutro,13.33341858076564
2023-01-30,0.0,0.0,-1.0767282224485273,1.8555303550995959,0.19470053316276714,9.70438960211012,Neutro,13.33341858076564
2023-01-31,0.0,0.0,-0.7833534730117794,1.8346581256106527,0.2628261631497183,13.066179591242427,Neutro,13.286034430699281
2023-02-01,0.0,0.0,-0.7375128781917869,1.8142701983035299,0.26918933002793577,13.378775170970354,Neutro,13.286034430699281
2023-02-02,0.0,0.0,-0.8515223651623649,1.7943462251161326,0.23570596498844193,11.731036412521966,Neutro,13.286034430699281
2023-02-03,0.0,0.0,-0.14252969547326252,-0.46089192315950533,-0.15085540465819197,-7.528498254138236,Neutro,13.286034430699281
2023-02-04,0.0,0.0,-0.15024994601573805,0.0,-0.03756248650393451,-1.877903529560264,Neutro,13.286034430699281
2023-02-05,0.0,0.0,-0.15808979842832013,0.0,-0.03952244960708003,-1.9758652912952597,Neutro,13.286034430699281
2023-02-06,0.0,0.0,0.240687308611099,1.7748670285373527,0.5038885842871129,24.674545368114142,Pressão moderada de alta,13.286034430699281
2023-02-07,0.0,0.0,0.1482148886823686,1.7558145160025636,0.47600735117123305,23.3609253394043,Pressão moderada de alta,13.286034430699281
2023-02-08,0.0,0.0,0.48987613245771866,1.73717160182211,0.5567619335699572,27.14059673192256,Pressão moderada de alta,13.286034430699281
2023-02-09,0.0,0.0,-0.046268628483337376,1.718922135871107,0.41816337684694244,20.608735730808316,Pressão moderada de alta,13.286034430699281
2023-02-10,0.0,0.0,0.1473687555510553,1.7010508383587013,0.46210489847743913,22.702679525023093,Pressão moderada de alta,13.286034430699281
2023-02-11,0.0,0.0,0.1403034263883,0.0,0.035075856597075,1.7536130420665244,Neutro,13.286034430699281
2023-02-12,0.0,0.0,0.13315240538338452,0.0,0.03328810134584613,1.664251390703459,Neutro,13.286034430699281
2023-02-13,0.0,0.0,-0.2227904075371592,3.766539269207289,0.8859372154175325,41.610209091293186,Pressão moderada de alta,13.286034430699281
2023-02-14,0.0,0.0,-0.28121942126855504,3.6501337262287255,0.8422285762400425,39.78687444341999,Pressão moderada de alta,13.286034430699281
2023-02-15,0.0,0.0,0.5034823853091857,3.5430296380515394,1.0116280058401812,46.66772634273612,Pressão moderada de alta,13.286034430699281
2023-02-16,0.0,0.0,0.6599509414094207,1.5065846912554401,0.5416339081662152,26.438484898370305,Pressão moderada de alta,13.286034430699281
2023-02-17,0.0,0.0,0.5276723671163771,3.4233418007317375,0.9877535419620287,45.72879530810521,Pressão moderada de alta,13.286034430699281
2023-02-18,0.0,0.0,0.5272650000465419,0.0,0.13181625001163547,6.5812858184113034,Neutro,13.286034430699281
2023-02-19,0.0,0.0,0.5268578305338372,0.0,0.1317144576334593,6.576218227363134,Neutro,13.286034430699281
2023-02-20,0.0,0.0,0.4220339204054187,3.332904574407896,0.9387346237033287,43.76879729039122,Pressão moderada de alta,13.286034430699281
2023-02-21,0.0,0.0,0.40955375447235776,3.2665249739160487,0.9190196820971016,42.96846341395925,Pressão moderada de alta,13.286034430699281
2023-02-22,0.0,0.0,0.41295624290682265,0.43652781440859095,0.2123710143288534,10.578820561404612,Neutro,13.286034430699281
2023-02-23,0.0,0.0,0.678348621230461,0.9106873369558535,0.3972589895465786,19.60578502377362,Neutro,13.286034430699281
2023-02-24,0.0,0.0,0.28277792354412545,0.43282926449730713,0.17890179701035813,8.921308027489328,Neutro,13.286034430699281
2023-02-25,0.0,0.0,0.2937376891628533,0.0,0.07343442229071333,3.6700719891670746,Neutro,13.286034430699281
2023-02-26,0.0,0.0,0.30498181999180585,0.0,0.07624545499795146,3.8104269770911796,Neutro,13.286034430699281
2023-02-27,0.0,0.0,-0.0236452267780212,0.4291357245359129,0.10137262443947292,5.064295067309437,Neutro,13.286034430699281
2023-02-28,0.0,0.0,0.09932036652293944,0.42544704204434064,0.13119185214182003,6.55020051096301,Neutro,13.306752646997278
2023-03-01,0.0,0.0,-0.1043869974544709,-0.5233375118952509,-0.15693112733743045,-7.830492583653226,Neutro,13.306752646997278
2023-03-02,0.0,0.0,-0.2600965572778709,-0.5233375118952509,-0.19585851729328047,-9.76174031302031,Neutro,13.306752646997278
2023-03-03,0.0,0.0,-0.40864499327076603,0.42176306501004346,0.0032795179348193565,0.16397574977447782,Neutro,13.306752646997278
2023-03-04,0.0,0.0,-0.4021941875447059,0.0,-0.10054854688617647,-5.0231960102955835,Neutro,13.306752646997278
2023-03-05,0.0,0.0,-0.39571071979646333,0.0,-0.09892767994911583,-4.942353882696008,Neutro,13.306752646997278
2023-03-06,0.0,0.0,0.019972038245237397,0.418083641856426,0.10951392002541585,5.470229918678279,Neutro,13.306752646997278
2023-03-07,0.0,0.0,0.20313529365277458,0.4144086214113709,0.15438597876603638,7.7040029182806755,Neutro,13.306752646997278
2023-03-08,0.0,0.0,-0.6276916726564005,0.4107378528758483,-0.05423845494513804,-2.7112581126588293,Neutro,13.306752646997278
2023-03-09,0.0,0.0,-0.7707382518877883,-0.5388579170756541,-0.3273990422408606,-16.225277900699243,Neutro,13.306752646997278
2023-03-10,0.0,0.0,-0.16067770759537567,0.40707118579259044,0.06159836954930369,3.0789449871075427,Neutro,13.306752646997278
2023-03-11,0.0,0.0,-0.15238659139214478,0.0,-0.038096647848036194,-1.9046020435659006,Neutro,13.306752646997278
2023-03-12,0.0,0.0,-0.14394068920504097,0.0,-0.03598517230126024,-1.7990644803119116,Neutro,13.306752646997278
2023-03-13,0.0,0.0,0.27044895490745147,-2.4079076037370704,-0.5343646622074048,-26.100104705459803,Pressão moderada de queda,13.306752646997278
2023-03-14,0.0,0.0,0.2520734989747477,-2.3745595886204076,-0.530621522411415,-25.92561210654976,Pressão moderada de queda,13.306752646997278
2023-03-15,0.0,0.0,0.9154858787098125,0.4093607092542203,0.3312116469910082,16.410831996201207,Neutro,13.306752646997278
2023-03-16,0.0,0.0,1.1577946740028966,-2.79117825744959,-0.40834589586167336,-20.138237893163165,Pressão moderada de queda,13.306752646997278
2023-03-17,0.0,0.0,0.661187576247153,-0.5030295233009346,0.03953951323655458,1.9767181395394244,Neutro,13.306752646997278
2023-03-18,0.0,0.0,0.6655311610103716,0.0,0.1663827902525929,8.300000770061603,Neutro,13.306752646997278
2023-03-19,0.0,0.0,0.6699066961090767,0.0,0.16747667402726918,8.35431569935294,Neutro,13.306752646997278
2023-03-20,0.0,0.0,0.3943819622482274,-0.5030295233009346,-0.027161890263176808,-1.3580110227304378,Neutro,13.306752646997278
2023-03-21,0.0,0.0,0.29937646066711326,1.31630890238738,0.4039213407636233,19.925887740972296,Neutro,13.306752646997278
2023-03-22,0.0,0.0,0.46465944639110013,-0.5214532029558735,-0.014198439141193342,-0.7099100308671394,Neutro,13.306752646997278
2023-03-23,0.0,0.0,0.45549358804757245,0.3940321386846498,0.21238143168305557,10.57933559972514,Neutro,13.306752646997278
2023-03-24,0.0,0.0,0.7087531599184211,0.38915082265919687,0.2744759956444045,13.638284728627543,Neutro,13.306752646997278
2023-03-25,0.0,0.0,0.7127880313224285,0.0,0.17819700783060713,8.886347940793485,Neutro,13.306752646997278
2023-03-26,0.0,0.0,0.7168501842720619,0.0,0.17921254606801548,8.936721604415046,Neutro,13.306752646997278
2023-03-27,0.0,0.0,0.3074999323840138,0.8597310304942677,0.2918077407195704,14.487728015437174,Neutro,13.306752646997278
2023-03-28,0.0,0.0,-0.06924126784370825,0.3881988276503019,0.0797393899516484,3.9848582875844447,Neutro,13.306752646997278
2023-03-29,0.0,0.0,0.14675185290350476,0.38460125347279095,0.13283827659407393,6.632164095167211,Neutro,13.306752646997278
2023-03-30,0.0,0.0,-0.004399579260662573,0.38100680522398095,0.09415180649082959,4.704115843698018,Neutro,13.306752646997278
2023-03-31,0.0,0.0,-0.7070587069349108,-0.5557123646925382,-0.31569276790686224,-15.654837906380529,Neutro,12.936607797324818
2023-04-01,0.0,0.0,-0.7008806237122593,0.0,-0.17522015592806484,-8.7386612886972,Neutro,12.936607797324818
2023-04-02,0.0,0.0,-0.6947220961308752,0.0,-0.1736805240327188,-8.6622624333463,Neutro,12.936607797324818
2023-04-03,0.0,0.0,-1.2470938305554766,-0.5557123646925382,-0.4507015488120037,-22.1612041024947,Pressão moderada de queda,12.936607797324818
2023-04-04,0.0,0.0,-1.1163460475633047,-1.0207118081925792,-0.534264463938971,-26.095436014044992,Pressão moderada de queda,12.936607797324818
2023-04-05,0.0,0.0,-1.7947032224314774,-0.547193371880912,-0.5854741485780973,-28.46520655325344,Pressão moderada de queda,12.936607797324818
2023-04-06,0.0,0.0,-1.5465666426282922,-0.547193371880912,-0.523440003627301,-25.590360349002395,Pressão moderada de queda,12.936607797324818
2023-04-07,0.0,0.0,-1.386616995201211,-0.547193371880912,-0.4834525917705308,-23.712564384962487,Pressão moderada de queda,12.936607797324818
2023-04-08,0.0,0.0,-1.3806246310624148,0.0,-0.3451561577656037,-17.088493811978715,Neutro,12.936607797324818
2023-04-09,0.0,0.0,-1.3746803881300762,0.0,-0.34367009703251905,-17.016351400651942,Neutro,12.936607797324818
2023-04-10,0.0,0.0,-1.1094195011030077,0.38724584604910234,-0.18054341376347632,-9.002729605387268,Neutro,12.936607797324818
2023-04-11,0.0,0.0,-1.6179626449917333,-0.5510806270698765,-0.5422608180154025,-26.467636944467866,Pressão moderada de queda,12.936607797324818
2023-04-12,0.0,0.0,-2.210358334684087,2.231535476249599,0.005294285391377995,0.2647136512541788,Neutro,12.936607797324818
2023-04-13,0.0,0.0,-2.469985936738475,2.2002320303074216,-0.06743847660776336,-3.3706464667675884,Neutro,12.936607797324818
2023-04-14,0.0,0.0,-2.3800410660364872,0.3562668639216699,-0.5059435505287043,-24.771013530730343,Pressão moderada de queda,12.936607797324818
2023-04-15,0.0,0.0,-2.355363596905287,0.0,-0.5888408992263218,-28.619829996422308,Pressão moderada de queda,12.936607797324818
2023-04-16,0.0,0.0,-2.331309084132143,0.0,-0.5828272710330358,-28.34354031364129,Pressão moderada de queda,12.936607797324818
2023-04-17,0.0,0.0,-1.9349122170084834,0.8106423038130356,-0.2810674782988619,-13.961582202733572,Neutro,12.936607797324818
2023-04-18,0.0,0.0,-1.3590440977692724,-1.4806084951789502,-0.7099131482370556,-34.076393692026805,Pressão moderada de queda,12.936607797324818
2023-04-19,0.0,0.0,-0.6274526874178166,-1.471496651777486,-0.5247373347988256,-25.650968944406188,Pressão moderada de queda,12.936607797324818
2023-04-20,0.0,0.0,-0.44348638021680076,-1.4624911872061512,-0.476494391855738,-23.383947093037005,Pressão moderada de queda,12.936607797324818
2023-04-21,0.0,0.0,-0.11701597145170997,-1.4535897921565344,-0.3926514409020611,-19.38416328760466,Neutro,12.936607797324818
2023-04-22,0.0,0.0,-0.1274693807744303,0.0,-0.03186734519360757,-1.5932324309915848,Neutro,12.936607797324818
2023-04-23,0.0,0.0,-0.13819746797534865,0.0,-0.03454936699383716,-1.7272965362231885,Neutro,12.936607797324818
2023-04-24,0.0,0.0,0.06132155357904137,-1.4447902266989203,-0.3458671682799697,-17.123004105287148,Neutro,12.936607797324818
2023-04-25,0.0,0.0,-0.030106136135131596,-0.5413481990856996,-0.1428635838052078,-7.131054576597645,Neutro,12.936607797324818
2023-04-26,0.0,0.0,0.19584812103404284,-1.4447902266989203,-0.3122355264162194,-15.486166754422417,Neutro,12.936607797324818
2023-04-27,0.0,0.0,-0.341886498601884,-1.0075913780368762,-0.33736946915969,-16.710278873503746,Neutro,12.936607797324818
2023-04-28,0.0,0.0,-0.45392599476949647,-0.09774156147402628,-0.13791688906088068,-6.8849346767803,Neutro,12.822252450184102
2023-04-29,0.0,0.0,-0.4513736773434421,0.0,-0.11284341933586052,-5.63619146753803,Neutro,12.822252450184102
2023-04-30,0.0,0.0,-0.4488258418887668,0.0,-0.1122064604721917,-5.604444125819659,Neutro,12.822252450184102
2023-05-01,0.0,0.0,-0.5644679728503286,-0.0996107479474776,-0.16601968019945154,-8.28197006917779,Neutro,12.822252450184102
2023-05-02,0.0,0.0,0.257567572136978,0.35329571087165246,0.15271582075215762,7.620985329249354,Neutro,12.822252450184102
2023-05-03,0.0,0.0,0.6842323687612623,0.3498059178029074,0.2585095716410424,12.853975253728658,Neutro,12.822252450184102
2023-05-04,0.0,0.0,0.9123718917097403,1.2528858562464114,0.5413144369890379,26.423627253530086,Pressão moderada de alta,12.822252450184102
2023-05-05,0.0,0.0,0.26994468282673095,0.33462546593582315,0.15114253719063853,7.5427733554727965,Neutro,12.822252450184102
2023-05-06,0.0,0.0,0.2656505922516717,0.0,0.06641264806291793,3.319412431769008,Neutro,12.822252450184102
2023-05-07,0.0,0.0,0.261349738082894,0.0,0.0653374345207235,3.265710037689161,Neutro,12.822252450184102
2023-05-08,0.0,0.0,0.2862755756527701,-1.0396577446365112,-0.18834554224593525,-9.38953644086229,Neutro,12.822252450184102
2023-05-09,0.0,0.0,0.3266198479415558,-3.265256288594336,-0.7346591101631951,-35.165369676069346,Pressão moderada de queda,12.822252450184102
2023-05-10,0.0,0.0,-0.6842200453005989,-0.550553407754121,-0.30869336326367997,-15.3132587855939,Neutro,12.822252450184102
2023-05-11,0.0,0.0,-0.5821173087117811,-3.187621718572099,-0.9424347568209701,-43.918240897555705,Pressão moderada de queda,12.822252450184102
2023-05-12,0.0,0.0,-0.9498100154768767,-0.9598272495519734,-0.4774093162572125,-23.427187240177023,Pressão moderada de queda,12.822252450184102
2023-05-13,0.0,0.0,-0.9424359957770069,0.0,-0.23560899894425172,-11.72625480410542,Neutro,12.822252450184102
2023-05-14,0.0,0.0,-0.9351146353188946,0.0,-0.23377865882972365,-11.635986541486458,Neutro,12.822252450184102
2023-05-15,0.0,0.0,-1.1094975224851267,-0.5103270887133639,-0.4049561527996226,-19.975568902283683,Neutro,12.822252450184102
2023-05-16,0.0,0.0,-1.0994321433913092,-0.5103270887133639,-0.4024398080261683,-19.854741761877147,Neutro,12.822252450184102
2023-05-17,0.0,0.0,-0.7566211250677868,-1.3888275692116416,-0.5363621735698572,-26.193152309176206,Pressão moderada de queda,12.822252450184102
2023-05-18,0.0,0.0,-0.29856969180007414,-0.4937332904335714,-0.1980757455584114,-9.871533383631851,Neutro,12.822252450184102
2023-05-19,0.0,0.0,-0.011496860586633283,-0.4880499996600435,-0.12488671506166919,-6.236232476364563,Neutro,12.822252450184102
2023-05-20,0.0,0.0,-0.012036931041334962,0.0,-0.0030092327603337406,-0.15046152447490438,Neutro,12.822252450184102
2023-05-21,0.0,0.0,-0.012577051863848871,0.0,-0.003144262965962218,-0.15721301877570276,Neutro,12.822252450184102
2023-05-22,0.0,0.0,-0.15841304672571596,0.40292425347314914,0.061127801686858295,3.0554387288201688,Neutro,12.822252450184102
2023-05-23,0.0,0.0,-0.4223776626597858,0.40771421328736845,-0.0036658623431043424,-0.1832929118893998,Neutro,12.822252450184102
2023-05-24,0.0,0.0,-0.49462906283027086,-0.03573004945824055,-0.13258977807212785,-6.619793718980194,Neutro,12.822252450184102
2023-05-25,0.0,0.0,0.026957652405706432,-0.4802251352446689,-0.11331687070974063,-5.659788521121464,Neutro,12.822252450184102
2023-05-26,0.0,0.0,0.47345529822988225,0.42781951975834226,0.22531870449705613,11.218513062107947,Neutro,12.822252450184102
2023-05-27,0.0,0.0,0.4810874408821153,0.0,0.12027186022052883,6.0063544358916,Neutro,12.822252450184102
2023-05-28,0.0,0.0,0.4888325040467381,0.0,0.12220812601168453,6.102812819841101,Neutro,12.822252450184102
2023-05-29,0.0,0.0,0.362457908933558,0.42781951975834226,0.19756935717297508,9.846460068788469,Neutro,12.822252450184102
2023-05-30,0.0,0.0,0.6381300722971414,-0.019843884840614227,0.15457154686413177,7.71322618835603,Neutro,12.822252450184102
2023-05-31,0.0,0.0,1.331609545156589,-0.4687242616642727,0.21572132087307908,10.744431697291768,Neutro,12.377677718625328
2023-06-01,0.0,0.0,0.6871787739531344,-2.263338579066148,-0.3940399512782534,-19.450971170356645,Neutro,12.377677718625328
2023-06-02,0.0,0.0,0.41280400543150503,-0.4455155483065549,-0.008177885718762462,-0.40889200712366836,Neutro,12.377677718625328
2023-06-03,0.0,0.0,0.4129453129090335,0.0,0.10323632822725838,5.1572368508703565,Neutro,12.377677718625328
2023-06-04,0.0,0.0,0.4130866420357322,0.0,0.10327166050893305,5.158998764668935,Neutro,12.377677718625328
2023-06-05,0.0,0.0,0.2583731641107213,-0.43979146149456394,-0.04535457434596066,-2.267340063677298,Neutro,12.377677718625328
2023-06-06,0.0,0.0,0.2941926417005998,0.9284486409329682,0.305660320658392,15.165128548972126,Neutro,12.377677718625328
2023-06-07,0.0,0.0,-0.18093312066580775,2.2782906557537776,0.5243393837719925,25.632379648106614,Pressão moderada de alta,12.377677718625328
2023-06-08,0.0,0.0,-0.28785926525191274,2.248891587766107,0.49025808062854853,24.03344553181677,Pressão moderada de alta,12.377677718625328
2023-06-09,0.0,0.0,-0.6271901677731211,-0.45854516920642335,-0.2714338342448861,-13.4889750524623,Neutro,12.377677718625328
2023-06-10,0.0,0.0,-0.6215263202593398,0.0,-0.15538158006483496,-7.753485628489062,Neutro,12.377677718625328
2023-06-11,0.0,0.0,-0.6158905513401816,0.0,-0.1539726378350454,-7.683458207266819,Neutro,12.377677718625328
2023-06-12,0.0,0.0,-0.5365297046408324,2.6516183346376323,0.5287721574991999,25.83933833943109,Pressão moderada de alta,12.377677718625328
2023-06-13,0.0,0.0,-0.7900756323355259,-0.9069126070824302,-0.424247059854489,-20.899817199901577,Pressão moderada de queda,12.377677718625328
2023-06-14,0.0,0.0,-0.6755789370190228,-1.3437157513854852,-0.504823672101127,-24.71844812832359,Pressão moderada de queda,12.377677718625328
2023-06-15,0.0,0.0,-1.314561206258738,-0.45163259812266093,-0.44154845109534974,-21.72558674634461,Pressão moderada de queda,12.377677718625328
2023-06-16,0.0,0.0,-1.3538583720198918,0.43400426158643884,-0.22996352760836325,-11.447771202688509,Neutro,12.377677718625328
2023-06-17,0.0,0.0,-1.345124187678037,0.0,-0.3362810469195093,-16.657372574784272,Neutro,12.377677718625328
2023-06-18,0.0,0.0,-1.336487562684811,0.0,-0.33412189067120274,-16.55239140894798,Neutro,12.377677718625328
2023-06-19,0.0,0.0,-1.6048310221563657,0.4304946059704337,-0.293584104046483,-14.574670729006254,Neutro,12.377677718625328
2023-06-20,0.0,0.0,-1.9889005814676803,-0.4567689054726378,-0.6114173717350795,-29.6528111797415,Pressão moderada de queda,12.377677718625328
2023-06-21,0.0,0.0,-2.352923622564826,-1.3349349458642006,-0.9219646421072567,-43.088449178387336,Pressão moderada de queda,12.377677718625328
2023-06-22,0.0,0.0,-1.8947687016226165,-0.44615395152396664,-0.5852306632866457,-28.454018342697918,Pressão moderada de queda,12.377677718625328
2023-06-23,0.0,0.0,-1.2100409379555224,-0.8877325463129979,-0.5244433710671301,-25.637237340035373,Pressão moderada de queda,12.377677718625328
2023-06-24,0.0,0.0,-1.2001567638998971,0.0,-0.3000391909749743,-14.890419468656505,Neutro,12.377677718625328
2023-06-25,0.0,0.0,-1.1903827407906868,0.0,-0.2975956851976717,-14.770931428093053,Neutro,12.377677718625328
2023-06-26,0.0,0.0,-1.0091005401678668,-2.1917914841134545,-0.8002230060703304,-38.00443645347209,Pressão moderada de queda,12.377677718625328
2023-06-27,0.0,0.0,-0.8789178253827757,-1.7368815203332453,-0.6539498364290053,-31.57999929421559,Pressão moderada de queda,12.377677718625328
2023-06-28,0.0,0.0,-0.1809349649667701,-1.2889026814387474,-0.3674594116013794,-18.168988071837127,Neutro,12.377677718625328
2023-06-29,0.0,0.0,-0.16709299897504423,-2.13495500668556,-0.575512001415151,-28.006813087011317,Pressão moderada de queda,12.377677718625328
2023-06-30,0.0,0.0,-0.3397191687781217,-1.26361855867649,-0.400834431863653,-19.777624962951837,Neutro,11.844168420734482
2023-07-01,0.0,0.0,-0.34503972396386023,0.0,-0.08625993099096506,-4.3103242013069725,Neutro,11.844168420734482
2023-07-02,0.0,0.0,-0.35040865375027097,0.0,-0.08760216343756774,-4.3773091899100605,Neutro,11.844168420734482
2023-07-03,0.0,0.0,-0.5406933470824246,0.45650130962397956,-0.02104800936461125,-1.0523616171946157,Neutro,11.844168420734482
2023-07-04,0.0,0.0,-0.12470710814184201,-1.2598961494270848,-0.3461508143922317,-17.13677025517748,Neutro,11.844168420734482
2023-07-05,0.0,0.0,0.39485836021265097,-1.2598961494270848,-0.21625944730360847,-10.771026635191964,Neutro,11.844168420734482
2023-07-06,0.0,0.0,0.958573163836971,-0.8276947201192036,0.03271961092944184,1.6358346090538707,Neutro,11.844168420734482
2023-07-07,0.0,0.0,0.7491834772316416,-0.3951572582171884,0.0885065547536133,4.422441214825454,Neutro,11.844168420734482
2023-07-08,0.0,0.0,0.7530720666902324,0.0,0.1882680166725581,9.385694322799983,Neutro,11.844168420734482
2023-07-09,0.0,0.0,0.7569858567125309,0.0,0.18924646417813273,9.434183504372392,Neutro,11.844168420734482
2023-07-10,0.0,0.0,1.1328731448785527,-0.3951572582171884,0.18442897166534108,9.195398953965652,Neutro,11.844168420734482
2023-07-11,0.0,0.0,1.199177112054334,-0.8218212337156813,0.09433896958466317,4.713453248872193,Neutro,11.844168420734482
2023-07-12,0.0,0.0,0.5266063014916375,0.46105106659138584,0.24691434202075582,12.28337403057724,Neutro,11.844168420734482
2023-07-13,0.0,0.0,0.5436067062704265,0.457600606878946,0.25030182828734315,12.450157943946556,Neutro,11.844168420734482
2023-07-14,0.0,0.0,0.42151018480318153,-1.250198031872646,-0.20717196176736613,-10.321706973855468,Neutro,11.844168420734482
2023-07-15,0.0,0.0,0.4153400446119501,0.0,0.10383501115298753,5.187090919261448,Neutro,11.844168420734482
2023-07-16,0.0,0.0,0.4091436825030816,0.0,0.1022859206257704,5.109841703224138,Neutro,11.844168420734482
2023-07-17,0.0,0.0,0.8071750801138292,-1.2433331513673593,-0.10903951781338253,-5.446580480330346,Neutro,11.844168420734482
2023-07-18,0.0,0.0,0.3789146592650596,-1.2365300686931706,-0.21440385235702775,-10.679314133420135,Neutro,11.844168420734482
2023-07-19,0.0,0.0,-0.24956332950687882,-0.3883918489314159,-0.15948879460957366,-7.9575790141904035,Neutro,11.844168420734482
2023-07-20,0.0,0.0,-0.36332199404085913,-0.3883918489314159,-0.18792846074306874,-9.368865817872475,Neutro,11.844168420734482
2023-07-21,0.0,0.0,-0.15061710461262046,-1.6513730960440305,-0.4504975501641627,-22.151504888918826,Pressão moderada de queda,11.844168420734482
2023-07-22,0.0,0.0,-0.14562076850492023,0.0,-0.03640519212623006,-1.8200585946813685,Neutro,11.844168420734482
2023-07-23,0.0,0.0,-0.1406005212497819,0.0,-0.035150130312445474,-1.7573255833982873,Neutro,11.844168420734482
2023-07-24,0.0,0.0,-0.10346226297797233,-0.8022066395872106,-0.22641722564129574,-11.272744500099344,Neutro,11.844168420734482
2023-07-25,0.0,0.0,-0.22892979641868375,-0.3792859844073423,-0.1520539452065065,-7.588082930076161,Neutro,11.844168420734482
2023-07-26,0.0,0.0,-0.8042506813483973,-0.7997338742834237,-0.40099613890795527,-19.78539392876801,Neutro,11.844168420734482
2023-07-27,0.0,0.0,-1.2926119098132394,-0.7972690417865458,-0.5224702378999463,-25.54504177855574,Pressão moderada de queda,11.844168420734482
2023-07-28,0.0,0.0,-1.0844764362774935,-0.3751854314289627,-0.36491546692661403,-18.045961407376478,Neutro,11.844168420734482
2023-07-29,0.0,0.0,-1.0766141748337466,0.0,-0.26915354370843664,-13.377017878046239,Neutro,11.844168420734482
2023-07-30,0.0,0.0,-1.0688229882614553,0.0,-0.2672057470653638,-13.281358352278755,Neutro,11.844168420734482
2023-07-31,0.0,0.0,-0.8614674647060686,-1.2127620581746184,-0.5185573807201718,-25.36207436961509,Pressão moderada de queda,11.644540479651994
2023-08-01,0.0,0.0,-0.7407008760621837,-1.2062284672326176,-0.48673233582370035,-23.867270524514634,Pressão moderada de queda,11.644540479651994
2023-08-02,0.0,0.0,0.36764564113752807,-1.1997509008886174,-0.20802631493777232,-10.363967662619965,Neutro,11.644540479651994
2023-08-03,0.0,0.0,1.0546329774283019,-1.1899670322095366,-0.03383351369530868,-1.6915143305353806,Neutro,11.644540479651994
2023-08-04,0.0,0.0,0.9826275660726205,-1.18083233618386,-0.04955119252780987,-2.477052817212293,Neutro,11.644540479651994
2023-08-05,0.0,0.0,1.010394817372127,0.0,0.2525987043430318,12.563205380423037,Neutro,11.644540479651994
2023-08-06,0.0,0.0,1.039726579915755,0.0,0.2599316449789387,12.92389771011393,Neutro,11.644540479651994
2023-08-07,0.0,0.0,1.116772485832457,-1.174535117723879,-0.014440657972855486,-0.7220203516211221,Neutro,11.644540479651994
2023-08-08,0.0,0.0,1.5904552437430506,-1.1682898798388828,0.10554134097604195,5.2721740726611,Neutro,11.644540479651994
2023-08-09,0.0,0.0,1.4318479651408695,-1.1620957590091479,0.06743805153293042,3.3706252371727135,Neutro,11.644540479651994
2023-08-10,0.0,0.0,1.039341573280754,-1.1559519112449959,-0.02915258449106045,-1.4575259999934598,Neutro,11.644540479651994
2023-08-11,0.0,0.0,1.5854819675967957,-1.1498575115160374,0.10890611402018957,5.43993005379674,Neutro,11.644540479651994
2023-08-12,0.0,0.0,1.570152960495217,0.0,0.3925382401238042,19.378715862508358,Neutro,11.644540479651994
2023-08-13,0.0,0.0,1.5550958519653582,0.0,0.38877396299133954,19.197504207831443,Neutro,11.644540479651994
2023-08-14,0.0,0.0,2.362758450423773,-0.3231411266314685,0.5099043309480761,24.956809428319758,Pressão moderada de alta,11.644540479651994
2023-08-15,0.0,0.0,2.602416130640073,-1.1438117532006726,0.36465109435985005,18.03317294757206,Neutro,11.644540479651994
2023-08-16,0.0,0.0,2.645340207503285,-1.1378138475550081,0.37688158998706917,18.624152146020727,Neutro,11.644540479651994
2023-08-17,0.0,0.0,2.8113001598647074,-1.131863023200377,0.4198592841660826,20.68991546226045,Pressão moderada de alta,11.644540479651994
2023-08-18,0.0,0.0,2.623842704758079,-1.1259585256287044,0.3744710447823436,18.507779416754918,Neutro,11.644540479651994
2023-08-19,0.0,0.0,2.5779926614057436,0.0,0.6444981653514359,31.15391359960824,Pressão moderada de alta,11.644540479651994
2023-08-20,0.0,0.0,2.534081335711196,0.0,0.633520333927799,30.657451626211984,Pressão moderada de alta,11.644540479651994
2023-08-21,0.0,0.0,2.4510909200140016,-0.7142991539085457,0.434197941526364,21.375130260326337,Pressão moderada de alta,11.644540479651994
2023-08-22,0.0,0.0,1.7391852724014554,-0.7120853128221126,0.2567749898948357,12.768669656391808,Neutro,11.644540479651994
2023-08-23,0.0,0.0,1.024256910448213,-0.30332563439119603,0.18023281901425425,8.987325519872542,Neutro,11.644540479651994
2023-08-24,0.0,0.0,0.1887689719733348,-0.30332563439119603,-0.028639165604465305,-1.4318604136862634,Neutro,11.644540479651994
2023-08-25,0.0,0.0,0.3718072408657674,-0.7098774954456074,-0.08451756364496,-4.223364446891949,Neutro,11.644540479651994
2023-08-26,0.0,0.0,0.36899962109004897,0.0,0.09224990527251224,4.609226999708009,Neutro,11.644540479651994
2023-08-27,0.0,0.0,0.36619516005695535,0.0,0.09154879001423884,4.574245148866217,Neutro,11.644540479651994
2023-08-28,0.0,0.0,0.15881455825765936,-0.3014548268330662,-0.035660067143851705,-1.7828144362929768,Neutro,11.644540479651994
2023-08-29,0.0,0.0,-0.22166455020180706,-0.3014548268330662,-0.1307798442587183,-6.529688226564264,Neutro,11.644540479651994
2023-08-30,0.0,0.0,-0.095539641737413,-0.2959727149721677,-0.09787808917739518,-4.890001182075473,Neutro,11.644540479651994
2023-08-31,0.0,0.0,0.8323744599917939,-0.2904690676289696,0.13547634809070608,6.763475920809167,Neutro,11.534708241563505
2023-09-01,0.0,0.0,0.5617070558507745,0.5285127193376614,0.272554943797109,13.544006420080134,Neutro,11.534708241563505
2023-09-02,0.0,0.0,0.5583103725278322,0.0,0.13957759313195806,6.967571530884737,Neutro,11.534708241563505
2023-09-03,0.0,0.0,0.5549227708118104,0.0,0.1387306927029526,6.925430841226245,Neutro,11.534708241563505
2023-09-04,0.0,0.0,-0.05614653265103214,-0.29361817740981194,-0.08744117751521102,-4.369275288626798,Neutro,11.534708241563505
2023-09-05,0.0,0.0,0.11658992140819988,-0.29361817740981194,-0.04425706400040302,-2.212492080054141,Neutro,11.534708241563505
2023-09-06,0.0,0.0,0.20139280667238177,-0.29361817740981194,-0.023056342684357543,-1.1527660676198028,Neutro,11.534708241563505
2023-09-07,0.0,0.0,0.16424245514669064,-0.29361817740981194,-0.032343930565780325,-1.61705555990674,Neutro,11.534708241563505
2023-09-08,0.0,0.0,0.3044325472654907,-0.29361817740981194,0.002703592463919685,0.1351795408557454,Neutro,11.534708241563505
2023-09-09,0.0,0.0,0.30329316149245844,0.0,0.07582329037311461,3.789349224418761,Neutro,11.534708241563505
2023-09-10,0.0,0.0,0.30215455678846526,0.0,0.07553863919711631,3.775137025835027,Neutro,11.534708241563505
2023-09-11,0.0,0.0,-0.20121074532963787,-0.29361817740981194,-0.12370723068486245,-6.177485458004004,Neutro,11.534708241563505
2023-09-12,0.0,0.0,0.27762895329355847,-0.29361817740981194,-0.003997306029063369,-0.19986503532535843,Neutro,11.534708241563505
2023-09-13,0.0,0.0,0.3862764707224758,-0.7024793335696318,-0.079050715711789,-3.9504787828375196,Neutro,11.534708241563505
2023-09-14,0.0,0.0,0.22243344825677663,-0.29174895756140157,-0.017328877326156233,-0.8664221849239304,Neutro,11.534708241563505
2023-09-15,0.0,0.0,0.14732763303749422,-0.29174895756140157,-0.03610533113097684,-1.8050704707486658,Neutro,11.534708241563505
2023-09-16,0.0,0.0,0.14778840685049258,0.0,0.036947101712623144,1.8471449640762707,Neutro,11.534708241563505
2023-09-17,0.0,0.0,0.1482492960835414,0.0,0.03706232402088535,1.852904107693735,Neutro,11.534708241563505
2023-09-18,0.0,0.0,-0.13101265272276388,-0.29174895756140157,-0.10569040257104137,-5.279606406746836,Neutro,11.534708241563505
2023-09-19,0.0,0.0,0.10704568114132336,-0.29174895756140157,-0.046175819105019555,-2.3083808078234016,Neutro,11.534708241563505
2023-09-20,0.0,0.0,0.07663276424259934,-0.2862297072554696,-0.05239923575321756,-2.6193624875057417,Neutro,11.534708241563505
2023-09-21,0.0,0.0,0.23002300477136248,-0.2806872334385551,-0.01266605716679816,-0.6332943917968283,Neutro,11.534708241563505
2023-09-22,0.0,0.0,0.05842415906377106,-0.2806872334385551,-0.05556576859369601,-2.7775738072166907,Neutro,11.534708241563505
2023-09-23,0.0,0.0,0.05808017996121157,0.0,0.014520044990302893,0.7259894944262953,Neutro,11.534708241563505
2023-09-24,0.0,0.0,0.0577362112552284,0.0,0.0144340528138071,0.7216901108776186,Neutro,11.534708241563505
2023-09-25,0.0,0.0,0.5909303605606081,-0.2806872334385551,0.07756078178051325,3.87609617262144,Neutro,11.534708241563505
2023-09-26,0.0,0.0,0.22181064399787118,-0.2806872334385551,-0.014719147360170985,-0.7359440809971075,Neutro,11.534708241563505
2023-09-27,0.0,0.0,0.6601987905219093,-0.2806872334385551,0.09487788927083855,4.740339026130252,Neutro,11.534708241563505
2023-09-28,0.0,0.0,0.8175327413262841,-0.2893806538196671,0.13203802187665425,6.592326302664493,Neutro,11.534708241563505
2023-09-29,0.0,0.0,0.40777334973320056,-0.2982337208953136,0.027384907209471746,1.3691597966839153,Neutro,11.608066666666666
2023-09-30,0.0,0.0,0.4061913516553309,0.0,0.10154783791383272,5.073033233662829,Neutro,11.608066666666666
2023-10-01,0.0,0.0,0.40461128132624613,0.0,0.10115282033156153,5.053332987618328,Neutro,11.608066666666666
2023-10-02,0.0,0.0,1.3281547004487815,-0.2982337208953136,0.25748024488836696,12.803355922773124,Neutro,11.608066666666666
2023-10-03,0.0,0.0,1.5563661440953391,-1.1290631518908898,0.10682574805111233,5.336213743614107,Neutro,11.608066666666666
2023-10-04,0.0,0.0,2.2159524445261214,-0.2909956577038375,0.48123919670557097,23.608090059624594,Pressão moderada de alta,11.608066666666666
2023-10-05,0.0,0.0,2.736333631267055,-0.2909956577038375,0.6113344933908045,29.649031586256395,Pressão moderada de alta,11.608066666666666
2023-10-06,0.0,0.0,2.9196750638187727,-0.28929387824162567,0.6575952963942868,31.743999689573148,Pressão moderada de alta,11.608066666666666
2023-10-07,0.0,0.0,2.8676674821764814,0.0,0.7169168705441203,34.38554599677686,Pressão moderada de alta,11.608066666666666
2023-10-08,0.0,0.0,2.8181076471057795,0.0,0.7045269117764449,33.838136297255325,Pressão moderada de alta,11.608066666666666
2023-10-09,0.0,0.0,2.6985704634240193,-0.28929387824162567,0.6023191462955984,29.23734218840205,Pressão moderada de alta,11.608066666666666
2023-10-10,0.0,0.0,1.9631458703478681,-0.28929387824162567,0.4184629980265606,20.623080071294073,Pressão moderada de alta,11.608066666666666
2023-10-11,0.0,0.0,1.7159028358008501,-0.28929387824162567,0.3566522393898061,17.64595894698358,Neutro,11.608066666666666
2023-10-12,0.0,0.0,1.0720149230940674,-0.2860941394004893,0.19648019592339455,9.792527105685016,Neutro,11.608066666666666
2023-10-13,0.0,0.0,1.2519943919527066,0.13306704158162289,0.34626535838358236,17.142329210143462,Neutro,11.608066666666666
2023-10-14,0.0,0.0,1.242913469860924,0.0,0.310728367465231,15.412607480940308,Neutro,11.608066666666666
2023-10-15,0.0,0.0,1.2339336117020256,0.0,0.3084834029255064,15.303006778099482,Neutro,11.608066666666666
2023-10-16,0.0,0.0,0.8305168013563522,-0.28289479184311356,0.13690550237830967,6.83460330497571,Neutro,11.608066666666666
2023-10-17,0.0,0.0,0.5497674632769045,-0.2796957317391963,0.06751793288442705,3.374614761668624,Neutro,11.608066666666666
2023-10-18,0.0,0.0,0.23746666609410955,-0.27649685500697624,-0.009757547228216673,-0.4878734905584518,Neutro,11.608066666666666
2023-10-19,0.0,0.0,0.06680981707001693,-0.27329805729500095,-0.051622060056246005,-2.5805299705988416,Neutro,11.608066666666666
2023-10-20,0.0,0.0,0.37764570240898854,-0.2700992339637358,0.026886617111313182,1.3442498777883127,Neutro,11.608066666666666
2023-10-21,0.0,0.0,0.3778958242655219,0.0,0.09447395606638047,4.720187556792855,Neutro,11.608066666666666
2023-10-22,0.0,0.0,0.378146011030207,0.0,0.09453650275755175,4.723307918989506,Neutro,11.608066666666666
2023-10-23,0.0,0.0,-0.39071469103572715,-0.2740693955195597,-0.16619602163882172,-8.290726599977805,Neutro,11.608066666666666
2023-10-24,0.0,0.0,-0.7921468719655497,-0.27596542372373417,-0.267028073922321,-13.272631294989711,Neutro,11.608066666666666
2023-10-25,0.0,0.0,-1.1726205321087544,-0.27031284198253147,-0.3607333435228215,-17.843588849436664,Neutro,11.608066666666666
2023-10-26,0.0,0.0,-1.2457484656207758,-0.26463256957602144,-0.3775952587991993,-18.658595583738073,Neutro,11.608066666666666
2023-10-27,0.0,0.0,-1.8224347602926563,-0.26140465555802256,-0.5209598539626697,-25.474436973295216,Pressão moderada de queda,11.608066666666666
2023-10-28,0.0,0.0,-1.803117948511082,0.0,-0.4507794871277705,-22.164909601354594,Pressão moderada de queda,11.608066666666666
2023-10-29,0.0,0.0,-1.7842308368806505,0.0,-0.44605770922016263,-21.94030223995675,Pressão moderada de queda,11.608066666666666
2023-10-30,0.0,0.0,-1.137119627712427,-0.2568396441738103,-0.3484898179715593,-17.250263173756487,Neutro,11.608066666666666
2023-10-31,0.0,0.0,-0.1398583149773499,-0.2522644645660535,-0.09803069488585085,-4.89761319345784,Neutro,11.62167536231884
2023-11-01,0.0,0.0,-0.14937750135919442,-0.2541591032675635,-0.10088415115668949,-5.0399337419106045,Neutro,11.62167536231884
2023-11-02,0.0,0.0,-0.14436474384961684,-0.25605765308031225,-0.10010559923248227,-5.001104265579275,Neutro,11.62167536231884
2023-11-03,0.0,0.0,-1.2415211531115864,-0.25434391747396967,-0.373966267646389,-18.48340394835751,Neutro,11.62167536231884
2023-11-04,0.0,0.0,-1.2312817958667706,0.0,-0.30782044896669264,-15.270633698663888,Neutro,11.62167536231884
2023-11-05,0.0,0.0,-1.2211617978256757,0.0,-0.3052904494564189,-15.147059799301992,Neutro,11.62167536231884
2023-11-06,0.0,0.0,-1.138116713624601,-0.2485853373416144,-0.3466755127415539,-17.162233589352667,Neutro,11.62167536231884
2023-11-07,0.0,0.0,-1.2085685430334052,-0.24279451311796194,-0.36284076403784177,-17.945585713329475,Neutro,11.62167536231884
2023-11-08,0.0,0.0,-1.194189395706557,-0.23816364095615658,-0.3580882591656784,-17.71551537280858,Neutro,11.62167536231884
2023-11-09,0.0,0.0,-1.0491787248369173,-0.2323174031761934,-0.3203740320032777,-15.883080781729072,Neutro,11.62167536231884
2023-11-10,0.0,0.0,-0.8724898919937408,-0.22643521930628877,-0.2747312778250074,-13.65081120351298,Neutro,11.62167536231884
2023-11-11,0.0,0.0,-0.8686952578200036,0.0,-0.2171738144550009,-10.816212362923224,Neutro,11.62167536231884
2023-11-12,0.0,0.0,-0.8649187134103401,0.0,-0.21622967835258503,-10.769555453508751,Neutro,11.62167536231884
2023-11-13,0.0,0.0,-0.5647753626820662,-0.2205156172834421,-0.19632274499137709,-9.78472999166397,Neutro,11.62167536231884
2023-11-14,0.0,0.0,-0.9213714299348779,-0.21720867581117642,-0.28464502643651357,-14.136928849557995,Neutro,11.62167536231884
2023-11-15,0.0,0.0,-0.8555937141192537,-0.21248805639848883,-0.26702044262943564,-13.272256451902992,Neutro,11.62167536231884
2023-11-16,0.0,0.0,-0.9918389139829795,-0.20917162147813462,-0.30025263386527856,-14.900854819612325,Neutro,11.62167536231884
2023-11-17,0.0,0.0,-0.3389417100504243,-0.2058525306947923,-0.13619856018630416,-6.79942045960099,Neutro,11.62167536231884
2023-11-18,0.0,0.0,-0.3374663502853937,0.0,-0.08436658757134842,-4.215829083857552,Neutro,11.62167536231884
2023-11-19,0.0,0.0,-0.33599233804693224,0.0,-0.08399808451173306,-4.197436535636861,Neutro,11.62167536231884
2023-11-20,0.0,0.0,-0.880491071787691,-0.20253065576264992,-0.2707554318875852,-13.455670596885197,Neutro,11.62167536231884
2023-11-21,0.0,0.0,-1.1804792449143913,-0.19920586746209984,-0.34492127809412276,-17.077092543488213,Neutro,11.62167536231884
2023-11-22,0.0,0.0,-0.7669307315301612,-0.19587803560951117,-0.24070219178491808,-11.977337226314875,Neutro,11.62167536231884
2023-11-23,0.0,0.0,-0.7887897125539804,-0.19413776927796517,-0.2457318704579864,-12.225138294030023,Neutro,11.62167536231884
2023-11-24,0.0,0.0,0.20175343848124322,-0.19413776927796517,0.0019039173008195132,0.09519583628468652,Neutro,11.62167536231884
2023-11-25,0.0,0.0,0.20461876187872205,0.0,0.05115469046968051,2.5571769122552626,Neutro,11.62167536231884
2023-11-26,0.0,0.0,0.2074937658788644,0.0,0.0518734414697161,2.5930906305521173,Neutro,11.62167536231884
2023-11-27,0.0,0.0,0.15764813291512428,-0.19413776927796517,-0.009122409090710222,-0.45611729142928886,Neutro,11.62167536231884
2023-11-28,0.0,0.0,0.35374301560288857,-0.19080628655928328,0.04073418226090132,2.0364275382933252,Neutro,11.62167536231884
2023-11-29,0.0,0.0,0.2600112427982619,-0.18906594957029382,0.017736323306992013,0.8867929184046724,Neutro,11.62167536231884
2023-11-30,0.0,0.0,0.4750032308858314,-0.1873260021395749,0.07191930718656413,3.5944161836531485,Neutro,10.892809414420705
2023-12-01,0.0,0.0,0.17926099466588133,-0.18558642835273131,-0.0015813584217124962,-0.0790679046085696,Neutro,10.892809414420705
2023-12-02,0.0,0.0,0.18223836390557016,0.0,0.04555959097639254,2.2775856015709923,Neutro,10.892809414420705
2023-12-03,0.0,0.0,0.1852260198243808,0.0,0.0463065049560952,2.3149116086395916,Neutro,10.892809414420705
2023-12-04,0.0,0.0,0.08510861039876265,-0.18384721230014955,-0.024684650475346726,-1.2341698561413705,Neutro,10.892809414420705
2023-12-05,0.0,0.0,0.8796863347383541,-0.18384721230014955,0.17395978060955114,8.676120324693454,Neutro,10.892809414420705
2023-12-06,0.0,0.0,0.4847030949158965,-0.18384721230014955,0.07521397065393674,3.7589266348033776,Neutro,10.892809414420705
2023-12-07,0.0,0.0,0.5036902051067116,-0.18384721230014955,0.07996074820164051,3.9959085764586275,Neutro,10.892809414420705
2023-12-08,0.0,0.0,0.4461415733543978,-0.18384721230014955,0.06557359026356206,3.277505186451125,Neutro,10.892809414420705
2023-12-09,0.0,0.0,0.44222992319319837,0.0,0.11055748079829959,5.522250333292013,Neutro,10.892809414420705
2023-12-10,0.0,0.0,0.43832344537387624,0.0,0.10958086134346906,5.473566962905501,Neutro,10.892809414420705
2023-12-11,0.0,0.0,0.7596598912226556,-0.18384721230014955,0.14395316973062652,7.185254724071542,Neutro,10.892809414420705
2023-12-12,0.0,0.0,0.7148656255823761,-0.18384721230014955,0.13275460332055664,6.627998822032442,Neutro,10.892809414420705
2023-12-13,0.0,0.0,0.6605628942585937,-0.18384721230014955,0.11917892048961104,5.951902813578065,Neutro,10.892809414420705
2023-12-14,0.0,0.0,0.14760087446646294,-0.18384721230014955,-0.009061584458421652,-0.4530761226646296,Neutro,10.892809414420705
2023-12-15,0.0,0.0,0.5367944598293501,-0.18384721230014955,0.08823681188230015,4.408980369189629,Neutro,10.892809414420705
2023-12-16,0.0,0.0,0.5309517033497896,0.0,0.1327379258374474,6.627168610658033,Neutro,10.892809414420705
2023-12-17,0.0,0.0,0.5251076734622776,0.0,0.1312769183655694,6.554435561463502,Neutro,10.892809414420705
2023-12-18,0.0,0.0,0.5015782162171771,-0.18384721230014955,0.0794327509792569,3.9695505913092037,Neutro,10.892809414420705
2023-12-19,0.0,0.0,-0.03760689521079638,-0.18384721230014955,-0.055363526877736484,-2.767469494462615,Neutro,10.892809414420705
2023-12-20,0.0,0.0,-0.016167924533301674,-0.18384721230014955,-0.05000378420836281,-2.4996683890440115,Neutro,10.892809414420705
2023-12-21,0.0,0.0,-0.3852304813886874,-0.18384721230014955,-0.14226942342220922,-7.101497003180408,Neutro,10.892809414420705
2023-12-22,0.0,0.0,-0.37722060581984185,-0.18384721230014955,-0.14026695452999785,-7.001871443364245,Neutro,10.892809414420705
2023-12-23,0.0,0.0,-0.3914424101089972,0.0,-0.0978606025272493,-4.889128939908921,Neutro,10.892809414420705
2023-12-24,0.0,0.0,-0.40617380017098703,0.0,-0.10154345004274676,-5.072814404708104,Neutro,10.892809414420705
2023-12-25,0.0,0.0,-0.330960957452887,-0.17772311186585835,-0.12717101732968633,-6.349995247916036,Neutro,10.892809414420705
2023-12-26,0.0,0.0,-0.930090571058267,-0.17772311186585835,-0.27695342073103135,-13.759831346667342,Neutro,10.892809414420705
2023-12-27,0.0,0.0,-0.5610679912861739,-0.17772311186585835,-0.18469777578800806,-9.208725351171013,Neutro,10.892809414420705
2023-12-28,0.0,0.0,-0.39496414102681104,-0.17772311186585835,-0.14317181322316735,-7.146387508546868,Neutro,10.892809414420705
2023-12-29,0.0,0.0,-0.5760286114663645,-0.17772311186585835,-0.1884379308330557,-9.394115123898036,Neutro,10.892809414420705
2023-12-30,0.0,0.0,-0.5741143236706147,0.0,-0.14352858091765366,-7.164134564688515,Neutro,10.892809414420705
2023-12-31,0.0,0.0,-0.5722039314824174,0.0,-0.14305098287060436,-7.1403768195215935,Neutro,10.892809414420705
2024-01-01,0.0,0.0,-0.8117060175562693,-0.17772311186585835,-0.2473572823555319,-12.305186296560336,Neutro,10.892809414420705
2024-01-02,0.0,0.0,-0.40001607087151886,-0.17772311186585835,-0.1444347956843443,-7.209211280125596,Neutro,10.892809414420705
2024-01-03,0.0,0.0,-0.22929578133891929,-0.17772311186585835,-0.10175472330119441,-5.083350827184317,Neutro,10.892809414420705
2024-01-04,0.0,0.0,0.33451820187303455,-0.17772311186585835,0.03919877250179405,1.959687702688671,Neutro,10.892809414420705
2024-01-05,0.0,0.0,-0.348053049669717,-0.17772311186585835,-0.13144404038389385,-6.56275571845902,Neutro,10.892809414420705
2024-01-06,0.0,0.0,-0.34869577697591997,0.0,-0.08717394424397999,-4.355939055459375,Neutro,10.892809414420705
2024-01-07,0.0,0.0,-0.34933893725868037,0.0,-0.08733473431467009,-4.363963276557241,Neutro,10.892809414420705
2024-01-08,0.0,0.0,-0.39519228959525304,-0.17772311186585835,-0.14322885036527785,-7.149224795191192,Neutro,10.892809414420705
2024-01-09,0.0,0.0,0.3315159503240326,-0.17155069082443405,0.03999131487489963,1.9992992933565739,Neutro,10.892809414420705
2024-01-10,0.0,0.0,0.2095246214673042,-0.1666892157403186,0.010708851431746394,0.5354374546221803,Neutro,10.892809414420705
2024-01-11,0.0,0.0,0.12763245558114,-0.1633066712333017,-0.008918553913040424,-0.4459247398956808,Neutro,10.892809414420705
2024-01-12,0.0,0.0,0.025861327106278732,-0.15991950747505765,-0.03351454509219473,-1.6755704207008775,Neutro,10.892809414420705
2024-01-13,0.0,0.0,0.026978586913522593,0.0,0.006744646728380648,0.3372310580259735,Neutro,10.892809414420705
2024-01-14,0.0,0.0,0.02809629841357399,0.0,0.0070240746033934974,0.3512022862136658,Neutro,10.892809414420705
2024-01-15,0.0,0.0,0.22748524682406326,-0.15652757760630967,0.0177394173044384,0.8869476061092455,Neutro,10.892809414420705
2024-01-16,0.0,0.0,0.6984522235787144,-0.1502126025401471,0.13705990525964182,6.842287346298518,Neutro,10.892809414420705
2024-01-17,0.0,0.0,1.024692947244468,-0.14384128275523944,0.22021291612230712,10.966364922611799,Neutro,10.892809414420705
2024-01-18,0.0,0.0,0.9703120022084267,-0.13741131874874,0.20822517086492168,10.37380356019828,Neutro,10.892809414420705
2024-01-19,0.0,0.0,0.8021937984100849,-0.13092030266054938,0.16781837393738386,8.37128120851202,Neutro,10.892809414420705
2024-01-20,0.0,0.0,0.7956185024163414,0.0,0.19890462560408534,9.91257184453829,Neutro,10.892809414420705
2024-01-21,0.0,0.0,0.7890745485744503,0.0,0.19726863714361256,9.83156962518553,Neutro,10.892809414420705
2024-01-22,0.0,0.0,1.021207200706032,-0.12436571102661742,0.22421037241985364,11.163790507656374,Neutro,10.892809414420705
2024-01-23,0.0,0.0,0.757064986866209,-0.12436571102661742,0.1581748189598979,7.892292852737344,Neutro,10.892809414420705
2024-01-24,0.0,0.0,0.022517909485013768,-0.11774489693321277,-0.02380674686204975,-1.1902811265372553,Neutro,10.892809414420705
2024-01-25,0.0,0.0,0.07753975032280949,-0.11105508151212623,-0.008378832797329185,-0.41893918890613313,Neutro,10.892809414420705
2024-01-26,0.0,0.0,0.2392512765284737,-0.10429334470970184,0.033739482954692965,1.686814134983647,Neutro,10.892809414420705
2024-01-27,0.0,0.0,0.2379090289311991,0.0,0.05947725723279978,2.9729864907334687,Neutro,10.892809414420705
2024-01-28,0.0,0.0,0.23656745403444912,0.0,0.05914186350861228,2.9562315432840833,Neutro,10.892809414420705
2024-01-29,0.0,0.0,0.3676458728777762,-0.0974566152545494,0.0675473144058067,3.3760821640225576,Neutro,10.892809414420705
2024-01-30,0.0,0.0,0.6534111788835331,-0.09054165973964376,0.14071737978597232,7.024281939188979,Neutro,10.892809414420705
2024-01-31,0.0,0.0,0.5891823092646393,-0.0776200453324056,0.12789056598305842,6.385826790657929,Neutro,10.425881490763949
2024-02-01,0.0,0.0,0.5178858759208141,-0.06400616120830982,0.11346992867812608,5.667416871797333,Neutro,10.425881490763949
2024-02-02,0.0,0.0,0.8524847313952871,-0.0495917094333602,0.20072325549048173,10.002601714564454,Neutro,10.425881490763949
2024-02-03,0.0,0.0,0.8496535972837945,0.0,0.21241339932094863,10.580916089482614,Neutro,10.425881490763949
2024-02-04,0.0,0.0,0.8468329823189369,0.0,0.21170824557973422,10.546051833429653,Neutro,10.425881490763949
2024-02-05,0.0,0.0,1.1578716196286607,-0.04167227038656576,0.27904983731052374,13.862652704117323,Neutro,10.425881490763949
2024-02-06,0.0,0.0,0.5851492610904285,-0.02591588325219821,0.1398083444595576,6.979052993430948,Neutro,10.425881490763949
2024-02-07,0.0,0.0,0.2457015860282732,-0.008981644601353285,0.059179985356729976,2.9581359688243443,Neutro,10.425881490763949
2024-02-08,0.0,0.0,0.3690194652613339,0.009372365413539,0.09459795766871822,4.726373804913169,Neutro,10.425881490763949
2024-02-09,0.0,0.0,0.4519471438343343,0.014098548055751422,0.11651142297252144,5.818989947916381,Neutro,10.425881490763949
2024-02-10,0.0,0.0,0.45124794311153604,0.0,0.11281198577788401,5.6346247809463605,Neutro,10.425881490763949
2024-02-11,0.0,0.0,0.45054924206548275,0.0,0.11263731051637069,5.6259187038702025,Neutro,10.425881490763949
2024-02-12,0.0,0.0,0.21291125010792014,0.021284716410853076,0.058548991629693306,2.926613597094462,Neutro,10.425881490763949
2024-02-13,0.0,0.0,0.015520119224019888,0.02609153967846475,0.01040291472562116,0.5201410454566755,Neutro,10.425881490763949
2024-02-14,0.0,0.0,0.4804887057648164,0.030927835012801372,0.12785413519440444,6.384012677131519,Neutro,10.425881490763949
2024-02-15,0.0,0.0,0.4297395727121239,0.035794336965873946,0.11638347741949945,5.812614308134337,Neutro,10.425881490763949
2024-02-16,0.0,0.0,0.5655963543870842,0.035794336965873946,0.15034767283823955,7.503255068074213,Neutro,10.425881490763949
2024-02-17,0.0,0.0,0.5605078552331829,0.0,0.14012696380829573,6.994906189222104,Neutro,10.425881490763949
2024-02-18,0.0,0.0,0.5554292595172534,0.0,0.13885731487931335,6.9317315574039435,Neutro,10.425881490763949
2024-02-19,0.0,0.0,0.3057124221846746,0.035794336965873946,0.08537668978763713,4.266243353141627,Neutro,10.425881490763949
2024-02-20,0.0,0.0,-0.21965839479645735,0.04069180060571314,-0.04474164854768605,-2.236709316622658,Neutro,10.425881490763949
2024-02-21,0.0,0.0,-0.22493731314021448,0.04562100233146054,-0.04482907770218848,-2.241078583090023,Neutro,10.425881490763949
2024-02-22,0.0,0.0,0.03539406566177141,0.05058274072775305,0.021494201597381114,1.0746687053795858,Neutro,10.425881490763949
2024-02-23,0.0,0.0,0.3059974364920226,0.055577837460684336,0.09039381848817674,4.516615888153518,Neutro,10.425881490763949
2024-02-24,0.0,0.0,0.29982074460969066,0.0,0.07495518615242266,3.7460056294712887,Neutro,10.425881490763949
2024-02-25,0.0,0.0,0.2936046649371468,0.0,0.0734011662342867,3.6684114250328745,Neutro,10.425881490763949
2024-02-26,0.0,0.0,-0.2682251345342829,0.055577837460684336,-0.053161824268399646,-2.6574653700393998,Neutro,10.425881490763949
2024-02-27,0.0,0.0,-0.1700757046676927,0.06060713821778211,-0.02736714161247765,-1.3682716832430335,Neutro,10.425881490763949
2024-02-28,0.0,0.0,-0.12733708371853703,0.05149799459224138,-0.01895977228157391,-0.9479602170763355,Neutro,10.425881490763949
2024-02-29,0.0,0.0,-0.06297548565928292,0.04218590735450767,-0.005197394576193812,-0.25986914382479626,Neutro,10.417990526710481
2024-03-01,0.0,0.0,-0.21220700157131028,0.0473071569810447,-0.041224961147566394,-2.0609561831689303,Neutro,10.417990526710481
2024-03-02,0.0,0.0,-0.21978074222536934,0.0,-0.054945185556342334,-2.7465683278518163,Neutro,10.417990526710481
2024-03-03,0.0,0.0,-0.22746811616485582,0.0,-0.056867029041213955,-2.8425854499689702,Neutro,10.417990526710481
2024-03-04,0.0,0.0,-0.3507733148960056,0.03554310899298931,-0.07880755147575408,-3.938339487238577,Neutro,10.417990526710481
2024-03-05,0.0,0.0,-0.34410516038056144,0.03554310899298931,-0.07714051284689304,-3.8551141262078876,Neutro,10.417990526710481
2024-03-06,0.0,0.0,-0.4385299516669047,0.03554310899298931,-0.10074671066847886,-5.033079149352852,Neutro,10.417990526710481
2024-03-07,0.0,0.0,-0.459987693972271,0.04632608582627254,-0.10341540203649963,-5.166166685861041,Neutro,10.417990526710481
2024-03-08,0.0,0.0,-0.13601610506806594,0.04632608582627254,-0.02242250481044835,-1.1210782706585514,Neutro,10.417990526710481
2024-03-09,0.0,0.0,-0.1390411825384663,0.0,-0.03476029563461658,-1.737839802432359,Neutro,10.417990526710481
2024-03-10,0.0,0.0,-0.14207621153380987,0.0,-0.035519052883452466,-1.7757659554425593,Neutro,10.417990526710481
2024-03-11,0.0,0.0,0.05139277394570489,0.051659968387807086,0.025763185583377993,1.2880880334752467,Neutro,10.417990526710481
2024-03-12,0.0,0.0,0.2586671718312389,0.0570349454293652,0.07892552931515102,3.944229216031711,Neutro,10.417990526710481
2024-03-13,0.0,0.0,0.35181356899683275,0.0653457278127075,0.10428982420238506,5.209770118021587,Neutro,10.417990526710481
2024-03-14,0.0,0.0,0.20361533686284983,0.07084408720768864,0.06861485601763462,3.4293974399534917,Neutro,10.417990526710481
2024-03-15,0.0,0.0,-0.05482986414761819,0.07638805049245831,0.0053895465862100304,0.2694766770152944,Neutro,10.417990526710481
2024-03-16,0.0,0.0,-0.05312296646636,0.0,-0.01328074161659,-0.6640273208685407,Neutro,10.417990526710481
2024-03-17,0.0,0.0,-0.0514152635443333,0.0,-0.012853815886083326,-0.642681945638063,Neutro,10.417990526710481
2024-03-18,0.0,0.0,0.16590245158272854,0.08197890646271248,0.06197033951136026,3.097525747401356,Neutro,10.417990526710481
2024-03-19,0.0,0.0,0.6340775090847243,0.08197890646271248,0.17901410388685918,8.926878651028035,Neutro,10.417990526710481
2024-03-20,0.0,0.0,0.4219646993325542,0.08197890646271248,0.12598590144881666,6.290976173863787,Neutro,10.417990526710481
2024-03-21,0.0,0.0,-0.15751105816958394,0.07938767440592572,-0.019530845940914556,-0.9765112560706409,Neutro,10.417990526710481
2024-03-22,0.0,0.0,0.16406636673809005,0.07938767440592572,0.06086351028600394,3.042236442282192,Neutro,10.417990526710481
2024-03-23,0.0,0.0,0.16352194625261227,0.0,0.040880486563153066,2.0437397088531375,Neutro,10.417990526710481
2024-03-24,0.0,0.0,0.16297762959072865,0.0,0.04074440739768216,2.036938583059047,Neutro,10.417990526710481
2024-03-25,0.0,0.0,0.2565584964055651,0.07938767440592572,0.0839865427028727,4.196860461799572,Neutro,10.417990526710481
2024-03-26,0.0,0.0,0.2436313020285092,0.07938767440592572,0.08075474410860872,4.035544351159611,Neutro,10.417990526710481
2024-03-27,0.0,0.0,0.31571839357733805,0.08501917884657799,0.10018439310597901,5.0050340979240655,Neutro,10.417990526710481
2024-03-28,0.0,0.0,0.4500794054866828,0.08501917884657799,0.13377464608331519,6.678775185041112,Neutro,10.417990526710481
2024-03-29,0.0,0.0,0.06194499685267038,0.10453758010165823,0.04162064423858215,2.080731853428288,Neutro,10.417990526710481
2024-03-30,0.0,0.0,0.05930851883505527,0.0,0.014827129708763818,0.7413429038527172,Neutro,10.417990526710481
2024-03-31,0.0,0.0,0.05666854171174555,0.0,0.014167135427936387,0.7083449239115284,Neutro,10.417990526710481
2024-04-01,0.0,0.0,0.5882192979037257,0.1256967165872191,0.17847900362273622,8.900336212978303,Neutro,10.417990526710481
2024-04-02,0.0,0.0,0.4924682222571159,0.13205447625137104,0.15613067462712174,7.790714108866167,Neutro,10.417990526710481
2024-04-03,0.0,0.0,0.740545562642208,0.1421763790762238,0.22068048542960797,10.989461643274279,Neutro,10.417990526710481
2024-04-04,0.0,0.0,0.2872396245073493,0.1368460128062914,0.10602140932841017,5.2961104674380195,Neutro,10.417990526710481
2024-04-05,0.0,0.0,0.39267231854671153,0.13148466036469733,0.13103924472785222,6.542602840508044,Neutro,10.417990526710481
2024-04-06,0.0,0.0,0.3864032717069737,0.0,0.09660081792674342,4.826288349761461,Neutro,10.417990526710481
2024-04-07,0.0,0.0,0.38010096207741323,0.0,0.09502524051935331,4.747690007357025,Neutro,10.417990526710481
2024-04-08,0.0,0.0,0.0834812009782984,0.12609130641875904,0.052393126849264365,2.61905725185144,Neutro,10.417990526710481
2024-04-09,0.0,0.0,-0.4972667309330017,0.12066490304805143,-0.09415045697123757,-4.704048517031891,Neutro,10.417990526710481
2024-04-10,0.0,0.0,0.31884007708711076,0.11520436817401611,0.10851111131528171,5.420238153496117,Neutro,10.417990526710481
2024-04-11,0.0,0.0,0.7549459507963378,0.11520436817401611,0.21753757974258847,10.834187488159886,Neutro,10.417990526710481
2024-04-12,0.0,0.0,1.2659753765679864,0.1097085838988611,0.3439209901167119,17.028532556514435,Neutro,10.417990526710481
2024-04-13,0.0,0.0,1.2593192733479979,0.0,0.31482981833699947,15.612745019563008,Neutro,10.417990526710481
2024-04-14,0.0,0.0,1.2527216925221203,0.0,0.3131804231305301,15.53227518114501,Neutro,10.417990526710481
2024-04-15,0.0,0.0,1.6559120047715956,0.10682791455504682,0.4406849798316606,21.684447123954463,Pressão moderada de alta,10.417990526710481
2024-04-16,0.0,0.0,2.5171356774000517,0.10995343256580682,0.6567722774914646,31.706990616721875,Pressão moderada de alta,10.417990526710481
2024-04-17,0.0,0.0,2.337327288829699,0.11308920404285301,0.612604123218138,29.706921737775872,Pressão moderada de alta,10.417990526710481
2024-04-18,0.0,0.0,2.2402802545119997,0.11966215055930197,0.5899856012678254,28.6723683899632,Pressão moderada de alta,10.417990526710481
2024-04-19,0.0,0.0,1.9868814388714813,0.12631208147790907,0.5282983800873475,25.817229754128114,Pressão moderada de alta,10.417990526710481
2024-04-20,0.0,0.0,1.9709024674636328,0.0,0.4927256168659082,24.149661499809138,Pressão moderada de alta,10.417990526710481
2024-04-21,0.0,0.0,1.9552153694559946,0.0,0.48880384236399865,23.96492154337734,Pressão moderada de alta,10.417990526710481
2024-04-22,0.0,0.0,1.1827188381928415,0.1411805173436738,0.3309748388841288,16.39931024738914,Neutro,10.417990526710481
2024-04-23,0.0,0.0,0.8518200937603951,0.14815907957396238,0.24999479333358937,12.435043869464426,Neutro,10.417990526710481
2024-04-24,0.0,0.0,0.5891110503369354,0.1451814869184446,0.183573134313845,9.152967247527835,Neutro,10.417990526710481
2024-04-25,0.0,0.0,1.171643484865552,0.13217223913896742,0.32595393100112985,16.15491629934372,Neutro,10.417990526710481
2024-04-26,0.0,0.0,0.4162853272264951,1.7399065748764388,0.5390479755257335,26.31818496029335,Pressão moderada de alta,10.417990526710481
2024-04-27,0.0,0.0,0.4287082485631855,0.0,0.10717706214079638,5.3537292650829125,Neutro,10.417990526710481
2024-04-28,0.0,0.0,0.4414911138813474,0.0,0.11037277847033684,5.513043332682787,Neutro,10.417990526710481
2024-04-29,0.0,0.0,0.5267423375923103,0.9517491547141986,0.3696228730766272,18.27356962604603,Neutro,10.417990526710481
2024-04-30,0.0,0.0,1.4636981554892659,1.7768238269595524,0.8101304956122046,38.42746228571647,Pressão moderada de alta,10.800932938902056
2024-05-01,0.0,0.0,0.8593449080211507,1.7591990147233485,0.6546359806861248,31.61088171415679,Pressão moderada de alta,10.800932938902056
2024-05-02,0.0,0.0,0.20010007459959167,0.9525563076032776,0.2881640955507173,14.309322767053716,Neutro,10.800932938902056
2024-05-03,0.0,0.0,-0.9190109336210099,3.3395369483563835,0.6051315036838434,29.36588679729378,Pressão moderada de alta,10.800932938902056
2024-05-04,0.0,0.0,-0.9140318417248106,0.0,-0.22850796043120264,-11.3759406430081,Neutro,10.800932938902056
2024-05-05,0.0,0.0,-0.9090826530516332,0.0,-0.2272706632629083,-11.314872100221098,Neutro,10.800932938902056
2024-05-06,0.0,0.0,-1.2170287194855105,3.2553044864501266,0.509568941741154,24.941083782970534,Pressão moderada de alta,10.800932938902056
2024-05-07,0.0,0.0,-2.154129022320372,3.176495226849482,0.2555915511322775,12.710458059815528,Neutro,10.800932938902056
2024-05-08,0.0,0.0,-1.7182905372403776,3.123947931859712,0.35141434865483356,17.39210254253346,Neutro,10.800932938902056
2024-05-09,0.0,0.0,-1.0868311279284089,3.073664358874221,0.496708307736453,24.33709201060092,Pressão moderada de alta,10.800932938902056
2024-05-10,0.0,0.0,-0.9593212349474778,3.0121919230044445,0.5132176720142416,25.112093691497943,Pressão moderada de alta,10.800932938902056
2024-05-11,0.0,0.0,-0.952978345190988,0.0,-0.238244586297747,-11.856201983224578,Neutro,10.800932938902056
2024-05-12,0.0,0.0,-0.9466808569880646,0.0,-0.23667021424701615,-11.778582696144598,Neutro,10.800932938902056
2024-05-13,0.0,0.0,-0.7807001196075889,2.94769959221242,0.5417498681512078,26.443877538580534,Pressão moderada de alta,10.800932938902056
2024-05-14,0.0,0.0,-0.43471385215116826,2.904466660644512,0.617438202123336,29.927136731509744,Pressão moderada de alta,10.800932938902056
2024-05-15,0.0,0.0,-0.3362054626176756,2.8628631202752697,0.6316644144143986,30.57335345173004,Pressão moderada de alta,10.800932938902056
2024-05-16,0.0,0.0,-0.5667477645144509,2.8116559151930893,0.5612270376696596,27.347281111570343,Pressão moderada de alta,10.800932938902056
2024-05-17,0.0,0.0,-0.1966056727115137,2.757516326270721,0.6402276633898019,30.960984482672206,Pressão moderada de alta,10.800932938902056
2024-05-18,0.0,0.0,-0.1960440370218715,0.0,-0.04901100925546788,-2.450060045918872,Neutro,10.800932938902056
2024-05-19,0.0,0.0,-0.19548253983449373,0.0,-0.048870634958623434,-2.4430455322159137,Neutro,10.800932938902056
2024-05-20,0.0,0.0,-0.23936540448041774,2.737769285377506,0.6246009702242721,30.252848568410023,Pressão moderada de alta,10.800932938902056
2024-05-21,0.0,0.0,-0.825996543124393,2.687057506563024,0.4652652408596577,22.85249838671005,Pressão moderada de alta,10.800932938902056
2024-05-22,0.0,0.0,-0.3747972666052395,2.6386474636768624,0.5659625492679057,27.566206699465273,Pressão moderada de alta,10.800932938902056
2024-05-23,0.0,0.0,0.08584426302678845,2.6197637586863056,0.6764020054282736,32.58703795809734,Pressão moderada de alta,10.800932938902056
2024-05-24,0.0,0.0,0.6574179140828736,2.672762251067037,0.8325450412874776,39.3785592683888,Pressão moderada de alta,10.800932938902056
2024-05-25,0.0,0.0,0.6533219973496539,0.0,0.16333049933741348,8.14841850284923,Neutro,10.800932938902056
2024-05-26,0.0,0.0,0.6492408731868501,0.0,0.16231021829671252,8.09774106522493,Neutro,10.800932938902056
2024-05-27,0.0,0.0,0.7771255869890099,2.728737784131414,0.876465842780106,41.21786438865517,Pressão moderada de alta,10.800932938902056
2024-05-28,0.0,0.0,0.7263046804059238,1.3222757439256991,0.5121451060829058,25.0618405249483,Pressão moderada de alta,10.800932938902056
2024-05-29,0.0,0.0,0.8690075193817349,2.1104983450317056,0.7448764661033601,35.612256682847296,Pressão moderada de alta,10.800932938902056
2024-05-30,0.0,0.0,0.18791633946918765,2.0832758573817847,0.5677980492127431,27.65098628156297,Pressão moderada de alta,10.800932938902056
2024-05-31,0.0,0.0,0.7221526238441581,1.3548574961881028,0.5192525300080653,25.394593244969204,Pressão moderada de alta,10.877200112233446
2024-06-01,0.0,0.0,0.7172309065975921,0.0,0.17930772664939804,8.941442605419791,Neutro,10.877200112233446
2024-06-02,0.0,0.0,0.7123305525958246,0.0,0.17808263814895614,8.880674585143176,Neutro,10.877200112233446
2024-06-03,0.0,0.0,0.7193176184161363,2.019850607731527,0.6847920565369158,32.961478835993454,Pressão moderada de alta,10.877200112233446
2024-06-04,0.0,0.0,1.070138317744069,-0.08518029316824388,0.2462395061439563,12.250139961065269,Neutro,10.877200112233446
2024-06-05,0.0,0.0,1.1460384301576596,-0.0797901647489671,0.2665620663521731,13.249740674842926,Neutro,10.877200112233446
2024-06-06,0.0,0.0,1.1383688846045792,-0.0797901647489671,0.264644679963903,13.155542458677145,Neutro,10.877200112233446
2024-06-07,0.0,0.0,1.3562852806237895,-0.08588387941974615,0.31760035030101086,15.747865613735645,Neutro,10.877200112233446
2024-06-08,0.0,0.0,1.3460618771176132,0.0,0.3365154692794033,16.66876824664585,Neutro,10.877200112233446
2024-06-09,0.0,0.0,1.3359673089245665,0.0,0.3339918272311416,16.546066343855863,Neutro,10.877200112233446
2024-06-10,0.0,0.0,2.209320314904639,-0.08588387941974615,0.5308591088712232,25.936692634548347,Pressão moderada de alta,10.877200112233446
2024-06-11,0.0,0.0,2.107891912756692,-0.08886117762351814,0.5047576837832934,24.715350282032684,Pressão moderada de alta,10.877200112233446
2024-06-12,0.0,0.0,1.9966974088848544,-0.10215361885942763,0.4736359475063567,23.248794913796083,Pressão moderada de alta,10.877200112233446
2024-06-13,0.0,0.0,2.145766038373285,-0.1121083419370458,0.5084144241090598,24.886940994878056,Pressão moderada de alta,10.877200112233446
2024-06-14,0.0,0.0,1.784060263878644,-0.11861356657839435,0.41636167432506244,20.522460706115588,Pressão moderada de alta,10.877200112233446
2024-06-15,0.0,0.0,1.8103563499719408,0.0,0.4525890874929852,22.250927214019438,Pressão moderada de alta,10.877200112233446
2024-06-16,0.0,0.0,1.8376056178068734,0.0,0.45940140445171834,22.574432606762198,Pressão moderada de alta,10.877200112233446
2024-06-17,0.0,0.0,2.1474851306590175,-0.13306577914033976,0.5036048378796695,24.661221352554037,Pressão moderada de alta,10.877200112233446
2024-06-18,0.0,0.0,2.2605429634694327,-0.13987926211236734,0.5301659253392663,25.904362117398076,Pressão moderada de alta,10.877200112233446
2024-06-19,0.0,0.0,2.3628344022134358,-0.13431477942332984,0.5571299056975265,27.1576392236858,Pressão moderada de alta,10.877200112233446
2024-06-20,0.0,0.0,1.9677554365756127,-0.1412069033586562,0.4566371333042391,22.443221625991917,Pressão moderada de alta,10.877200112233446
2024-06-21,0.0,0.0,1.6744937435867602,-0.14818708672240635,0.38157666421608843,18.85066376371052,Neutro,10.877200112233446
2024-06-22,0.0,0.0,1.6691543119874777,0.0,0.4172885779968694,20.566849738055478,Pressão moderada de alta,10.877200112233446
2024-06-23,0.0,0.0,1.6638515741414428,0.0,0.4159628935353607,20.50336066061765,Pressão moderada de alta,10.877200112233446
2024-06-24,0.0,0.0,1.3063959158631795,-0.1515275476840536,0.28871709204478146,14.336405370806727,Neutro,10.877200112233446
2024-06-25,0.0,0.0,1.2676501349368703,-0.1515275476840536,0.27903064681320416,13.861711617490222,Neutro,10.877200112233446
2024-06-26,0.0,0.0,1.854294527402385,-0.1515275476840536,0.42569174492958284,20.968885805231587,Pressão moderada de alta,10.877200112233446
2024-06-27,0.0,0.0,2.1049665022644453,-0.15488113860640484,0.4875213409145101,23.904470004188433,Pressão moderada de alta,10.877200112233446
2024-06-28,0.0,0.0,2.2873254339139266,-0.14927086734570405,0.5345136416420556,26.107046106750786,Pressão moderada de alta,11.312417210567212
2024-06-29,0.0,0.0,2.2557935527792896,0.0,0.5639483881948224,27.473125598885872,Pressão moderada de alta,11.312417210567212
2024-06-30,0.0,0.0,2.2252717833634432,0.0,0.5563179458408608,27.120031340156736,Pressão moderada de alta,11.312417210567212
2024-07-01,0.0,0.0,1.6752058783139725,-0.14362413990605027,0.38289543460198056,18.914251261000846,Neutro,11.312417210567212
2024-07-02,0.0,0.0,2.4560622226850373,-0.15075360292186374,0.5763271549407933,28.044369517126,Pressão moderada de alta,11.312417210567212
2024-07-03,0.0,0.0,1.406947960114104,-0.15797966808850167,0.31224207300640056,15.486486233708701,Neutro,11.312417210567212
2024-07-04,0.0,0.0,0.44131616706438015,-0.16530596109603146,0.06900255149208717,3.44875928673941,Neutro,11.312417210567212
2024-07-05,0.0,0.0,0.8581237275903156,-0.16530596109603146,0.17320444162357104,8.638636439892057,Neutro,11.312417210567212
2024-07-06,0.0,0.0,0.8545867547483835,0.0,0.21364668868709588,10.641886202568578,Neutro,11.312417210567212
2024-07-07,0.0,0.0,0.8512521429110474,0.0,0.21281303572776186,10.60067378379258,Neutro,11.312417210567212
2024-07-08,0.0,0.0,0.15933236474398826,-0.16530596109603146,-0.0014933990880107995,-0.07466994052287793,Neutro,11.312417210567212
2024-07-09,0.0,0.0,-0.09324173731969596,-0.17718549624576072,-0.06760680839136417,-3.3790534697738774,Neutro,11.312417210567212
2024-07-10,0.0,0.0,-0.984420984907592,-0.18074920506352152,-0.2912925474927784,-14.46250809396387,Neutro,11.312417210567212
2024-07-11,0.0,0.0,-0.5150100227505799,-0.18074920506352152,-0.17393980695352537,-8.67512915862455,Neutro,11.312417210567212
2024-07-12,0.0,0.0,-0.2836071250099998,-0.18432905806125885,-0.11698404576781465,-5.842540746835997,Neutro,11.312417210567212
2024-07-13,0.0,0.0,-0.2930968219479382,0.0,-0.07327420548698454,-3.66207191562108,Neutro,11.312417210567212
2024-07-14,0.0,0.0,-0.3027849511685884,0.0,-0.0756962377921471,-3.7830057019550676,Neutro,11.312417210567212
2024-07-15,0.0,0.0,0.10894337792357088,-0.18792531524868292,-0.01974548433127801,-0.9872421409336279,Neutro,11.312417210567212
2024-07-16,0.0,0.0,-0.44453952885372516,-0.18792531524868292,-0.15811621102560203,-7.889380702227299,Neutro,11.312417210567212
2024-07-17,0.0,0.0,-0.8373372307255316,0.6225196777166275,-0.05370438825222601,-2.684574214866185,Neutro,11.312417210567212
2024-07-18,0.0,0.0,-0.2636185417455524,-0.20672295269583377,-0.11758537361034654,-5.872503979234689,Neutro,11.312417210567212
2024-07-19,0.0,0.0,-0.49983962056744086,-0.2147578321470524,-0.17864936317862332,-8.908786650687162,Neutro,11.312417210567212
2024-07-20,0.0,0.0,-0.5081123986738375,0.0,-0.12702809966845938,-6.342878146515861,Neutro,11.312417210567212
2024-07-21,0.0,0.0,-0.5165203410816911,0.0,-0.12913008527042277,-6.447547573968909,Neutro,11.312417210567212
2024-07-22,0.0,0.0,-0.7567549935265208,-0.22292508727375113,-0.24492002020006798,-12.185150470306189,Neutro,11.312417210567212
2024-07-23,0.0,0.0,-1.2987747100839566,-0.23123028495854253,-0.3825012487606248,-18.895246358459243,Neutro,11.312417210567212
2024-07-24,0.0,0.0,-0.028755037646903524,-0.23967931835120934,-0.06710858899952822,-3.354170734596059,Neutro,11.312417210567212
2024-07-25,0.0,0.0,1.0301626105001032,-0.2482784323770152,0.195471044530772,9.74255092667147,Neutro,11.312417210567212
2024-07-26,0.0,0.0,0.9521847275675623,3.1215481750678413,1.0184332256588509,46.933459696855095,Pressão moderada de alta,11.312417210567212
2024-07-27,0.0,0.0,0.9446867477092415,0.0,0.2361716869273104,11.754001424933257,Neutro,11.312417210567212
2024-07-28,0.0,0.0,0.9372423358765295,0.0,0.23431058396913237,11.662221882756478,Neutro,11.312417210567212
2024-07-29,0.0,0.0,1.19867939104924,3.0661391636710222,1.0662046386800657,48.774894650057696,Pressão moderada de alta,11.312417210567212
2024-07-30,0.0,0.0,1.5909001541586356,-0.29119685284661856,0.3249258253280043,16.104848444103936,Neutro,11.312417210567212
2024-07-31,0.0,0.0,2.1053886746615267,-0.29119685284661856,0.45354795545372706,22.296492052103982,Pressão moderada de alta,11.24446397707231
2024-08-01,0.0,0.0,2.008363757570566,3.0296444630923887,1.2595020551657385,55.78807548799841,Forte pressão de alta,11.24446397707231
2024-08-02,0.0,0.0,2.2129851819419506,-0.3169768736675846,0.4740020770685915,23.26611117775106,Pressão moderada de alta,11.24446397707231
2024-08-03,0.0,0.0,2.1823072167287503,0.0,0.5455768041821876,26.621753645110513,Pressão moderada de alta,11.24446397707231
2024-08-04,0.0,0.0,2.1525942460368412,0.0,0.5381485615092103,26.27632418933934,Pressão moderada de alta,11.24446397707231
2024-08-05,0.0,0.0,2.354466053358464,-0.32619762860921964,0.5070671061873111,24.823736884995057,Pressão moderada de alta,11.24446397707231
2024-08-06,0.0,0.0,1.5502548675756567,-0.33560130521170395,0.3036633905909882,15.06756358598923,Neutro,11.24446397707231
2024-08-07,0.0,0.0,0.7312743775477608,-0.3398766134545852,0.0978494410232939,4.8885721985588635,Neutro,11.24446397707231
2024-08-08,0.0,0.0,0.0705875159004933,-0.34418068607025704,-0.06839829254244094,-3.4185819608364048,Neutro,11.24446397707231
2024-08-09,0.0,0.0,-1.0370320830103397,-0.34418068607025704,-0.34530319227014916,-17.09563076493589,Neutro,11.24446397707231
2024-08-10,0.0,0.0,-1.0342402567889901,0.0,-0.25856006419724753,-12.85645816039882,Neutro,11.24446397707231
2024-08-11,0.0,0.0,-1.031459383759537,0.0,-0.25786484593988424,-12.822270279015413,Neutro,11.24446397707231
2024-08-12,0.0,0.0,-1.270124970319367,-0.34418068607025704,-0.403576414097406,-19.909325588816078,Neutro,11.24446397707231
2024-08-13,0.0,0.0,-1.4833390802218882,-0.34851404229744126,-0.4579632806298324,-22.506179723845634,Pressão moderada de queda,11.24446397707231
2024-08-14,0.0,0.0,-2.283596663422724,-0.34851404229744126,-0.6580276764300413,-31.763438850149562,Pressão moderada de queda,11.24446397707231
2024-08-15,0.0,0.0,-2.16875852182583,2.203175572227292,0.008604262600365509,0.4302104758618641,Neutro,11.24446397707231
2024-08-16,0.0,0.0,-2.2114682074076595,-0.3553508987463374,-0.6417047765384992,-31.027745187654425,Pressão moderada de queda,11.24446397707231
2024-08-17,0.0,0.0,-2.182889243886466,0.0,-0.5457223109716165,-26.628513237414158,Pressão moderada de queda,11.24446397707231
2024-08-18,0.0,0.0,-2.1551594436823294,0.0,-0.5387898609205823,-26.306172733454098,Pressão moderada de queda,11.24446397707231
2024-08-19,0.0,0.0,-2.4718604891334706,1.3390760926620673,-0.2831960991178508,-14.065923084454852,Neutro,11.24446397707231
2024-08-20,0.0,0.0,-2.216316251863585,2.172766971708376,-0.010887320038802217,-0.5443606248591101,Neutro,11.24446397707231
2024-08-21,0.0,0.0,-2.124641893831869,1.316851661429533,-0.201947558100584,-10.06320065708779,Neutro,11.24446397707231
2024-08-22,0.0,0.0,-1.472872549545633,2.9367847364869606,0.3659780467353319,18.097355284225543,Neutro,11.24446397707231
2024-08-23,0.0,0.0,-2.2182884200687005,2.875690866417616,0.16435061158722886,8.199083344681183,Neutro,11.24446397707231
2024-08-24,0.0,0.0,-2.1883412717827726,0.0,-0.5470853179456932,-26.691819698456086,Pressão moderada de queda,11.24446397707231
2024-08-25,0.0,0.0,-2.159318488191759,0.0,-0.5398296220479397,-26.354556518416427,Pressão moderada de queda,11.24446397707231
2024-08-26,0.0,0.0,-2.605401475160372,-1.1892493732168432,-0.9486627120943039,-44.16923182299811,Pressão moderada de queda,11.24446397707231
2024-08-27,0.0,0.0,-1.6911924944990642,-0.37707906955656006,-0.517067891013906,-25.29237719078135,Pressão moderada de queda,11.24446397707231
2024-08-28,0.0,0.0,-1.063076093468452,2.8138773508031107,0.4377003143336647,21.5421850942091,Pressão moderada de alta,11.24446397707231
2024-08-29,0.0,0.0,-0.28488678851117993,2.759025583223024,0.618534698677961,29.977043070551858,Pressão moderada de alta,11.24446397707231
2024-08-30,0.0,0.0,0.7542439967319404,-3.455076727266687,-0.6752081826336866,-32.53367513671744,Pressão moderada de queda,11.45259796376463
2024-08-31,0.0,0.0,0.7479705091741162,0.0,0.18699262729352906,9.322482832351811,Neutro,11.45259796376463
2024-09-01,0.0,0.0,0.7417228051873793,0.0,0.18543070129684483,9.245059636132316,Neutro,11.45259796376463
2024-09-02,0.0,0.0,0.6341260502084346,-0.373025982943837,0.0652750168161494,3.2625924776651236,Neutro,11.45259796376463
2024-09-03,0.0,0.0,0.6536566752509346,-0.373025982943837,0.07015767307677441,3.506445515788221,Neutro,11.45259796376463
2024-09-04,0.0,0.0,1.0805209668128841,-0.373025982943837,0.1768737459672618,8.820703468936545,Neutro,11.45259796376463
2024-09-05,0.0,0.0,0.6847860441669673,2.6591238395114636,0.8359774709196077,39.5234698299199,Pressão moderada de alta,11.45259796376463
2024-09-06,0.0,0.0,0.4040117535980364,2.6114644366559983,0.7538690475635087,36.00423203646236,Pressão moderada de alta,11.45259796376463
2024-09-07,0.0,0.0,0.3986777896511587,0.0,0.09966944741278967,4.979350980755225,Neutro,11.45259796376463
2024-09-08,0.0,0.0,0.39333516543321567,0.0,0.09833379135830392,4.912731553460608,Neutro,11.45259796376463
2024-09-09,0.0,0.0,1.0664453911173748,2.565876955033609,0.9080805865377459,42.52144617306851,Pressão moderada de alta,11.45259796376463
2024-09-10,0.0,0.0,0.9198893361165401,2.522209268667446,0.8605246511959965,40.554051471893466,Pressão moderada de alta,11.45259796376463
2024-09-11,0.0,0.0,0.8856798733945008,2.4803244719180317,0.8415010863281331,39.756253583480365,Pressão moderada de alta,11.45259796376463
2024-09-12,0.0,0.0,0.3188927992165103,2.4400989729614406,0.6897479430444877,33.18217061631575,Pressão moderada de alta,11.45259796376463
2024-09-13,0.0,0.0,-0.1645408813254965,-0.4132882251187592,-0.14445727661106392,-7.210329483580029,Neutro,11.45259796376463
2024-09-14,0.0,0.0,-0.1682556874588006,0.0,-0.04206392186470015,-2.102886036472157,Neutro,11.45259796376463
2024-09-15,0.0,0.0,-0.17198815792059635,0.0,-0.04299703948014909,-2.1495208244820736,Neutro,11.45259796376463
2024-09-16,0.0,0.0,-0.3161383549306375,2.401420871424441,0.5213206291234509,25.491304336368632,Pressão moderada de alta,11.45259796376463
2024-09-17,0.0,0.0,-0.5238253992481943,0.9836368479124924,0.11495286216607453,5.74132227074142,Neutro,11.45259796376463
2024-09-18,0.0,0.0,-1.018063296812543,0.27670535709263977,-0.1853394849299758,-9.240537780554273,Neutro,11.45259796376463
2024-09-19,0.0,0.0,-2.3212566452681593,0.9746171650708675,-0.33665987004932296,-16.675787593446024,Neutro,11.45259796376463
2024-09-20,0.0,0.0,-1.982921195592564,-0.440965115032064,-0.6059715776561571,-29.404263548729737,Pressão moderada de queda,11.45259796376463
2024-09-21,0.0,0.0,-1.9635823342576852,0.0,-0.4908955835644213,-24.06347724774402,Pressão moderada de queda,11.45259796376463
2024-09-22,0.0,0.0,-1.9446640046170025,0.0,-0.4861660011542506,-23.840565039985137,Pressão moderada de queda,11.45259796376463
2024-09-23,0.0,0.0,-1.140224146003388,-0.440965115032064,-0.39529731525886297,-19.51145340816418,Neutro,11.45259796376463
2024-09-24,0.0,0.0,-1.7154312551410322,0.2640832233609393,-0.3628370079450232,-17.945403956763943,Neutro,11.45259796376463
2024-09-25,0.0,0.0,-1.773502589611878,-0.44388456692583417,-0.554346789134428,-27.028698012348716,Pressão moderada de queda,11.45259796376463
2024-09-26,0.0,0.0,-1.7723622323839683,-0.44388456692583417,-0.5540616998274506,-27.015484398697648,Pressão moderada de queda,11.45259796376463
2024-09-27,0.0,0.0,-1.475777989664462,-0.44388456692583417,-0.47991563914757407,-23.54559079690897,Pressão moderada de queda,11.45259796376463
2024-09-28,0.0,0.0,-1.4627622440336463,0.0,-0.3656905610084116,-18.08345141467227,Neutro,11.45259796376463
2024-09-29,0.0,0.0,-1.44994734965099,0.0,-0.3624868374127475,-17.928458738163144,Neutro,11.45259796376463
2024-09-30,0.0,0.0,-1.6945541662430676,2.3512501107543393,0.16417398612781792,8.190311376421084,Neutro,11.75562641390867
2024-10-01,0.0,0.0,-1.7627366624244598,2.317890929221303,0.13878856669921075,6.928310656622089,Neutro,11.75562641390867
2024-10-02,0.0,0.0,-2.0058466794707104,2.283645398508248,0.06944967975938443,3.471088936981135,Neutro,11.75562641390867
2024-10-03,0.0,0.0,-1.699207259399356,2.250569771491292,0.13784062802298397,6.8811396896771795,Neutro,11.75562641390867
2024-10-04,0.0,0.0,-1.1950433284823918,-0.4662857131353215,-0.41533226040442833,-20.473152604473945,Pressão moderada de queda,11.75562641390867
2024-10-05,0.0,0.0,-1.1878697755151721,0.0,-0.29696744387879304,-14.74020328717785,Neutro,11.75562641390867
2024-10-06,0.0,0.0,-1.1807621539329036,0.0,-0.2951905384832259,-14.65327702952974,Neutro,11.75562641390867
2024-10-07,0.0,0.0,-0.8382382241488312,-0.4662857131353215,-0.32613098432103815,-16.163537803970694,Neutro,11.75562641390867
2024-10-08,0.0,0.0,-0.24698934493458133,-0.4662857131353215,-0.17831876451747572,-8.89238766854449,Neutro,11.75562641390867
2024-10-09,0.0,0.0,0.35797725075568193,-0.4662857131353215,-0.027077115594909898,-1.353773068584806,Neutro,11.75562641390867
2024-10-10,0.0,0.0,0.8769614803525062,-0.4662857131353215,0.10266894180429617,5.12894257065958,Neutro,11.75562641390867
2024-10-11,0.0,0.0,0.7518699449129339,-0.4662857131353215,0.0713960579444031,3.5682872778784818,Neutro,11.75562641390867
2024-10-12,0.0,0.0,0.7499313683183606,0.0,0.18748284207959015,9.346779996360835,Neutro,11.75562641390867
2024-10-13,0.0,0.0,0.7479976601663061,0.0,0.18699941504157652,9.322819270076414,Neutro,11.75562641390867
2024-10-14,0.0,0.0,0.060866852261151516,-0.4662857131353215,-0.1013547152185425,-5.063401902454415,Neutro,11.75562641390867
2024-10-15,0.0,0.0,0.8936435133673917,-0.4662857131353215,0.10683945005801754,5.336896892874241,Neutro,11.75562641390867
2024-10-16,0.0,0.0,1.144065113441044,-0.4662857131353215,0.16944485007643062,8.452029596625309,Neutro,11.75562641390867
2024-10-17,0.0,0.0,1.3991411067544157,-0.4662857131353215,0.23321384840477355,11.608127471390603,Neutro,11.75562641390867
2024-10-18,0.0,0.0,1.3080834652487094,-0.4662857131353215,0.21044943802834698,10.483807350364604,Neutro,11.75562641390867
2024-10-19,0.0,0.0,1.2985277687251608,0.0,0.3246319421812902,16.09053506484105,Neutro,11.75562641390867
2024-10-20,0.0,0.0,1.2890849462799785,0.0,0.3222712365699946,15.975533992288801,Neutro,11.75562641390867
2024-10-21,0.0,0.0,1.5364989772791688,-0.4662857131353215,0.26755331603596183,13.298429860371726,Neutro,11.75562641390867
2024-10-22,0.0,0.0,1.4091384279585182,-0.4662857131353215,0.23571317870579916,11.73139213458084,Neutro,11.75562641390867
2024-10-23,0.0,0.0,1.707643290596869,-0.4662857131353215,0.3103393943653869,15.393620256859391,Neutro,11.75562641390867
2024-10-24,0.0,0.0,1.2254854024907655,-0.4662857131353215,0.189799922338861,9.461609396249287,Neutro,11.75562641390867
2024-10-25,0.0,0.0,1.256116085220917,-0.46574496813585486,0.19759277927126553,9.847619818178371,Neutro,11.75562641390867
2024-10-26,0.0,0.0,1.2475919385826784,0.0,0.3118979846456696,15.469693984150295,Neutro,11.75562641390867
2024-10-27,0.0,0.0,1.239158849592061,0.0,0.3097897123980152,15.366786296812881,Neutro,11.75562641390867
2024-10-28,0.0,0.0,1.28937126217492,-0.4662883397809549,0.20577073059849127,10.252386833107234,Neutro,11.75562641390867
2024-10-29,0.0,0.0,0.9586819541369691,-0.4662883397809549,0.12309840358900355,6.147159702117036,Neutro,11.75562641390867
2024-10-30,0.0,0.0,1.0242570478148563,-0.4662883397809549,0.13949217700847533,6.963321445571527,Neutro,11.75562641390867
2024-10-31,0.0,0.0,0.9405724913637039,-0.4662883397809549,0.11857103789568725,5.921615808565348,Neutro,12.242659136949127
2024-11-01,0.0,0.0,0.8176777962177959,0.88574296967754,0.425855191473834,20.976698666077347,Pressão moderada de alta,12.242659136949127
2024-11-02,0.0,0.0,0.8127554656116093,0.0,0.20318886640290232,10.124633703258255,Neutro,12.242659136949127
2024-11-03,0.0,0.0,0.8078591205559825,0.0,0.20196478013899563,10.064053038062152,Neutro,12.242659136949127
2024-11-04,0.0,0.0,0.8370682808190201,0.879386355238308,0.429113659014332,21.132399707855807,Pressão moderada de alta,12.242659136949127
2024-11-05,0.0,0.0,0.5523375048264877,0.8730701280350865,0.35635190821539353,17.63140958824707,Neutro,12.242659136949127
2024-11-06,0.0,0.0,0.14285312780420903,0.8667935025258768,0.2524116575825215,12.554000546084884,Neutro,12.242659136949127
2024-11-07,0.0,0.0,-0.5832548749216518,0.8605557087454708,0.06932520845595475,3.4648728568259712,Neutro,12.242659136949127
2024-11-08,0.0,0.0,0.1953805169380952,2.1809992588821827,0.5940949439550695,28.860832680605224,Pressão moderada de alta,12.242659136949127
2024-11-09,0.0,0.0,0.1923849530040675,0.0,0.04809623825101687,2.4043484425402384,Neutro,12.242659136949127
2024-11-10,0.0,0.0,0.18938758351031174,0.0,0.047346895877577934,2.3669026476282915,Neutro,12.242659136949127
2024-11-11,0.0,0.0,0.13658099356776096,0.8360432257033572,0.24315605481777955,12.098252434019976,Neutro,12.242659136949127
2024-11-12,0.0,0.0,0.011363960276117788,2.1441966669888366,0.5388901568162386,26.310840435473953,Pressão moderada de alta,12.242659136949127
2024-11-13,0.0,0.0,-0.113683926222846,2.1155789735524437,0.5004737618323994,24.514132106028242,Pressão moderada de alta,12.242659136949127
2024-11-14,0.0,0.0,0.04788314764043122,2.087814628868598,0.5339244441272573,26.079592040180195,Pressão moderada de alta,12.242659136949127
2024-11-15,0.0,0.0,0.12970051822127152,2.060859072000517,0.5476398975554471,26.717571212123353,Pressão moderada de alta,12.242659136949127
2024-11-16,0.0,0.0,0.12717062729831616,0.0,0.03179265682457904,1.5894989582614414,Neutro,12.242659136949127
2024-11-17,0.0,0.0,0.12463899177921738,0.0,0.031159747944804344,1.5578613514337578,Neutro,12.242659136949127
2024-11-18,0.0,0.0,-0.08914934000891454,2.0346709316144915,0.48638039790139426,23.850675332797657,Pressão moderada de alta,12.242659136949127
2024-11-19,0.0,0.0,-0.09913512312643849,2.0092117374929264,0.47751915359162195,23.43237762828848,Pressão moderada de alta,12.242659136949127
2024-11-20,0.0,0.0,-0.561984342962607,1.9844456633328535,0.35561533009256163,17.595723254141166,Neutro,12.242659136949127
2024-11-21,0.0,0.0,-0.24739808684336434,2.570983337337364,0.5808963126234998,28.254724353985583,Pressão moderada de alta,12.242659136949127
2024-11-22,0.0,0.0,-0.48611353887602154,1.9236811786353953,0.35939190993984343,17.778644927302174,Neutro,12.242659136949127
2024-11-23,0.0,0.0,-0.48594748761263706,0.0,-0.12148687190315927,-6.0668836383384575,Neutro,12.242659136949127
2024-11-24,0.0,0.0,-0.4857814683479326,0.0,-0.12144536708698316,-6.064816033281625,Neutro,12.242659136949127
2024-11-25,0.0,0.0,-0.4480712710810418,1.9011323676222405,0.3632652741352997,17.966126880724342,Neutro,12.242659136949127
2024-11-26,0.0,0.0,-0.41797515052016093,3.061000584202001,0.66075635842046,31.886054681350945,Pressão moderada de alta,12.242659136949127
2024-11-27,0.0,0.0,-0.06981019739948269,4.107113661939757,1.0093258661350686,46.577639886706,Pressão moderada de alta,12.242659136949127
2024-11-28,0.0,0.0,1.7666971098461848,3.9611733528230073,1.431967615667298,61.44154159188139,Forte pressão de alta,12.242659136949127
2024-11-29,0.0,0.0,1.463468435056837,3.8283333357938063,1.3229504427126608,57.93443289629877,Forte pressão de alta,13.077818708452043
2024-11-30,0.0,0.0,1.4506172005593336,0.0,0.3626543001398334,17.936562615430866,Neutro,13.077818708452043
2024-12-01,0.0,0.0,1.437961721474989,0.0,0.3594904303687472,17.7834152051744,Neutro,13.077818708452043
2024-12-02,0.0,0.0,1.2582446080961882,3.707055894371477,1.2413251256169162,55.158917466705134,Forte pressão de alta,13.077818708452043
2024-12-03,0.0,0.0,1.4984478013081148,3.5957283329925342,1.2735440335751622,56.26976487201104,Forte pressão de alta,13.077818708452043
2024-12-04,0.0,0.0,1.387789390768746,2.5111806196870172,0.9747425026139408,45.21275385104128,Pressão moderada de alta,13.077818708452043
2024-12-05,0.0,0.0,0.7683002554019498,2.469892261164066,0.809548129141504,38.402641000589085,Pressão moderada de alta,13.077818708452043
2024-12-06,0.0,0.0,1.0594381765349807,4.316354729299493,1.3439482264586184,58.6276952112171,Forte pressão de alta,13.077818708452043
2024-12-07,0.0,0.0,1.0516640497253098,0.0,0.26291601243132745,13.070595331784732,Neutro,13.077818708452043
2024-12-08,0.0,0.0,1.0439578508906286,0.0,0.26098946272265716,12.97590161637053,Neutro,13.077818708452043
2024-12-09,0.0,0.0,1.4166481860323692,4.149129092465736,1.3914443196245263,60.16454408990708,Forte pressão de alta,13.077818708452043
2024-12-10,0.0,0.0,1.2812605548305849,3.998770863857549,1.3200078546720335,57.83660266640459,Forte pressão de alta,13.077818708452043
2024-12-11,0.0,0.0,1.1351205381562806,3.0147041672788704,1.0374561763587877,47.671775090857714,Pressão moderada de alta,13.077818708452043
2024-12-12,0.0,0.0,0.2353579049847339,3.7852014333830244,1.0051398345919396,46.413586102877765,Pressão moderada de alta,13.077818708452043
2024-12-13,0.0,0.0,0.917643708893963,4.453188081748747,1.3427079476606776,58.58698194691222,Forte pressão de alta,13.077818708452043
2024-12-14,0.0,0.0,0.9119781033046733,0.0,0.22799452582616833,11.350600396337324,Neutro,13.077818708452043
2024-12-15,0.0,0.0,0.9063490956561181,0.0,0.22658727391402952,11.281138789035781,Neutro,13.077818708452043
2024-12-16,0.0,0.0,1.0538607357921845,4.271266475449088,1.3312818028103182,58.21051619169548,Forte pressão de alta,13.077818708452043
2024-12-17,0.0,0.0,1.814810598848443,5.339194635854297,1.7885013086756851,71.3486868562567,Forte pressão de alta,13.077818708452043
2024-12-18,0.0,0.0,1.5524923102065729,3.863311449016606,1.3539509398057947,58.95496158196174,Forte pressão de alta,13.077818708452043
2024-12-19,0.0,0.0,0.6340833301020431,4.6489868805871275,1.3207675526722926,57.861875788050476,Forte pressão de alta,13.077818708452043
2024-12-20,0.0,0.0,-0.4500819556858566,4.519019913789226,1.0172344895258423,46.886712323493384,Pressão moderada de alta,13.077818708452043
2024-12-21,0.0,0.0,-0.4463392240841148,0.0,-0.1115848060210287,-5.573458494676536,Neutro,13.077818708452043
2024-12-22,0.0,0.0,-0.4426020462013369,0.0,-0.11065051155033423,-5.526887673998863,Neutro,13.077818708452043
2024-12-23,0.0,0.0,0.0163021791249286,4.627342606285107,1.160911196352509,52.29964890823492,Forte pressão de alta,13.077818708452043
2024-12-24,0.0,0.0,-0.06806638464174054,4.987239736156613,1.229793337878718,54.75648030358477,Forte pressão de alta,13.077818708452043
2024-12-25,0.0,0.0,0.017491033636409185,4.7397983013487925,1.1893223337463004,53.323968450086014,Forte pressão de alta,13.077818708452043
2024-12-26,0.0,0.0,0.5687446942295548,4.001557673817512,1.1425755920117666,51.63044138063623,Forte pressão de alta,13.077818708452043
2024-12-27,0.0,0.0,0.49505649482120845,3.3419332810740032,0.9592474439738029,44.59422111464073,Pressão moderada de alta,13.077818708452043
2024-12-28,0.0,0.0,0.498948069951573,0.0,0.12473701748789325,6.228776672026845,Neutro,13.077818708452043
2024-12-29,0.0,0.0,0.5028642767103235,0.0,0.12571606917758088,6.277537841249282,Neutro,13.077818708452043
2024-12-30,0.0,0.0,0.28009422359334474,3.2571190024108865,0.8843033065010578,41.54263551688676,Pressão moderada de alta,13.077818708452043
2024-12-31,0.0,0.0,0.30670473521393127,3.1777967115163355,0.8711253616825667,40.9959616777958,Pressão moderada de alta,13.077818708452043
2025-01-01,0.0,0.0,0.44151337919824524,3.103383976072602,0.8862243388177118,41.62207891124659,Pressão moderada de alta,13.077818708452043
2025-01-02,0.0,0.0,1.1484532889893528,3.5219667242203307,1.167605003302421,52.542367203839845,Forte pressão de alta,13.077818708452043
2025-01-03,0.0,0.0,0.1561349036303459,2.946314003728499,0.7756122268397112,36.94673575991699,Pressão moderada de alta,13.077818708452043
2025-01-04,0.0,0.0,0.15519828632046143,0.0,0.038799571580115357,1.9397352442327331,Neutro,13.077818708452043
2025-01-05,0.0,0.0,0.15426187060348032,0.0,0.03856546765087008,1.9280344254226227,Neutro,13.077818708452043
2025-01-06,0.0,0.0,-0.19719746341281585,2.4053813069313326,0.5520459608796292,26.922027834778934,Pressão moderada de alta,13.077818708452043
2025-01-07,0.0,0.0,-1.162153569207788,2.3681225960141203,0.3014922567015831,14.961454155660103,Neutro,13.077818708452043
2025-01-08,0.0,0.0,-0.7594515389124757,1.3731930554391896,0.15343537913167846,7.656753308312639,Neutro,13.077818708452043
2025-01-09,0.0,0.0,-1.149662841283643,0.8767157455127884,-0.06823677394271363,-3.410515446696575,Neutro,13.077818708452043
2025-01-10,0.0,0.0,-0.45344299222407025,1.3543836926328026,0.22523517510218308,11.214389136019252,Neutro,13.077818708452043
2025-01-11,0.0,0.0,-0.4568548240442708,0.0,-0.1142137060110677,-5.704485506254989,Neutro,13.077818708452043
2025-01-12,0.0,0.0,-0.46028477222908465,0.0,-0.11507119305727116,-5.7472192926863945,Neutro,13.077818708452043
2025-01-13,0.0,0.0,-0.9128111989464732,1.3427325198115678,0.10748033021627365,5.368849084016779,Neutro,13.077818708452043
2025-01-14,0.0,0.0,-1.1343720029232474,1.8090563503796848,0.16867108686410937,8.413616557700319,Neutro,13.077818708452043
2025-01-15,0.0,0.0,-1.3245466641664791,1.074996010219226,-0.062387663486813294,-3.1183717907157242,Neutro,13.077818708452043
2025-01-16,0.0,0.0,-1.4284506073564063,1.3053540264413879,-0.0307741452287546,-1.5385858371324372,Neutro,13.077818708452043
2025-01-17,0.0,0.0,-1.4508452882235159,-0.026591731854587665,-0.3693592550195259,-18.260828557500265,Neutro,13.077818708452043
2025-01-18,0.0,0.0,-1.447760190789424,0.0,-0.361940047697356,-17.901996728091614,Neutro,13.077818708452043
2025-01-19,0.0,0.0,-1.4446881348536436,0.0,-0.3611720337134109,-17.864824146612914,Neutro,13.077818708452043
2025-01-20,0.0,0.0,-1.467683205032015,0.5761317602181344,-0.22288786120347015,-11.098484259680113,Neutro,13.077818708452043
2025-01-21,0.0,0.0,-1.4960145016554254,0.14885097725792498,-0.3367908810993751,-16.682155917371478,Neutro,13.077818708452043
2025-01-22,0.0,0.0,-1.9529856177733127,-0.15233588933692985,-0.5263303767775607,-25.725364940626182,Pressão moderada de queda,13.077818708452043
2025-01-23,0.0,0.0,-2.1950440768549844,0.32690186266142895,-0.4670355535483889,-22.93637442164025,Pressão moderada de queda,13.077818708452043
2025-01-24,0.0,0.0,-2.1536713792911906,-0.1582998898498816,-0.5779928172852681,-28.121084592783824,Pressão moderada de queda,13.077818708452043
2025-01-25,0.0,0.0,-2.1291771111958067,0.0,-0.5322942777989517,-26.003611337718457,Pressão moderada de queda,13.077818708452043
2025-01-26,0.0,0.0,-2.105324141680463,0.0,-0.5263310354201157,-25.725395693321556,Pressão moderada de queda,13.077818708452043
2025-01-27,0.0,0.0,-1.62758217826016,-0.1603425969060844,-0.4469811937915611,-21.98424929270346,Pressão moderada de queda,13.077818708452043
2025-01-28,0.0,0.0,-1.605204339239342,-0.1623891656689299,-0.44189837622706796,-21.7422565438445,Pressão moderada de queda,13.077818708452043
2025-01-29,0.0,0.0,-2.1172154306715036,-0.16443963328386957,-0.5704137659888433,-27.771728801732447,Pressão moderada de queda,13.077818708452043
2025-01-30,0.0,0.0,-1.6173107526044899,-0.16649403721084777,-0.4459511974538344,-21.935232953912458,Pressão moderada de queda,13.077818708452043
2025-01-31,0.0,0.0,-2.0485920998753713,-0.6515402496632599,-0.6750330873846577,-32.52584679040801,Pressão moderada de queda,14.280037234562647
2025-02-01,0.0,0.0,-2.023303193553091,0.0,-0.5058257983882728,-24.765487108515387,Pressão moderada de queda,14.280037234562647
2025-02-02,0.0,0.0,-1.9987001615316662,0.0,-0.49967504038291655,-24.47659228942252,Pressão moderada de queda,14.280037234562647
2025-02-03,0.0,0.0,-1.818758174423091,-0.16855241522858827,-0.4968276474129198,-24.34270549199913,Pressão moderada de queda,14.280037234562647
2025-02-04,0.0,0.0,-2.006061217077535,0.31323253004728596,-0.42320717175756223,-20.850088523521833,Pressão moderada de queda,14.280037234562647
2025-02-05,0.0,0.0,-1.7848302469715505,0.30958646381855665,-0.36881094578824847,-18.234325959916692,Neutro,14.280037234562647
2025-02-06,0.0,0.0,-1.8166096035246033,0.3059401830607839,-0.37766735511595484,-18.662074876964127,Neutro,14.280037234562647
2025-02-07,0.0,0.0,-2.113163532077797,0.7862919704466718,-0.3317178904077813,-16.435461447663094,Neutro,14.280037234562647
2025-02-08,0.0,0.0,-2.0857085851026276,0.0,-0.5214271462756569,-25.49628404862726,Pressão moderada de queda,14.280037234562647
2025-02-09,0.0,0.0,-2.059046958256095,0.0,-0.5147617395640237,-25.184414455356922,Pressão moderada de queda,14.280037234562647
2025-02-10,0.0,0.0,-1.841494260274704,0.2964021844285091,-0.38627301896154875,-19.077036691451948,Neutro,14.280037234562647
2025-02-11,0.0,0.0,-1.8019270698417713,0.29275843781088484,-0.37729215800772165,-18.643967743023065,Neutro,14.280037234562647
2025-02-12,0.0,0.0,-1.4268321274624192,-0.1963056249951128,-0.405784438114383,-20.015327350719943,Pressão moderada de queda,14.280037234562647
2025-02-13,0.0,0.0,-1.2270037520385864,-0.4412033282773139,-0.4170517700789751,-20.555509909257655,Pressão moderada de queda,14.280037234562647
2025-02-14,0.0,0.0,-1.2410352991103475,-0.68502622022004,-0.48151537983259685,-23.621129148642243,Pressão moderada de queda,14.280037234562647
2025-02-15,0.0,0.0,-1.2307870119317847,0.0,-0.3076967529829462,-15.264593067159069,Neutro,14.280037234562647
2025-02-16,0.0,0.0,-1.220658108693121,0.0,-0.30516452717328024,-15.140908080386438,Neutro,14.280037234562647
2025-02-17,0.0,0.0,-1.4914240087132702,-0.19948698258124103,-0.4227277478236278,-20.827158271911156,Pressão moderada de queda,14.280037234562647
2025-02-18,0.0,0.0,-1.367804668547707,0.041679766391452086,-0.3315312255390637,-16.426380178622182,Neutro,14.280037234562647
2025-02-19,0.0,0.0,-1.1196367477953348,-0.20470013687758157,-0.3310842211682291,-16.404632228933497,Neutro,14.280037234562647
2025-02-20,0.0,0.0,-1.3665593594609022,0.28059727112342087,-0.27149052208437036,-13.49175786134042,Neutro,14.280037234562647
2025-02-21,0.0,0.0,-0.9739136354722087,-0.6980949409610369,-0.4180021441083114,-20.601016359478162,Pressão moderada de queda,14.280037234562647
2025-02-22,0.0,0.0,-0.9662147912460375,0.0,-0.24155369781150937,-12.01929961445704,Neutro,14.280037234562647
2025-02-23,0.0,0.0,-0.9585730049007974,0.0,-0.23964325122519936,-11.925146453551648,Neutro,14.280037234562647
2025-02-24,0.0,0.0,-1.03197925247192,-0.6980949409610369,-0.4325185483582392,-21.294982777117628,Pressão moderada de queda,14.280037234562647
2025-02-25,0.0,0.0,-0.315031460464094,-0.6980949409610369,-0.2532816003562827,-12.596809816767657,Neutro,14.280037234562647
2025-02-26,0.0,0.0,-0.36110026989627286,-0.6980949409610369,-0.26479880271432743,-13.163115150602604,Neutro,14.280037234562647
2025-02-27,0.0,0.0,-0.008689279533684091,-0.6980949409610369,-0.17669605512368025,-8.811887983706885,Neutro,14.280037234562647
2025-02-28,0.0,0.0,0.3162633691330281,-0.6980949409610369,-0.09545789295700219,-4.769273646086034,Neutro,14.614235823818234
2025-03-01,0.0,0.0,0.31977702633225674,0.0,0.07994425658306419,3.9950853118904672,Neutro,14.614235823818234
2025-03-02,0.0,0.0,0.3233085890847771,0.0,0.08082714727119428,4.039158608355814,Neutro,14.614235823818234
2025-03-03,0.0,0.0,0.17967751399576065,-0.6980949409610369,-0.12960435674131904,-6.471162206628946,Neutro,14.614235823818234
2025-03-04,0.0,0.0,0.1939589794802388,-0.6980949409610369,-0.12603399037019952,-6.2933711003824016,Neutro,14.614235823818234
2025-03-05,0.0,0.0,-0.08704726430962702,-0.6980949409610369,-0.19628555131766598,-9.78288810941365,Neutro,14.614235823818234
2025-03-06,0.0,0.0,-0.37129525902271493,-0.6980949409610369,-0.26734754999593796,-13.288323366937712,Neutro,14.614235823818234
2025-03-07,0.0,0.0,0.044999416832449436,-0.6980949409610369,-0.16327388103214685,-8.145606377449752,Neutro,14.614235823818234
2025-03-08,0.0,0.0,0.05136146815310838,0.0,0.012840367038277095,0.6420095309932683,Neutro,14.614235823818234
2025-03-09,0.0,0.0,0.05779174376977224,0.0,0.01444793594244306,0.7223842311204236,Neutro,14.614235823818234
2025-03-10,0.0,0.0,0.31310016448335243,-0.6980949409610369,-0.09624869411942111,-4.808723020523267,Neutro,14.614235823818234
2025-03-11,0.0,0.0,0.6469982525557075,-0.6980949409610369,-0.012774172101332332,-0.6386999198638834,Neutro,14.614235823818234
2025-03-12,0.0,0.0,0.5368176729520651,-0.6980949409610369,-0.04031931700224295,-2.015692790377898,Neutro,14.614235823818234
2025-03-13,0.0,0.0,0.49551745014350423,-0.6980949409610369,-0.050644372704383156,-2.5316775433955376,Neutro,14.614235823818234
2025-03-14,0.0,0.0,0.06431702587429065,-0.6980949409610369,-0.15844447877168655,-7.905691717427936,Neutro,14.614235823818234
2025-03-15,0.0,0.0,0.06685038341991063,0.0,0.01671259585497766,0.8356103432524422,Neutro,14.614235823818234
2025-03-16,0.0,0.0,0.06938897681803907,0.0,0.017347244204509768,0.8673404598295955,Neutro,14.614235823818234
2025-03-17,0.0,0.0,-0.27130717239170205,-0.6980949409610369,-0.2423505283381847,-12.058563693599316,Neutro,14.614235823818234
2025-03-18,0.0,0.0,-0.7142866250654822,-0.6980949409610369,-0.3530953915066298,-17.4736002990593,Neutro,14.614235823818234
2025-03-19,0.0,0.0,-0.816129874397303,-0.6980949409610369,-0.378556203839585,-18.704965942758275,Neutro,14.614235823818234
2025-03-20,0.0,0.0,-1.1001919285687924,-0.6980949409610369,-0.4495717173824573,-22.107480219149604,Pressão moderada de queda,14.614235823818234
2025-03-21,0.0,0.0,-0.8844011765693438,-0.6980949409610369,-0.39562402938259517,-19.527166718245258,Neutro,14.614235823818234
2025-03-22,0.0,0.0,-0.8798677500949273,0.0,-0.21996693752373184,-10.954213737213259,Neutro,14.614235823818234
2025-03-23,0.0,0.0,-0.8753591183016877,0.0,-0.21883977957542192,-10.898528673394987,Neutro,14.614235823818234
2025-03-24,0.0,0.0,-0.7759848741618584,-0.6980949409610369,-0.3685199537807238,-18.220259747058808,Neutro,14.614235823818234
2025-03-25,0.0,0.0,-1.0102249631294271,-0.6980949409610369,-0.427079976022616,-21.035235706508065,Pressão moderada de queda,14.614235823818234
2025-03-26,0.0,0.0,-0.501134474428049,-0.21087757915307148,-0.17800301339528013,-8.876724732077168,Neutro,14.614235823818234
2025-03-27,0.0,0.0,-0.1474865039410669,-0.7006577629924633,-0.21203606673338254,-10.562260310738186,Neutro,14.614235823818234
2025-03-28,0.0,0.0,-0.15517255037474412,-0.2130110805709598,-0.09204590773642599,-4.599048744698682,Neutro,14.614235823818234
2025-03-29,0.0,0.0,-0.1552199154884674,0.0,-0.03880497887211685,-1.940005507091984,Neutro,14.614235823818234
2025-03-30,0.0,0.0,-0.15526728165128206,0.0,-0.038816820412820516,-1.9405973612237999,Neutro,14.614235823818234
2025-03-31,0.0,0.0,-0.43664677856336925,-0.7032283618849495,-0.2849687851120797,-14.152792899832583,Neutro,14.69525610200364
2025-04-01,0.0,0.0,-0.8919331509900466,-0.21514938395668565,-0.27677063373668304,-13.750864922229052,Neutro,14.69525610200364
2025-04-02,0.0,0.0,-0.9163426661476544,-0.21729253451645694,-0.2834088001660278,-14.076347566166337,Neutro,14.69525610200364
2025-04-03,0.0,0.0,-1.3266141861083893,-0.21944057788444918,-0.38651369099820965,-19.088632084161443,Neutro,14.69525610200364
2025-04-04,0.0,0.0,0.09029497920241047,-2.398932798930987,-0.5771594549321442,-28.082707076024356,Pressão moderada de queda,14.69525610200364
2025-04-05,0.0,0.0,0.09323449013673456,0.0,0.02330862253418364,1.1653783654695709,Neutro,14.69525610200364
2025-04-06,0.0,0.0,0.0961823996335342,0.0,0.02404559990838355,1.2022220698248394,Neutro,14.69525610200364
2025-04-07,0.0,0.0,0.9536498725611028,-1.9432585883140865,-0.24740217893824593,-12.307397128922464,Neutro,14.69525610200364
2025-04-08,0.0,0.0,1.387427053881087,-1.6421764391125155,-0.06368734630785716,-3.183291414912237,Neutro,14.69525610200364
2025-04-09,0.0,0.0,2.236862767475983,-1.1572577986676829,0.26990124220207506,13.413731981883133,Neutro,14.69525610200364
2025-04-10,0.0,0.0,1.3675250513047403,-0.6771310860166192,0.17259849132203028,8.608564237013567,Neutro,14.69525610200364
2025-04-11,0.0,0.0,0.7727420578550775,-0.6771310860166192,0.023902742959614587,1.1950802486484644,Neutro,14.69525610200364
2025-04-12,0.0,0.0,0.7795561363832368,0.0,0.1948890340958092,9.713725802797462,Neutro,14.69525610200364
2025-04-13,0.0,0.0,0.7864531532859783,0.0,0.19661328832149458,9.799117869093859,Neutro,14.69525610200364
2025-04-14,0.0,0.0,0.5094247243592634,-0.6771310860166192,-0.04192659041433894,-2.0960224905415994,Neutro,14.69525610200364
2025-04-15,0.0,0.0,0.9362796706444042,-0.6746632348221473,0.06540410895556423,3.269040200436176,Neutro,14.69525610200364
2025-04-16,0.0,0.0,0.8070932422394467,-0.6733548389022196,0.03343460083430677,1.6715743273641832,Neutro,14.69525610200364
2025-04-17,0.0,0.0,0.5480043887012488,-0.6708978993377891,-0.030723377659135076,-1.5360480585575997,Neutro,14.69525610200364
2025-04-18,0.0,0.0,0.4313027203038869,-0.6684478889939507,-0.05928629217251595,-2.9634466500330716,Neutro,14.69525610200364
2025-04-19,0.0,0.0,0.4280735475929783,0.0,0.10701838689824457,5.345818209449424,Neutro,14.69525610200364
2025-04-20,0.0,0.0,0.42484929182404035,0.0,0.10621232295601009,5.305629326189025,Neutro,14.69525610200364
2025-04-21,0.0,0.0,0.5656950183790245,-0.6671006695597101,-0.02535141279517142,-1.267502755770562,Neutro,14.69525610200364
2025-04-22,0.0,0.0,0.14830613311893595,-0.6628318551262263,-0.1286314305018226,-6.422718084469002,Neutro,14.69525610200364
2025-04-23,0.0,0.0,-0.15208440444324006,-0.6585789474053532,-0.20266583796214832,-10.098749670009829,Neutro,14.69525610200364
2025-04-24,0.0,0.0,0.28364812676776024,-0.654341702360111,-0.0926733938980877,-4.63035623943114,Neutro,14.69525610200364
2025-04-25,0.0,0.0,-0.6958630211267622,-1.1234429677650455,-0.45482649722295193,-22.357232444567433,Pressão moderada de queda,14.69525610200364
2025-04-26,0.0,0.0,-0.69968185334632,0.0,-0.17492046333658,-8.723790893439622,Neutro,14.69525610200364
2025-04-27,0.0,0.0,-0.7035249511176142,0.0,-0.17588123777940354,-8.771462017688107,Neutro,14.69525610200364
2025-04-28,0.0,0.0,-1.4455916329188985,-2.049554333390132,-0.8737864915772576,-41.106595368092115,Pressão moderada de queda,14.69525610200364
2025-04-29,0.0,0.0,-1.842798863482533,-1.096743131025875,-0.7348854986271021,-35.175288940862075,Pressão moderada de queda,14.69525610200364
2025-04-30,0.0,0.0,-2.414343331921027,-1.0887613346714178,-0.8757761666481112,-41.189235010429485,Pressão moderada de queda,14.158917378917382
2025-05-01,0.0,0.0,-1.5908708699768104,-1.0808530980875681,-0.6679309920160946,-32.20794380158322,Pressão moderada de queda,14.158917378917382
2025-05-02,0.0,0.0,-1.5026191699759717,-0.6075050697257764,-0.527531059925437,-25.781417407614466,Pressão moderada de queda,14.158917378917382
2025-05-03,0.0,0.0,-1.5012148811063262,0.0,-0.37530372027658154,-18.547983976615154,Neutro,14.158917378917382
2025-05-04,0.0,0.0,-1.4998132990394961,0.0,-0.37495332475987403,-18.531066380039864,Neutro,14.158917378917382
2025-05-05,0.0,0.0,-1.254998806582602,-1.0687636672712424,-0.5809406184634611,-28.256762779940438,Pressão moderada de queda,14.158917378917382
2025-05-06,0.0,0.0,-1.010333775701759,-1.0610335477706443,-0.5178418308681008,-25.328595173454815,Pressão moderada de queda,14.158917378917382
2025-05-07,0.0,0.0,-0.9687108366328768,-1.0533716357884013,-0.5055206181053196,-24.751163433317135,Pressão moderada de queda,14.158917378917382
2025-05-08,0.0,0.0,-1.1216623072498666,1.0397832734358163,-0.020469758453512565,-1.0234521864472335,Neutro,14.158917378917382
2025-05-09,0.0,0.0,-1.3153258746854228,0.6195650751330004,-0.1739401998881056,-8.67514865749614,Neutro,14.158917378917382
2025-05-10,0.0,0.0,-1.3041462690759733,0.0,-0.3260365672689933,-16.158940253263477,Neutro,14.158917378917382
2025-05-11,0.0,0.0,-1.2931107368041963,0.0,-0.3232776842010491,-16.02456811153856,Neutro,14.158917378917382
2025-05-12,0.0,0.0,-1.1028123384694146,-0.12271238250256454,-0.30638118024299477,-15.2003406815077,Neutro,14.158917378917382
2025-05-13,0.0,0.0,-0.8165823504330395,-1.045438365521209,-0.46550517898856214,-22.8638684589174,Pressão moderada de queda,14.158917378917382
2025-05-14,0.0,0.0,-0.5466771844794368,-1.4959376886217766,-0.5106537182753034,-24.99194175698685,Pressão moderada de queda,14.158917378917382
2025-05-15,0.0,0.0,-0.32087292078578916,-0.5691969605929523,-0.2225174703446854,-11.080192457957988,Neutro,14.158917378917382
2025-05-16,0.0,0.0,-0.023647879157742982,-0.5661012176904414,-0.1474372742120461,-7.3585386980069,Neutro,14.158917378917382
2025-05-17,0.0,0.0,-0.021190994172401254,0.0,-0.0052977485431003135,-0.26488680762612815,Neutro,14.158917378917382
2025-05-18,0.0,0.0,-0.01873070234819129,0.0,-0.0046826755870478225,-0.23413335152358813,Neutro,14.158917378917382
2025-05-19,0.0,0.0,-0.11622107966763374,-0.5630137261432787,-0.1698087014527281,-8.470091925609266,Neutro,14.158917378917382
2025-05-20,0.0,0.0,0.03545135371906205,-0.5608411063489722,-0.13134743815747754,-6.55794639507175,Neutro,14.158917378917382
2025-05-21,0.0,0.0,-0.0762440643779097,-0.5578018798473487,-0.1585114860563146,-7.90902113307593,Neutro,14.158917378917382
2025-05-22,0.0,0.0,-0.18363179639435037,-0.5578018798473487,-0.18535841906042477,-9.24147640256162,Neutro,14.158917378917382
2025-05-23,0.0,0.0,0.27857905484871937,-0.5578018798473487,-0.06980570624965735,-3.4888687035940293,Neutro,14.158917378917382
2025-05-24,0.0,0.0,0.2783845668875453,0.0,0.06959614172188633,3.478403193296638,Neutro,14.158917378917382
2025-05-25,0.0,0.0,0.27819010684904927,0.0,0.06954752671226232,3.47597538179837,Neutro,14.158917378917382
2025-05-26,0.0,0.0,0.00976015727587281,-0.5578018798473487,-0.137010430642869,-6.839825192532915,Neutro,14.158917378917382
2025-05-27,0.0,0.0,-0.4537815150508906,-0.5578018798473487,-0.25289584872455984,-12.577827828833701,Neutro,14.158917378917382
2025-05-28,0.0,0.0,-0.31340465139946516,0.36041588412508596,0.0117528081814052,0.58763364500633,Neutro,14.158917378917382
2025-05-29,0.0,0.0,-0.23744684534525837,-0.10251579262035283,-0.0849906594914028,-4.246976810282415,Neutro,14.158917378917382
2025-05-30,0.0,0.0,0.2940559301346091,-0.5638368594119404,-0.06744523231933282,-3.370983868540748,Neutro,14.27916570767196
2025-05-31,0.0,0.0,0.28902390189878574,0.0,0.07225597547469644,3.6112277476990458,Neutro,14.27916570767196
2025-06-01,0.0,0.0,0.2839777998448316,0.0,0.0709944499612079,3.5482323030069254,Neutro,14.27916570767196
2025-06-02,0.0,0.0,-0.0033891117404448597,-0.5638368594119404,-0.14180649278809632,-7.078466824202556,Neutro,14.27916570767196
2025-06-03,0.0,0.0,0.1896827470780973,-0.5638368594119404,-0.09353852808346078,-4.673519338231726,Neutro,14.27916570767196
2025-06-04,0.0,0.0,0.061253727407957,-0.5638368594119404,-0.12564578300099585,-6.2740373737049815,Neutro,14.27916570767196
2025-06-05,0.0,0.0,-0.31130528397709123,-0.5638368594119404,-0.2187855358472579,-10.895848693853722,Neutro,14.27916570767196
2025-06-06,0.0,0.0,-0.6925241251584607,-0.5638368594119404,-0.3140902461426003,-15.576665710974696,Neutro,14.27916570767196
2025-06-07,0.0,0.0,-0.6937455729043785,0.0,-0.17343639322609464,-8.65014735649458,Neutro,14.27916570767196
2025-06-08,0.0,0.0,-0.6949692585697119,0.0,-0.17374231464242798,-8.665328773397283,Neutro,14.27916570767196
2025-06-09,0.0,0.0,-0.6100445227298141,-0.5638368594119404,-0.2934703455354386,-14.569103580807226,Neutro,14.27916570767196
2025-06-10,0.0,0.0,-0.7572971885010977,-0.10441056351375747,-0.2154269380037138,-10.729882245762653,Neutro,14.27916570767196
2025-06-11,0.0,0.0,-0.8359615167724007,0.35366873555339035,-0.12057319530475259,-6.021366698868951,Neutro,14.27916570767196
2025-06-12,0.0,0.0,-0.7287944139230057,0.3501454593307873,-0.0946622386480546,-4.729580669268974,Neutro,14.27916570767196
2025-06-13,0.0,0.0,-0.8951326120178619,-0.5737985799504526,-0.36723279799207864,-18.158031205356753,Neutro,14.27916570767196
2025-06-14,0.0,0.0,-0.8941580760222019,0.0,-0.22353951900555047,-11.130664640779282,Neutro,14.27916570767196
2025-06-15,0.0,0.0,-0.8931849148020109,0.0,-0.22329622870050272,-11.118650671159804,Neutro,14.27916570767196
2025-06-16,0.0,0.0,-1.0288444922214806,-0.5737985799504526,-0.4006607680429833,-19.76928127553134,Neutro,14.27916570767196
2025-06-17,0.0,0.0,-1.190894686777741,-0.5737985799504526,-0.4411733166820484,-21.707714616913655,Pressão moderada de queda,14.27916570767196
2025-06-18,0.0,0.0,-1.3518245256381543,-0.5737985799504526,-0.4814057763971517,-23.61595468031971,Pressão moderada de queda,14.27916570767196
2025-06-19,0.0,0.0,-1.1168254809497915,-0.5737985799504526,-0.422656015225061,-20.82372719378788,Pressão moderada de queda,14.27916570767196
2025-06-20,0.0,0.0,-1.372240043192143,-0.5737985799504526,-0.4865096557856489,-23.856770488264708,Pressão moderada de queda,14.27916570767196
2025-06-21,0.0,0.0,-1.3603641873296795,0.0,-0.34009104683241986,-16.842527826000424,Neutro,14.27916570767196
2025-06-22,0.0,0.0,-1.3486529932395872,0.0,-0.3371632483098968,-16.70025557711366,Neutro,14.27916570767196
2025-06-23,0.0,0.0,-1.0949157051701162,-0.5737985799504526,-0.4171785712801422,-20.56158200425861,Pressão moderada de queda,14.27916570767196
2025-06-24,0.0,0.0,-1.110200424343832,-0.5737985799504526,-0.4209997510735711,-20.74449134962957,Pressão moderada de queda,14.27916570767196
2025-06-25,0.0,0.0,-0.584896327838092,-0.5737985799504526,-0.2896737269471361,-14.383250802089368,Neutro,14.27916570767196
2025-06-26,0.0,0.0,-0.5320124078205909,-0.5737985799504526,-0.2764527469427609,-13.735270782003633,Neutro,14.27916570767196
2025-06-27,0.0,0.0,-0.7538825526147045,-0.5737985799504526,-0.3319202831412893,-16.445307564471953,Neutro,14.27916570767196
2025-06-28,0.0,0.0,-0.7474500757906954,0.0,-0.18686251894767386,-9.316033913684606,Neutro,14.27916570767196
2025-06-29,0.0,0.0,-0.7410422601035015,0.0,-0.18526056502587537,-9.2366254649675,Neutro,14.27916570767196
2025-06-30,0.0,0.0,-0.7379648417880039,-0.5737985799504526,-0.32794085543461415,-16.251654212622014,Neutro,14.165830285763619
2025-07-01,0.0,0.0,-0.643077326104809,-0.5737985799504526,-0.3042189765138154,-15.094711067679581,Neutro,14.165830285763619
2025-07-02,0.0,0.0,-0.5306833928636782,-0.5737985799504526,-0.2761204932035327,-13.718971134337796,Neutro,14.165830285763619
2025-07-03,0.0,0.0,-0.720370526962089,-0.5737985799504526,-0.3235422767281354,-16.037457745239273,Neutro,14.165830285763619
2025-07-04,0.0,0.0,-0.9572247581423349,-0.5726407432174933,-0.38246637533995703,-18.893564936231535,Neutro,14.165830285763619
2025-07-05,0.0,0.0,-0.9501775628235236,0.0,-0.2375443907058809,-11.821682903023603,Neutro,14.165830285763619
2025-07-06,0.0,0.0,-0.9431916670713822,0.0,-0.23579791676784556,-11.735570706294352,Neutro,14.165830285763619
2025-07-07,0.0,0.0,-0.2921497720117659,-0.5726407432174933,-0.2161976288073148,-10.767971559575967,Neutro,14.165830285763619
2025-07-08,0.0,0.0,-0.04245397665034195,-0.5726407432174933,-0.1537736799669588,-7.6735689662234385,Neutro,14.165830285763619
2025-07-09,0.0,0.0,-0.0705687756199765,-0.5726407432174933,-0.16080237970936745,-8.022838947834563,Neutro,14.165830285763619
2025-07-10,0.0,0.0,0.4774187192734797,-0.5726407432174933,-0.023805505986003395,-1.1902190915246538,Neutro,14.165830285763619
2025-07-11,0.0,0.0,0.6233591557199889,-0.5726407432174933,0.012679603125623912,0.6339716625452232,Neutro,14.165830285763619
2025-07-12,0.0,0.0,0.6276827821877216,0.0,0.1569206955469304,7.829974192126862,Neutro,14.165830285763619
2025-07-13,0.0,0.0,0.6320380160716196,0.0,0.1580095040179049,7.884078537992072,Neutro,14.165830285763619
2025-07-14,0.0,0.0,0.37586215154142816,-0.5726407432174933,-0.049194647919016274,-2.4592364467014605,Neutro,14.165830285763619
2025-07-15,0.0,0.0,0.5547867992750468,-0.5687477185514864,-0.0034902298191099024,-0.1745113138017642,Neutro,14.165830285763619
2025-07-16,0.0,0.0,0.3206174190514068,-0.5648655101485233,-0.06106202277427912,-3.052152850353246,Neutro,14.165830285763619
2025-07-17,0.0,0.0,0.5216157785948837,-0.5648655101485233,-0.010812432888409884,-0.5406163775340416,Neutro,14.165830285763619
2025-07-18,0.0,0.0,0.6041701382002579,-0.5648655101485233,0.009826157012933656,0.49130389756613596,Neutro,14.165830285763619
2025-07-19,0.0,0.0,0.6050797868062113,0.0,0.15126994670155283,7.549107556753054,Neutro,14.165830285763619
2025-07-20,0.0,0.0,0.6059906102470536,0.0,0.1514976525617634,7.560427868743254,Neutro,14.165830285763619
2025-07-21,0.0,0.0,0.8457593052755529,-0.560993937961903,0.07119134182841247,3.5580644676944955,Neutro,14.165830285763619
2025-07-22,0.0,0.0,0.9434386192803643,-0.560993937961903,0.09561117032961533,4.776920054539819,Neutro,14.165830285763619
2025-07-23,0.0,0.0,0.8222974670176265,-0.560993937961903,0.06532588226393088,3.2651330407568215,Neutro,14.165830285763619
2025-07-24,0.0,0.0,0.8291909289119791,-0.560993937961903,0.06704924773751902,3.3512070066298203,Neutro,14.165830285763619
2025-07-25,0.0,0.0,1.0395541710440255,-0.560993937961903,0.11964005827053062,5.974877707558398,Neutro,14.165830285763619
2025-07-26,0.0,0.0,1.0371046876873684,0.0,0.2592761719218421,12.891670102293878,Neutro,14.165830285763619
2025-07-27,0.0,0.0,1.0346637191281358,0.0,0.25866592978203395,12.861663912379415,Neutro,14.165830285763619
2025-07-28,0.0,0.0,1.0157616730801786,-0.560993937961903,0.1136919337795689,5.678481403626491,Neutro,14.165830285763619
2025-07-29,0.0,0.0,0.9224851336895828,-0.560993937961903,0.09037279893191996,4.515567053818574,Neutro,14.165830285763619
2025-07-30,0.0,0.0,1.0618818404088135,-0.560993937961903,0.12522197561172763,6.252930136744658,Neutro,14.165830285763619
2025-07-31,0.0,0.0,0.49764359044926904,-0.560993937961903,-0.01583758687815849,-0.7918627921206609,Neutro,14.382463644103877
2025-08-01,0.0,0.0,-0.08615065698965342,-0.560993937961903,-0.1617861487378891,-8.071708860646066,Neutro,14.382463644103877
2025-08-02,0.0,0.0,-0.08526658055245973,0.0,-0.02131664513811493,-1.065791899281648,Neutro,14.382463644103877
2025-08-03,0.0,0.0,-0.08438252988297153,0.0,-0.021095632470742882,-1.0547425081995252,Neutro,14.382463644103877
2025-08-04,0.0,0.0,-0.21423544488029606,-0.557919924265152,-0.19303884228636203,-9.622080890969672,Neutro,14.382463644103877
2025-08-05,0.0,0.0,-0.1960569424669106,-0.557919924265152,-0.18849421668301566,-9.396904573058466,Neutro,14.382463644103877
2025-08-06,0.0,0.0,-0.4998653303318575,-0.5557575098414642,-0.2639057100433304,-13.119231660644513,Neutro,14.382463644103877
2025-08-07,0.0,0.0,-0.6133955566154313,-0.5526975536001055,-0.2915232775538842,-14.473803106240979,Neutro,14.382463644103877
2025-08-08,0.0,0.0,-0.6876035211044718,-0.5505457939173061,-0.3095373287554445,-15.354464862812844,Neutro,14.382463644103877
2025-08-09,0.0,0.0,-0.6818313295976479,0.0,-0.17045783239941198,-8.502314734729039,Neutro,14.382463644103877
2025-08-10,0.0,0.0,-0.6760919260802614,0.0,-0.16902298152006534,-8.431086480446522,Neutro,14.382463644103877
2025-08-11,0.0,0.0,-0.6263572144176268,-0.5467162472368744,-0.29326836541362533,-14.55921878958215,Neutro,14.382463644103877
2025-08-12,0.0,0.0,-0.9699789229020439,-0.5428965030738033,-0.3782188564939618,-18.688688210342637,Neutro,14.382463644103877
2025-08-13,0.0,0.0,-0.9346180141216764,-0.5441371826549594,-0.369688799194159,-18.276755841380144,Neutro,14.382463644103877
2025-08-14,0.0,0.0,-0.6048121677232317,-0.5441371826549594,-0.2872373375945477,-14.263930662295007,Neutro,14.382463644103877
2025-08-15,0.0,0.0,-0.8471821352145298,-0.5403224976633042,-0.3468761582194585,-17.171970202709513,Neutro,14.382463644103877
2025-08-16,0.0,0.0,-0.8411117893167666,0.0,-0.21027794732919164,-10.475326982093799,Neutro,14.382463644103877
2025-08-17,0.0,0.0,-0.8350989939504744,0.0,-0.2087747484876186,-10.400985949607879,Neutro,14.382463644103877
2025-08-18,0.0,0.0,-0.9823035952639179,-0.5365173332634432,-0.37970523213184026,-18.760401308356318,Neutro,14.382463644103877
2025-08-19,0.0,0.0,-0.49085442787505507,-0.771553725136203,-0.3156020382528145,-15.650412569626807,Neutro,14.382463644103877
2025-08-20,0.0,0.0,-0.670511049050177,-0.5409113304335658,-0.3028555948709357,-15.028088375026574,Neutro,14.382463644103877
2025-08-21,0.0,0.0,-0.5806806794281749,-0.5409113304335658,-0.28039800246543517,-13.928759368809644,Neutro,14.382463644103877
2025-08-22,0.0,0.0,-0.4731061475692757,-0.5409113304335658,-0.25350436950071037,-12.607771375529934,Neutro,14.382463644103877
2025-08-23,0.0,0.0,-0.4668590652874651,0.0,-0.11671476632186628,-5.829122628717265,Neutro,14.382463644103877
2025-08-24,0.0,0.0,-0.4605894957130141,0.0,-0.11514737392825353,-5.751015746450135,Neutro,14.382463644103877
2025-08-25,0.0,0.0,-0.37850502131485164,-0.7662994826602494,-0.28620112599377523,-14.213170472106013,Neutro,14.382463644103877
2025-08-26,0.0,0.0,-0.34204363473171717,-0.7610710606300414,-0.27577867384043964,-13.702201442547077,Neutro,14.382463644103877
2025-08-27,0.0,0.0,0.08169130540512543,-0.7558680093999556,-0.16854417599870752,-8.407315900230577,Neutro,14.382463644103877
2025-08-28,0.0,0.0,-0.03179200739788286,-0.9788613821536905,-0.2526633473878933,-12.56638650535412,Neutro,14.382463644103877
2025-08-29,0.0,0.0,0.4004155954289894,-1.4255508060565187,-0.25628380265688233,-12.744509950550489,Neutro,14.190790030632137
2025-08-30,0.0,0.0,0.40122643463878116,0.0,0.10030660865969529,5.011129549237613,Neutro,14.190790030632137
2025-08-31,0.0,0.0,0.40203804092248413,0.0,0.10050951023062103,5.0212491005709206,Neutro,14.190790030632137
2025-09-01,0.0,0.0,0.3205511944656138,-1.4130751193991145,-0.27313098123337515,-13.572278846371756,Neutro,14.190790030632137
2025-09-02,0.0,0.0,0.9140195156955532,-1.4045899856944504,-0.1226426174997243,-6.124456195243077,Neutro,14.190790030632137
2025-09-03,0.0,0.0,0.8585727534107146,-0.49216689068920366,0.09160146568037773,4.576873418152029,Neutro,14.190790030632137
2025-09-04,0.0,0.0,0.8113708595041718,-1.1659421191609676,-0.08864281491419895,-4.429240877484978,Neutro,14.190790030632137
2025-09-05,0.0,0.0,0.44569357410849675,-0.7104496166055732,-0.0661890106242691,-3.308242839169019,Neutro,14.190790030632137
2025-09-06,0.0,0.0,0.4529416483941163,0.0,0.11323541209852908,5.655728628106705,Neutro,14.190790030632137
2025-09-07,0.0,0.0,0.4602903368672059,0.0,0.11507258421680147,5.747288620906458,Neutro,14.190790030632137
2025-09-08,0.0,0.0,0.5351646423380135,-0.4820920646167024,0.013268144430327783,0.6633974893016265,Neutro,14.190790030632137
2025-09-09,0.0,0.0,0.07350184053857774,-0.4820920646167024,-0.10214755601953117,-5.102941512363243,Neutro,14.190790030632137
2025-09-10,0.0,0.0,-0.057722268353338296,-0.4820920646167024,-0.13495358324251017,-6.737456787373146,Neutro,14.190790030632137
2025-09-11,0.0,0.0,-0.35741183449647335,-0.4810345586322529,-0.20961159828218157,-10.442373981517946,Neutro,14.190790030632137
2025-09-12,0.0,0.0,-0.14037012171291424,-0.4810345586322529,-0.1553511700862918,-7.751974268493618,Neutro,14.190790030632137
2025-09-13,0.0,0.0,-0.1348692211397759,0.0,-0.033717305284943974,-1.6857055668041552,Neutro,14.190790030632137
2025-09-14,0.0,0.0,-0.1293334428262156,0.0,-0.0323333607065539,-1.6165272050942394,Neutro,14.190790030632137
2025-09-15,0.0,0.0,-0.3452242546390298,-0.4810345586322529,-0.20656470331782067,-10.291666590238965,Neutro,14.190790030632137
2025-09-16,0.0,0.0,-0.47899655526484514,-0.4810345586322529,-0.2400077784742745,-11.943113229802126,Neutro,14.190790030632137
2025-09-17,0.0,0.0,-0.7260264993116017,-0.702263953232151,-0.3570726131359382,-17.666322399114133,Neutro,14.190790030632137
2025-09-18,0.0,0.0,-0.46056652644602064,-0.472622244855787,-0.23329719282545192,-11.612238519805738,Neutro,14.190790030632137
2025-09-19,0.0,0.0,-0.3526868625693874,-0.9180278203316381,-0.31767867072525635,-15.751684495920983,Neutro,14.190790030632137
2025-09-20,0.0,0.0,-0.34892392556856916,0.0,-0.08723098139214229,-4.358785498157995,Neutro,14.190790030632137
2025-09-21,0.0,0.0,-0.3451620922878285,0.0,-0.08629052307195713,-4.3118509625145895,Neutro,14.190790030632137
2025-09-22,0.0,0.0,-0.2836800387263754,-0.46302190275069066,-0.18667548536926654,-9.306763315832566,Neutro,14.190790030632137
2025-09-23,0.0,0.0,-0.8751336157297162,-0.23830304483132803,-0.27835916514026104,-13.828781118623318,Neutro,14.190790030632137
2025-09-24,0.0,0.0,-0.667728981227317,-0.6885717768914144,-0.33907518952968285,-16.79317158776153,Neutro,14.190790030632137
2025-09-25,0.0,0.0,-0.4837542329330357,-0.6873209849034141,-0.29276880445911246,-14.534769315038456,Neutro,14.190790030632137
2025-09-26,0.0,0.0,0.05946587426385294,-0.46179378673198135,-0.1005819781170321,-5.024863352670858,Neutro,14.190790030632137
2025-09-27,0.0,0.0,0.057144030394134585,0.0,0.014286007598533646,0.7142882317101235,Neutro,14.190790030632137
2025-09-28,0.0,0.0,0.05481989040382552,0.0,0.01370497260095638,0.6852379046078592,Neutro,14.190790030632137
2025-09-29,0.0,0.0,-0.40007076710023304,-0.46179378673198135,-0.2154661384580536,-10.731819698590122,Neutro,14.190790030632137
2025-09-30,0.0,0.0,-0.438299155250437,-0.46179378673198135,-0.2250232354956046,-11.20392530167766,Neutro,14.160249639249638
2025-10-01,0.0,0.0,-0.29122047108782095,-0.46179378673198135,-0.18825356445495056,-9.38497807700399,Neutro,14.160249639249638
2025-10-02,0.0,0.0,0.14308814575348808,-1.3558903042536503,-0.30320053962504057,-15.044945658085924,Neutro,14.160249639249638
2025-10-03,0.0,0.0,0.339518082220296,-0.6802748793717365,-0.08518919928786012,-4.256885853171565,Neutro,14.160249639249638
2025-10-04,0.0,0.0,0.3335596473138139,0.0,0.08338991182845347,4.167081090328171,Neutro,14.160249639249638
2025-10-05,0.0,0.0,0.327571959202538,0.0,0.0818929898006345,4.092362639495287,Neutro,14.160249639249638
2025-10-06,0.0,0.0,0.4993425974172832,-0.9020731608089254,-0.10068264084791055,-5.029883768220346,Neutro,14.160249639249638
2025-10-07,0.0,0.0,0.7194787938576557,-0.899204662933692,-0.04493146726900907,-2.246195484332076,Neutro,14.160249639249638
2025-10-08,0.0,0.0,0.8490545734694177,-0.8963472321514856,-0.011823164670516972,-0.5911513472581336,Neutro,14.160249639249638
2025-10-09,0.0,0.0,0.9439361783348542,-0.8935007741441346,0.012608851047679892,0.6304342000395371,Neutro,14.160249639249638
2025-10-10,0.0,0.0,1.514625905439307,-0.446306742199106,0.26707979081005023,13.275171577713497,Neutro,14.160249639249638
2025-10-11,0.0,0.0,1.5036052649933216,0.0,0.3759013162483304,18.576834227567055,Neutro,14.160249639249638
2025-10-12,0.0,0.0,1.4928032407892875,0.0,0.3732008101973219,18.446436002501944,Neutro,14.160249639249638
2025-10-13,0.0,0.0,1.4792269319321132,-0.8906651956644832,0.1471404340669075,7.343776896273728,Neutro,14.160249639249638
2025-10-14,0.0,0.0,2.1500605950400327,-0.8878394176118807,0.315555294357038,15.64813261267598,Neutro,14.160249639249638
2025-10-15,0.0,0.0,1.6170658393107582,-0.8850253261342149,0.18301012829413582,9.125052062260599,Neutro,14.160249639249638
2025-10-16,0.0,0.0,1.217429669044591,-0.6610145673525226,0.13910377542301708,6.943995268977502,Neutro,14.160249639249638
2025-10-17,0.0,0.0,1.2254617686614924,-1.1014951651844707,0.030991650869255427,1.5494585264746283,Neutro,14.160249639249638
2025-10-18,0.0,0.0,1.2194500938283417,0.0,0.3048625234570854,15.126153724736088,Neutro,14.160249639249638
2025-10-19,0.0,0.0,1.2136270024782991,0.0,0.3034067506195748,15.055022671765592,Neutro,14.160249639249638
2025-10-20,0.0,0.0,0.8366911628653079,-0.43477708811968163,0.10047851868640656,5.0197034290977784,Neutro,14.160249639249638
2025-10-21,0.0,0.0,0.943000858386622,-1.3138835153233874,-0.09272066423419137,-4.632714686227776,Neutro,14.160249639249638
2025-10-22,0.0,0.0,0.9615466028902923,-1.304152055626262,-0.08565136318399244,-4.279951946130757,Neutro,14.160249639249638
2025-10-23,0.0,0.0,0.6725663995651298,-0.4193880795116032,0.06329458001338165,3.1636728779767287,Neutro,14.160249639249638
2025-10-24,0.0,0.0,0.5803595260899946,-0.4174917674068699,0.04071693967078119,2.035565766164348,Neutro,14.160249639249638
2025-10-25,0.0,0.0,0.5747053377706524,0.0,0.1436763344426631,7.1714842849078835,Neutro,14.160249639249638
2025-10-26,0.0,0.0,0.5690585086810405,0.0,0.14226462717026012,7.101258399947456,Neutro,14.160249639249638
2025-10-27,0.0,0.0,0.771422157423803,-0.41559810140488385,0.0889560140047298,4.444870001505033,Neutro,14.160249639249638
2025-10-28,0.0,0.0,0.583118651301702,0.027135755492749405,0.15256360169861286,7.613418536666818,Neutro,14.160249639249638
2025-10-29,0.0,0.0,0.2570853643242676,-0.19255666243507383,0.016132175472298442,0.8065912809382932,Neutro,14.160249639249638
2025-10-30,0.0,0.0,0.5578915118557813,0.029772620741523693,0.14691603314932625,7.332617269384688,Neutro,14.160249639249638
2025-10-31,0.0,0.0,-0.3072201018853664,0.03153784891669305,-0.06892056324216835,-3.4446647442738234,Neutro,14.068013878246063
2025-11-01,0.0,0.0,-0.3098020888012547,0.0,-0.07745052220031368,-3.8705914646207864,Neutro,14.068013878246063
2025-11-02,0.0,0.0,-0.3123927292921877,0.0,-0.07809818232304692,-3.902925549816965,Neutro,14.068013878246063
2025-11-03,0.0,0.0,-0.8003561299864569,-0.40652571059322284,-0.30172046014491993,-14.97260872623088,Neutro,14.068013878246063
2025-11-04,0.0,0.0,-0.800087485394289,-0.6227306016152779,-0.35570452175239176,-17.600044730303672,Neutro,14.068013878246063
2025-11-05,0.0,0.0,-0.36659896739753817,-0.39857001389357893,-0.19129224532277928,-9.535552332351973,Neutro,14.068013878246063
2025-11-06,0.0,0.0,-0.5863642006404298,-0.3951282001464568,-0.24537310019672165,-12.20746749189867,Neutro,14.068013878246063
2025-11-07,0.0,0.0,-0.505106950951469,-0.39169014498116694,-0.22419927398315898,-11.163242501485106,Neutro,14.068013878246063
2025-11-08,0.0,0.0,-0.49969853112779133,0.0,-0.12492463278194783,-6.23812098693184,Neutro,14.068013878246063
2025-11-09,0.0,0.0,-0.49429134561749005,0.0,-0.12357283640437251,-6.170791359521898,Neutro,14.068013878246063
2025-11-10,0.0,0.0,-0.27593423735116845,-1.0459057383719255,-0.33045999393077347,-16.374259247989514,Neutro,14.068013878246063
2025-11-11,0.0,0.0,-0.7752311059561889,-0.3808052471986693,-0.2890090882887146,-14.350704809984194,Neutro,14.068013878246063
2025-11-12,0.0,0.0,-0.6679396311407737,-0.3773860564080955,-0.2613314218872173,-12.992711316291558,Neutro,14.068013878246063
2025-11-13,0.0,0.0,-0.6722623416109879,-0.8120724382330463,-0.37108369496100857,-18.34416227289475,Neutro,14.068013878246063
2025-11-14,0.0,0.0,-0.5010217524438372,-0.36487618963129764,-0.2164744855187837,-10.781653684530298,Neutro,14.068013878246063
2025-11-15,0.0,0.0,-0.49656890651920976,0.0,-0.12414222662980244,-6.199151963688643,Neutro,14.068013878246063
2025-11-16,0.0,0.0,-0.4921232051417869,0.0,-0.12303080128544673,-6.143792352578465,Neutro,14.068013878246063
2025-11-17,0.0,0.0,-0.28758642916507143,-0.5804413750934707,-0.21700695106463552,-10.807966726129766,Neutro,14.068013878246063
2025-11-18,0.0,0.0,0.013561062083697588,-0.7961278645311595,-0.19564170061186548,-9.751002669374214,Neutro,14.068013878246063
2025-11-19,0.0,0.0,0.26931853664237854,-0.34455610602832293,-0.018809392346486098,-0.9404418906558009,Neutro,14.068013878246063
2025-11-20,0.0,0.0,-0.1448713854468802,-0.3387935513642556,-0.12091623420278394,-6.038456279543683,Neutro,14.068013878246063
2025-11-21,0.0,0.0,0.4036722651301119,-0.33405095450591116,0.017405327656050185,0.8702444131993796,Neutro,14.068013878246063
2025-11-22,0.0,0.0,0.40514425438577,0.0,0.1012860635964425,5.0599781158648,Neutro,14.068013878246063
2025-11-23,0.0,0.0,0.40661899134713964,0.0,0.10165474783678491,5.0783649583564054,Neutro,14.068013878246063
2025-11-24,0.0,0.0,0.7800183986880528,-0.7777384752956923,0.0005699808480901236,0.028499041632946483,Neutro,14.068013878246063
2025-11-25,0.0,0.0,0.33831548410569406,-0.7718416482946601,-0.1083815410472415,-5.413778650633173,Neutro,14.068013878246063
2025-11-26,0.0,0.0,0.23853193750596727,-0.7659916106555462,-0.13186491828739474,-6.583708688394821,Neutro,14.068013878246063
2025-11-27,0.0,0.0,0.37305891416152537,-0.760188859963362,-0.09678248645045917,-4.835350578115789,Neutro,14.068013878246063
2025-11-28,0.0,0.0,0.10670688013754542,-0.524483803129785,-0.1044442307480599,-5.21746946003809,Neutro,13.83719084073821
2025-11-29,0.0,0.0,0.10327568336307676,0.0,0.02581892084076919,1.2908743329723633,Neutro,13.83719084073821
2025-11-30,0.0,0.0,0.0998374697319072,0.0,0.0249593674329768,1.24790358844424,Neutro,13.83719084073821
2025-12-01,0.0,0.0,0.6058786417393017,-0.286955192147368,0.07973086239798344,3.984432586878068,Neutro,13.83719084073821
2025-12-02,0.0,0.0,1.0480338799943347,-0.7476738546973954,0.07509000632423482,3.752737161693811,Neutro,13.83719084073821
2025-12-03,0.0,0.0,0.5369497572504226,-0.26950289461796717,0.06686171565811386,3.3418409037339405,Neutro,13.83719084073821
2025-12-04,0.0,0.0,0.4397643051181902,-0.26100320368685725,0.04469027535783324,2.2341419407221195,Neutro,13.83719084073821
2025-12-05,0.0,0.0,0.7562562858317484,-0.49939970211115065,0.06421414593014944,3.2096044835793656,Neutro,13.83719084073821
2025-12-06,0.0,0.0,0.7536287568715585,0.0,0.18840718921788963,9.392591605585274,Neutro,13.83719084073821
2025-12-07,0.0,0.0,0.7510097683607069,0.0,0.18775244209017672,9.360142064074354,Neutro,13.83719084073821
2025-12-08,0.0,0.0,1.4183882212893224,-0.24306552616850452,0.29383067378020444,14.586737115837819,Neutro,13.83719084073821
2025-12-09,0.0,0.0,1.4663054646968685,-0.23395734203311488,0.3080870306659384,15.283651694640115,Neutro,13.83719084073821
2025-12-10,0.0,0.0,1.5507090333871945,0.04290999084562561,0.398404756058205,19.66086506918302,Neutro,13.83719084073821
2025-12-11,0.0,0.0,1.1340394832720435,-0.7738277592177502,0.09005293101357334,4.499606153856261,Neutro,13.83719084073821
2025-12-12,0.0,0.0,0.36952426732211785,-0.20291494254578443,0.041652331194083354,2.082315514746483,Neutro,13.83719084073821
2025-12-13,0.0,0.0,0.3705521179665149,0.0,0.09263802949162872,4.628591808763292,Neutro,13.83719084073821
2025-12-14,0.0,0.0,0.37158118320048905,0.0,0.09289529580012226,4.641427489505145,Neutro,13.83719084073821
2025-12-15,0.0,0.0,0.25603112515936827,0.419393885524242,0.16885625267090257,8.422809237947433,Neutro,13.83719084073821
2025-12-16,0.0,0.0,0.9409872461518455,0.13279441064555986,0.2684454141993513,13.342243336792523,Neutro,13.83719084073821
2025-12-17,0.0,0.0,1.7264866583312248,0.15492729395149196,0.4703534880706792,23.093483772720962,Pressão moderada de alta,13.83719084073821
2025-12-18,0.0,0.0,2.148740324382704,0.5214915251062732,0.6675579623722443,32.19122612988214,Pressão moderada de alta,13.83719084073821
2025-12-19,0.0,0.0,2.1746463705112165,0.5623536986612786,0.6842500172931237,32.93731923347774,Pressão moderada de alta,13.83719084073821
2025-12-20,0.0,0.0,2.1655024713374234,0.0,0.5413756178343558,26.426472687993304,Pressão moderada de alta,13.83719084073821
2025-12-21,0.0,0.0,2.156451971620479,0.0,0.5391129929051197,26.3212106329566,Pressão moderada de alta,13.83719084073821
2025-12-22,0.0,0.0,2.2323877690621328,0.62211045385202,0.7136245557285382,34.240311780545575,Pressão moderada de alta,13.83719084073821
2025-12-23,0.0,0.0,2.4785756475412124,0.6779667581190123,0.7891356014150561,37.52913946336262,Pressão moderada de alta,13.83719084073821
2025-12-24,0.0,0.0,2.530329679097171,0.7268372884134952,0.8142917418776665,38.60465873464634,Pressão moderada de alta,13.83719084073821
2025-12-25,0.0,0.0,2.665298191670445,0.7827143523228237,0.8620031359983171,40.615799378821315,Pressão moderada de alta,13.83719084073821
2025-12-26,0.0,0.0,2.2374599756671967,0.35575025944489275,0.6483025587780223,31.32556925838189,Pressão moderada de alta,13.83719084073821
2025-12-27,0.0,0.0,2.216059534952439,0.0,0.5540148837381097,27.013314420938407,Pressão moderada de alta,13.83719084073821
2025-12-28,0.0,0.0,2.1951467279506884,0.0,0.5487866819876721,26.77080923432825,Pressão moderada de alta,13.83719084073821
2025-12-29,0.0,0.0,1.6665802302209716,-0.09372412384920484,0.3932140265929417,19.41123414934765,Neutro,13.83719084073821
2025-12-30,0.0,0.0,0.6803094015383644,-0.08110843651634456,0.14980024125550495,7.476037029430362,Neutro,13.83719084073821
2025-12-31,0.0,0.0,0.5966988015613424,-1.0465888770708407,-0.11247251887737458,-5.617705162933848,Neutro,13.83719084073821
2026-01-01,0.0,0.0,0.9959851041382861,-1.0725382245216126,-0.019138280095831628,-0.9568847981533982,Neutro,13.83719084073821
2026-01-02,0.0,0.0,0.5886926970222488,-0.028784378189074266,0.13997707970829362,6.987448613322665,Neutro,13.83719084073821
2026-01-03,0.0,0.0,0.5840389333359072,0.0,0.1460097333339768,7.287544430395061,Neutro,13.83719084073821
2026-01-04,0.0,0.0,0.5793977677307941,0.0,0.14484944193269852,7.229835532508348,Neutro,13.83719084073821
2026-01-05,0.0,0.0,0.6319862436630062,-0.0124478296402804,0.15488460350568145,7.72878570771314,Neutro,13.83719084073821
2026-01-06,0.0,0.0,-0.4560720157220685,-0.0070766163822163965,-0.11578715802607123,-5.782898562025157,Neutro,13.83719084073821
2026-01-07,0.0,0.0,-0.9550207356051773,0.5602234924254338,-0.09869931079493588,-4.930963252463524,Neutro,13.83719084073821
2026-01-08,0.0,0.0,-1.1633938680697156,-1.1083612200606243,-0.567938772032585,-27.657484328933858,Pressão moderada de queda,13.83719084073821
2026-01-09,0.0,0.0,-1.203915131699435,-1.099633730504804,-0.5758872155510597,-28.02410132994943,Pressão moderada de queda,13.83719084073821
2026-01-10,0.0,0.0,-1.212346556590887,0.0,-0.30308663914772177,-15.039379493621595,Neutro,13.83719084073821
2026-01-11,0.0,0.0,-1.220892139572522,0.0,-0.3052230348931305,-15.143766390093042,Neutro,13.83719084073821
2026-01-12,0.0,0.0,-1.389612417573389,-1.094973416135384,-0.6211464584271933,-30.095849543642856,Pressão moderada de queda,13.83719084073821
2026-01-13,0.0,0.0,-1.6206697247663413,1.1667749516196713,-0.11347369328666751,-5.667604497615522,Neutro,13.83719084073821
2026-01-14,0.0,0.0,-1.3109208240128358,0.04049864677726774,-0.31760554430889204,-15.748118873579156,Neutro,13.83719084073821
2026-01-15,0.0,0.0,-1.2620676849318668,0.04512296483018872,-0.3042361800254195,-15.095551643041762,Neutro,13.83719084073821
2026-01-16,0.0,0.0,-1.3728409887696031,-1.0834385123689527,-0.614069875284639,-29.7737271448256,Pressão moderada de queda,13.83719084073821
2026-01-17,0.0,0.0,-1.3767581229253294,0.0,-0.34418953073133235,-17.04156994423007,Neutro,13.83719084073821
2026-01-18,0.0,0.0,-1.3806978622579473,0.0,-0.34517446556448683,-17.089382469624933,Neutro,13.83719084073821
2026-01-19,0.0,0.0,-1.8253386637935822,-0.5090466162797322,-0.5835963200183286,-28.37889980575777,Pressão moderada de queda,13.83719084073821
2026-01-20,0.0,0.0,-1.0096622265828388,-1.0721883433010246,-0.5204626424709659,-25.451188246203998,Pressão moderada de queda,13.83719084073821
2026-01-21,0.0,0.0,-1.4180211559560736,-1.063834406723984,-0.6204638906700144,-30.064809182166595,Pressão moderada de queda,13.83719084073821
2026-01-22,0.0,0.0,-1.649262585882686,0.08450929099469924,-0.3911883237219967,-19.313746256146533,Neutro,13.83719084073821
2026-01-23,0.0,0.0,-1.2525676839591804,0.09472927751656188,-0.28945960161065465,-14.372765862850443,Neutro,13.83719084073821
2026-01-24,0.0,0.0,-1.2427822050742277,0.0,-0.3106955512685569,-15.411005644242284,Neutro,13.83719084073821
2026-01-25,0.0,0.0,-1.2331103664405234,0.0,-0.30827759161013085,-15.292957040650549,Neutro,13.83719084073821
2026-01-26,0.0,0.0,-1.3195302209063198,0.10521226850848767,-0.303579488099458,-15.06346367803044,Neutro,13.83719084073821
2026-01-27,0.0,0.0,-1.1428401825209555,0.7248209963134552,-0.10450479655187508,-5.220489501848465,Neutro,13.83719084073821
2026-01-28,0.0,0.0,-1.7498531031545959,1.347071756324828,-0.10069533670744196,-5.0305169549855995,Neutro,13.83719084073821
2026-01-29,0.0,0.0,-1.6005403839331638,1.3649957210987127,-0.05888616570861277,-2.9434577781803686,Neutro,13.83719084073821
2026-01-30,0.0,0.0,-1.110129032972258,1.3649957210987127,0.06371667203161369,3.1847562145779773,Neutro,13.750729494365228
2026-01-31,0.0,0.0,-1.1013012140420946,0.0,-0.27532530351052364,-13.679957837659341,Neutro,13.750729494365228
2026-02-01,0.0,0.0,-1.092557746664266,0.0,-0.2731394366660665,-13.572693830029191,Neutro,13.750729494365228
2026-02-02,0.0,0.0,-0.8586163334001443,0.1346887276599128,-0.18098190143505788,-9.024475864147613,Neutro,13.750729494365228
2026-02-03,0.0,0.0,-1.1967975641579254,0.1346887276599128,-0.2655272091245031,-13.198902707701842,Neutro,13.750729494365228
2026-02-04,0.0,0.0,-1.1002673809566175,1.3689272502162046,0.0671649673148968,3.3569864762911426,Neutro,13.750729494365228
2026-02-05,0.0,0.0,-0.9295031234266918,0.14316341744830116,-0.19658492649459766,-9.797713392694982,Neutro,13.750729494365228
2026-02-06,0.0,0.0,-1.105888508803425,1.3872041483783666,0.07032890989373541,3.5149968040225708,Neutro,13.750729494365228
2026-02-07,0.0,0.0,-1.0970736083903263,0.0,-0.2742684020975816,-13.628097972033826,Neutro,13.750729494365228
2026-02-08,0.0,0.0,-1.0883422687028406,0.0,-0.27208556717571014,-13.520967369604403,Neutro,13.750729494365228
2026-02-09,0.0,0.0,-1.3248400537524592,1.4062324446813028,0.020348097732210912,1.0173697837732096,Neutro,13.750729494365228
2026-02-10,0.0,0.0,-1.3651861336255346,1.3958374209877915,0.007662821840564216,0.3831392172392253,Neutro,13.750729494365228
2026-02-11,0.0,0.0,-1.1412069940399274,0.14405439576030588,-0.2492881495699054,-12.400256497061681,Neutro,13.750729494365228
2026-02-12,0.0,0.0,-1.0565291004925748,0.14405439576030588,-0.22811867618306722,-11.356727895743408,Neutro,13.750729494365228
2026-02-13,0.0,0.0,-0.23829786779129475,0.14405439576030588,-0.023560868007747218,-1.177988907664438,Neutro,13.750729494365228
2026-02-14,0.0,0.0,-0.2396335515081758,0.0,-0.05990838787704395,-2.9945238315236327,Neutro,13.750729494365228
2026-02-15,0.0,0.0,-0.2409709389196391,0.0,-0.06024273472990978,-3.011226099668653,Neutro,13.750729494365228
2026-02-16,0.0,0.0,-0.12783204965734885,0.14405439576030588,0.004055586525739258,0.20277904834823945,Neutro,13.750729494365228
2026-02-17,0.0,0.0,0.2259224456001019,0.14405439576030588,0.09249421034010194,4.621416233124501,Neutro,13.750729494365228
2026-02-18,0.0,0.0,0.8272407789930564,0.14405439576030588,0.24282379368834056,12.08188221018166,Neutro,13.750729494365228
2026-02-19,0.0,0.0,0.6138747200053396,0.14405439576030588,0.18948227894141137,9.445869170423684,Neutro,13.750729494365228
2026-02-20,0.0,0.0,0.023856114881528636,0.14405439576030588,0.04197762766045863,2.0985732303704103,Neutro,13.750729494365228
2026-02-21,0.0,0.0,0.020451206268636127,0.0,0.005112801567159032,0.2556395214743417,Neutro,13.750729494365228
2026-02-22,0.0,0.0,0.017036862558448548,0.0,0.004259215639612137,0.21296046003918637,Neutro,13.750729494365228
2026-02-23,0.0,0.0,-0.6277128906996288,0.14405439576030588,-0.12091462373483072,-6.038376049754217,Neutro,13.750729494365228
2026-02-24,0.0,0.0,-0.2458783488350833,-1.1001343657314586,-0.3365031786416355,-16.668170788780927,Neutro,13.750729494365228
2026-02-25,0.0,0.0,-0.6118500393798743,-1.0926091781152483,-0.42611480437378063,-20.98910779632491,Pressão moderada de queda,13.750729494365228
2026-02-26,0.0,0.0,-0.8866463934396277,-0.4670197605926524,-0.33841653850807,-16.76116600068304,Neutro,13.750729494365228
2026-02-27,0.0,0.0,-0.5489247588123105,-1.082279035611997,-0.40780094860607685,-20.112094109536873,Pressão moderada de queda,13.59535035689788
2026-02-28,0.0,0.0,-0.5560287175553453,0.0,-0.13900717938883633,-6.939188740006818,Neutro,13.59535035689788
2026-03-01,0.0,0.0,-0.5632274882745651,0.0,-0.1408068720686413,-7.028734461338441,Neutro,13.59535035689788
2026-03-02,0.0,0.0,0.3442843329039431,-1.0749111315886897,-0.18265669967118664,-9.107527492662037,Neutro,13.59535035689788
2026-03-03,0.0,0.0,1.1414475222364364,0.1648033085044444,0.3265627076852202,16.18455927826339,Neutro,13.59535035689788
2026-03-04,0.0,0.0,0.5321168859463344,0.1648033085044444,0.1742300486126947,8.689531845321097,Neutro,13.59535035689788
2026-03-05,0.0,0.0,1.0568404910059466,1.3942222168802274,0.6127656769715435,29.71428639179998,Pressão moderada de alta,13.59535035689788
2026-03-06,0.0,0.0,0.8553032999065642,0.7734080352382104,0.40717783378619365,20.082196734406445,Pressão moderada de alta,13.59535035689788
2026-03-07,0.0,0.0,0.8485222771527839,0.0,0.21213056928819599,10.566932700996801,Neutro,13.59535035689788
2026-03-08,0.0,0.0,0.8417798831307624,0.0,0.2104449707826906,10.483586443009742,Neutro,13.59535035689788
2026-03-09,0.0,0.0,0.08915296180811048,0.15663960207356162,0.06144814097041802,3.0714406615831145,Neutro,13.59535035689788
2026-03-10,0.0,0.0,-0.4371951960448548,0.15663960207356162,-0.07013889849282329,-3.5055079404646623,Neutro,13.59535035689788
2026-03-11,0.0,0.0,-0.5250736921280265,0.15663960207356162,-0.0921085225136162,-4.602172857155115,Neutro,13.59535035689788
2026-03-12,0.0,0.0,0.02599485261993177,-1.0695991588499194,-0.2609010765574969,-12.971556692870518,Neutro,13.59535035689788
2026-03-13,0.0,0.0,0.7764886303394218,0.16669445177394496,0.2357957705283417,11.735464872245197,Neutro,13.59535035689788
2026-03-14,0.0,0.0,0.7699438620798613,0.0,0.19248596551996533,9.594692263764873,Neutro,13.59535035689788
2026-03-15,0.0,0.0,0.7634263817459533,0.0,0.19085659543648834,9.513967451202848,Neutro,13.59535035689788
2026-03-16,0.0,0.0,1.2518880769672593,0.7810817603603724,0.5082424593319079,24.87887512382122,Pressão moderada de alta,13.59535035689788
2026-03-17,0.0,0.0,0.5543985193385077,0.16960334309237868,0.1810004656077216,9.025396512570373,Neutro,13.59535035689788
2026-03-18,0.0,0.0,0.8951550330573574,1.398111865723425,0.5733167246951956,27.905627859045268,Pressão moderada de alta,13.59535035689788
2026-03-19,0.0,0.0,1.441122717836016,2.6016563076317594,1.0106947563669437,46.631218432977626,Pressão moderada de alta,13.59535035689788
2026-03-20,0.0,0.0,1.5345084956409913,2.5720293443363196,1.0266344599943278,47.25257913011912,Pressão moderada de alta,13.59535035689788
2026-03-21,0.0,0.0,1.5275859305300528,0.0,0.3818964826325132,18.866085986101087,Neutro,13.59535035689788
2026-03-22,0.0,0.0,1.5207259826672936,0.0,0.3801814956668234,18.78337534723464,Neutro,13.59535035689788
2026-03-23,0.0,0.0,0.6309247279450193,2.543247411724375,0.7935430349173486,37.718316429223684,Pressão moderada de alta,13.59535035689788
2026-03-24,0.0,0.0,-0.07955410070203026,2.5694072319539756,0.6224632828129864,30.155715256276665,Pressão moderada de alta,13.59535035689788
2026-03-25,0.0,0.0,0.3769972447906656,2.561873005438973,0.7347175625574097,35.16793085736099,Pressão moderada de alta,13.59535035689788
2026-03-26,0.0,0.0,0.054100237658988734,2.5378598680462714,0.647990026426315,31.311475377369753,Pressão moderada de alta,13.59535035689788
2026-03-27,0.0,0.0,-0.3025980187363201,1.90234376949722,0.399936437690225,19.734477697742694,Neutro,13.59535035689788
2026-03-28,0.0,0.0,-0.2983120760039213,0.0,-0.07457801900098032,-3.727173602186333,Neutro,13.59535035689788
2026-03-29,0.0,0.0,-0.2940214181790934,0.0,-0.07350535454477335,-3.67361382017384,Neutro,13.59535035689788
2026-03-30,0.0,0.0,0.43058123668647946,2.4734504422189474,0.7260079197263567,34.78572549082971,Pressão moderada de alta,13.59535035689788
2026-03-31,0.0,0.0,0.8054079385215199,2.4344971935593445,0.8099762830202161,38.42089006682662,Pressão moderada de alta,14.10482465084828
2026-04-01,0.0,0.0,0.23034614601032205,1.2322074801009357,0.36563840652781443,18.08092895424826,Neutro,14.10482465084828
2026-04-02,0.0,0.0,-0.18113962106807469,1.2238066150717792,0.26066674850092614,12.960037256719566,Neutro,14.10482465084828
2026-04-03,0.0,0.0,-0.6706053814508857,1.2154936878358205,0.1362220765962337,6.800590843094439,Neutro,14.10482465084828
2026-04-04,0.0,0.0,-0.6644118019802181,0.0,-0.16610295049505452,-8.286105011721416,Neutro,14.10482465084828
2026-04-05,0.0,0.0,-0.6582316157827995,0.0,-0.16455790394569988,-8.209378198971313,Neutro,14.10482465084828
2026-04-06,0.0,0.0,-0.8854095704539845,1.78845311096959,0.22576088512890138,11.240343298592954,Neutro,14.10482465084828
2026-04-07,0.0,0.0,-0.1427527972611252,2.9021475533277674,0.6898486890166605,33.186653204984054,Pressão moderada de alta,14.10482465084828
2026-04-08,0.0,0.0,-0.9904061803108773,2.290780101164904,0.3250934802135066,16.113013658121847,Neutro,14.10482465084828
2026-04-09,0.0,0.0,-1.5407846808707522,1.1399206647898712,-0.10021600402022024,-5.006610683063901,Neutro,14.10482465084828
2026-04-10,0.0,0.0,-2.3313549565534855,2.2481675231783713,-0.020796858343778535,-1.0398054403306791,Neutro,14.10482465084828
2026-04-11,0.0,0.0,-2.297373006420556,0.0,-0.574343251605139,-27.952950516344654,Pressão moderada de queda,14.10482465084828
2026-04-12,0.0,0.0,-2.264544556358754,0.0,-0.5661361390896885,-27.57422644781262,Pressão moderada de queda,14.10482465084828
2026-04-13,0.0,0.0,-1.8833604566049778,3.289903010447313,0.3516356384605838,17.402832141812528,Neutro,14.10482465084828
2026-04-14,0.0,0.0,-2.4344995538242507,2.1578316443295273,-0.06916697737368083,-3.456970779159972,Neutro,14.10482465084828
2026-04-15,0.0,0.0,-1.9879563802459905,0.5089147141877998,-0.3697604165145477,-18.28021706956718,Neutro,14.10482465084828
2026-04-16,0.0,0.0,-1.9236539333286615,2.162618307283923,0.059741093488815344,2.9861665919867737,Neutro,14.10482465084828
2026-04-17,0.0,0.0,-2.265545830960422,2.1356021028588477,-0.03248593202539363,-1.6241537681500247,Neutro,14.10482465084828
2026-04-18,0.0,0.0,-2.2395617771187686,0.0,-0.5598904442796921,-27.28543816458383,Pressão moderada de queda,14.10482465084828
2026-04-19,0.0,0.0,-2.214282006601169,0.0,-0.5535705016502922,-26.992715451122667,Pressão moderada de queda,14.10482465084828
2026-04-20,0.0,0.0,-2.031227322789125,2.1093777631575117,0.019537610092096647,0.9768494313679741,Neutro,14.10482465084828
2026-04-21,0.0,0.0,-1.8761792966212814,2.0823865156644596,0.05155180476079457,2.577019541843042,Neutro,14.10482465084828
2026-04-22,0.0,0.0,-1.517266069766885,2.0576264036900054,0.1350900834807801,6.74425078703741,Neutro,14.10482465084828
2026-04-23,0.0,0.0,-1.658979773269703,2.0335479636941165,0.0936420476061034,4.678683996611173,Neutro,14.10482465084828
2026-04-24,0.0,0.0,-1.1422142958397068,2.010119456879863,0.216976290260039,10.80645159116135,Neutro,14.10482465084828
2026-04-25,0.0,0.0,-1.1407526030438888,0.0,-0.2851881507609722,-14.163541318990417,Neutro,14.10482465084828
2026-04-26,0.0,0.0,-1.1392940178659163,0.0,-0.2848235044664791,-14.145674294071508,Neutro,14.10482465084828
2026-04-27,0.0,0.0,-1.3866511575657188,2.0539268255904655,0.16681891700618667,8.32165649155731,Neutro,14.10482465084828
2026-04-28,0.0,0.0,-1.2967773164782463,2.0694421472039575,0.19316620768142778,9.628390161784422,Neutro,14.10482465084828
2026-04-29,0.0,0.0,-0.5256708816241543,2.051492254103504,0.3814553431198374,18.844813197760427,Neutro,14.10482465084828
2026-04-30,0.0,0.0,-0.547873505612149,2.027746114347858,0.3699681521839272,18.290256571039787,Neutro,14.006810567551359
2026-05-01,0.0,0.0,0.013088110095411198,2.0158521654851853,0.5072350688951491,24.8316173479356,Pressão moderada de alta,14.006810567551359
2026-05-02,0.0,0.0,0.010774472896830197,0.0,0.0026936182242075493,0.13468082977810242,Neutro,14.006810567551359
2026-05-03,0.0,0.0,0.008457856333616256,0.0,0.002114464083404064,0.10572316477988385,Neutro,14.006810567551359
2026-05-04,0.0,0.0,-0.2971685320350954,1.9913321252007155,0.423540898291405,20.866048896461095,Pressão moderada de alta,14.006810567551359
2026-05-05,0.0,0.0,-0.2127047985392147,3.0032929768674586,0.697647044582061,33.53317707437925,Pressão moderada de alta,14.006810567551359
2026-05-06,0.0,0.0,-0.2980770762513072,2.938744130679501,0.6601667636070484,31.85956971749828,Pressão moderada de alta,14.006810567551359
2026-05-07,0.0,0.0,-0.47408240966135184,1.3640625271208544,0.22249502936487564,11.079084183059743,Neutro,14.006810567551359
2026-05-08,0.0,0.0,-0.3380512744613071,1.8621612083723802,0.38102748347776827,18.824179106637366,Neutro,14.006810567551359
2026-05-09,0.0,0.0,-0.33531297367273744,0.0,-0.08382824341818436,-4.188959412467221,Neutro,14.006810567551359
2026-05-10,0.0,0.0,-0.3325770503487834,0.0,-0.08314426258719584,-4.154819893532527,Neutro,14.006810567551359
2026-05-11,0.0,0.0,-0.49860507664378173,1.8415070598956347,0.33572549581296324,16.63036450892733,Neutro,14.006810567551359
2026-05-12,0.0,0.0,-0.48967171974254353,2.8085862164786697,0.5797286241840316,28.200992074587038,Pressão moderada de alta,14.006810567551359
2026-05-13,0.0,0.0,-0.16258430652651387,1.7811318923209831,0.40463689644861733,19.96024254985595,Neutro,14.006810567551359
2026-05-14,0.0,0.0,0.6318646610857243,1.7623068610532706,0.5985428805347487,29.064573909306457,Pressão moderada de alta,14.006810567551359
2026-05-15,0.0,0.0,0.9196820218572965,1.7623068610532706,0.6704972207276418,32.32289725999941,Pressão moderada de alta,14.006810567551359
2026-05-16,0.0,0.0,0.9163646197000681,0.0,0.22909115492501703,11.404722050244686,Neutro,14.006810567551359
2026-05-17,0.0,0.0,0.9130618343449038,0.0,0.22826545858622596,11.363972299008115,Neutro,14.006810567551359
2026-05-18,0.0,0.0,0.7412504757314695,2.7125639881568193,0.8634536159720723,40.67634166160637,Pressão moderada de alta,14.006810567551359
2026-05-19,0.0,0.0,0.8396678052570354,1.7126857042731938,0.6380883773825573,30.86424159195707,Pressão moderada de alta,14.006810567551359
2026-05-20,0.0,0.0,0.6557630586121705,0.7316474949537068,0.34685263839146935,17.170828886235245,Neutro,14.006810567551359
2026-05-21,0.0,0.0,0.5304573900490812,0.7270929474651632,0.31438758437856107,15.591171567124226,Neutro,14.006810567551359
2026-05-22,0.0,0.0,0.5879929676558225,1.684537154078633,0.5681325304336139,27.666430944931612,Pressão moderada de alta,14.006810567551359
2026-05-23,0.0,0.0,0.5841831855781423,0.0,0.14604579639453558,7.289338004826064,Neutro,14.006810567551359
2026-05-24,0.0,0.0,0.5803845848144129,0.0,0.14509614620360323,7.242106159755086,Neutro,14.006810567551359
2026-05-25,0.0,0.0,0.8019669110152624,0.7108775632983382,0.3782111185784002,18.688314827289947,Neutro,14.006810567551359
2026-05-26,0.0,0.0,1.271031188753448,1.6624781610732742,0.7333773374566805,35.10919360934099,Pressão moderada de alta,14.006810567551359
2026-05-27,0.0,0.0,1.5849172384358374,1.6460715227250582,0.8077471902902239,38.32584731165033,Pressão moderada de alta,14.006810567551359
2026-05-28,0.0,0.0,1.6126754594282242,1.6350149593764258,0.8119226047011625,38.5038096635932,Pressão moderada de alta,14.006810567551359
2026-05-29,0.0,0.0,1.8152661857033092,0.6880807058042391,0.6258367228768871,30.308970683815133,Pressão moderada de alta,14.058902059506444
2026-05-30,0.0,0.0,1.7952921536434339,0.0,0.44882303841085847,22.07187287482944,Pressão moderada de alta,14.058902059506444
2026-05-31,0.0,0.0,1.7757647858195142,0.0,0.44394119645487856,21.839547446959003,Pressão moderada de alta,14.058902059506444
2026-06-01,0.0,0.0,1.5308131742485778,0.6949899931762361,0.5564507918562035,27.12618499143246,Pressão moderada de alta,14.058902059506444
2026-06-02,0.0,0.0,1.378007155176741,0.6906104597212501,0.5171544037244977,25.296426069227547,Pressão moderada de alta,14.058902059506444
2026-06-03,0.0,0.0,1.4702343955561215,-0.2709024455260153,0.2998329875075265,14.880337742440746,Neutro,14.058902059506444
2026-06-04,0.0,0.0,0.7976124225661588,-0.2709024455260153,0.1316774942600359,6.574378049165287,Neutro,14.058902059506444
2026-06-05,0.0,0.0,0.768543492973356,0.6862484941766266,0.36369799678749565,17.987063824352614,Neutro,14.058902059506444
2026-06-06,0.0,0.0,0.763773234819048,0.0,0.190943308704762,9.518263852384049,Neutro,14.058902059506444
2026-06-07,0.0,0.0,0.7590258464557745,0.0,0.18975646161394363,9.459455809042352,Neutro,14.058902059506444
2026-06-08,0.0,0.0,1.6897222502413756,2.5623732483469546,1.0630238746470826,48.65359749427401,Pressão moderada de alta,14.058902059506444
2026-06-09,0.0,0.0,1.4043043374290547,1.598678121349042,0.7507456146945242,35.86822863496836,Pressão moderada de alta,14.058902059506444
2026-06-10,0.0,0.0,1.5268521277517513,0.6510077802788954,0.5444649770076617,26.570094504828678,Pressão moderada de alta,14.058902059506444
2026-06-11,0.0,0.0,1.463948401640515,2.4942650356792124,0.9895533593299319,45.79993868560548,Pressão moderada de alta,14.058902059506444
2026-06-12,0.0,0.0,0.8045364504542806,2.453540573401029,0.8145192559638275,38.614338670217364,Pressão moderada de alta,14.058902059506444
2026-06-13,0.0,0.0,0.8004106126656925,0.0,0.20010265316642312,9.971881108481575,Neutro,14.058902059506444
2026-06-14,0.0,0.0,0.7963042749637512,0.0,0.1990760687409378,9.921059700012027,Neutro,14.058902059506444
2026-06-15,0.0,0.0,0.495265665067326,2.4143967858009407,0.7274156127170667,34.84757811499621,Pressão moderada de alta,14.058902059506444
2026-06-16,0.0,0.0,0.6848635911928821,2.3767290616276195,0.7653981632051254,36.504916873479914,Pressão moderada de alta,14.058902059506444
2026-06-17,0.0,0.0,0.22452349511042588,2.3404422475659747,0.6412414356691002,31.00680697933588,Pressão moderada de alta,14.058902059506444
2026-06-18,0.0,0.0,1.1556491663336892,2.3054495745247916,0.8652746852146203,40.75230158422892,Pressão moderada de alta,14.058902059506444
2026-06-19,0.0,0.0,0.9552059049955449,2.271671729337461,0.8067194085832515,38.28199798542414,Pressão moderada de alta,14.058902059506444
2026-06-20,0.0,0.0,0.9569263545446489,0.0,0.23923158863616223,11.904855537200312,Neutro,14.058902059506444
2026-06-21,0.0,0.0,0.9586514298449198,0.0,0.23966285746122995,11.926112823295764,Neutro,14.058902059506444
2026-06-22,0.0,0.0,1.1620395281184195,2.2390360491519266,0.8502688943175865,40.1247092302707,Pressão moderada de alta,14.058902059506444
2026-06-23,0.0,0.0,1.615760931062819,1.3646637810957605,0.7451061780396449,35.622285228331165,Pressão moderada de alta,14.058902059506444
2026-06-24,0.0,0.0,1.6941502699510596,2.1933131066271745,0.9718658441445585,45.09824877006105,Pressão moderada de alta,14.058902059506444
2026-06-25,0.0,0.0,1.5012247880969625,1.330526501394487,0.7079378223728623,33.98906678443937,Pressão moderada de alta,14.058902059506444
2026-06-26,0.0,0.0,0.5692793147897349,1.3195276361663575,0.4722017377390231,23.18094912418482,Pressão moderada de alta,14.058902059506444
2026-06-27,0.0,0.0,0.5716013934064704,0.0,0.1429003483516176,7.1328834537781205,Neutro,14.058902059506444
2026-06-28,0.0,0.0,0.5739316825217562,0.0,0.14348292063043905,7.161863264144319,Neutro,14.058902059506444
2026-06-29,0.0,0.0,0.1926336011258793,1.3086717146529703,0.3753263289447124,18.549075517691417,Neutro,14.058902059506444
2026-06-30,0.0,0.0,0.2400510131331353,2.123277079916536,0.5908320232624178,28.711205537157262,Pressão moderada de alta,14.081663079513081
2026-07-01,0.0,0.0,0.34293170346533497,2.0953067583398184,0.6095596154512883,29.56806757355815,Pressão moderada de alta,14.081663079513081
2026-07-02,0.0,0.0,0.5929586188785102,2.068155951116722,0.665278642498808,32.089032700160885,Pressão moderada de alta,14.081663079513081
2026-07-03,0.0,0.0,0.9763545242665481,2.041782531437488,0.754534263926009,36.033177771613,Pressão moderada de alta,14.081663079513081
2026-07-04,0.0,0.0,0.97270315118545,0.0,0.2431757877963625,12.09922464043397,Neutro,14.081663079513081
2026-07-05,0.0,0.0,0.9690696750297061,0.0,0.24226741875742652,12.054468618431542,Neutro,14.081663079513081
2026-07-06,0.0,0.0,1.2862578197717873,0.40770720567941054,0.4234912563627995,20.863674856227828,Pressão moderada de alta,14.081663079513081
2026-07-07,0.0,0.0,0.7725840751399847,-0.40770720567941054,0.09121921736514355,4.557800872034746,Neutro,14.081663079513081
2026-07-08,0.0,0.0,0.978508271666196,-0.40770720567941054,0.14270026649669637,7.122930188890177,Neutro,14.081663079513081
2026-07-09,0.0,0.0,-0.08650355041066578,0.4044735601104374,0.0794925024249429,3.9725334524383418,Neutro,14.081663079513081
2026-07-10,0.0,0.0,-0.14994705240842499,-0.41094513707220437,-0.14022304737015734,-6.999686845021302,Neutro,14.081663079513081
2026-07-11,0.0,0.0,-0.15073144272941966,0.0,-0.037682860682354914,-1.8839201091630058,Neutro,14.081663079513081
2026-07-12,0.0,0.0,-0.15151621810032057,0.0,-0.03787905452508014,-1.8937263015335377,Neutro,14.081663079513081
2026-07-13,0.0,0.0,-0.029196677336595377,-1.2198943775959097,-0.3122727637331263,-15.48798396350791,Neutro,14.081663079513081
2026-07-14,0.0,0.0,-0.7223605653508912,-1.213480097355375,-0.4839601656765665,-23.73651463066886,Pressão moderada de queda,14.081663079513081
2026-07-15,0.0,0.0,-1.035235555411911,-0.8055182332182638,-0.4601884471575437,-22.611776018195826,Pressão moderada de queda,14.081663079513081
2026-07-16,0.0,0.0,-0.6421495902175555,-1.2043517264330958,-0.46162532916266286,-22.67993569967958,Pressão moderada de queda,14.081663079513081
2026-07-17,0.0,0.0,-0.2964258270047765,-0.396105028533921,-0.17313271388467438,-8.635076805705868,Neutro,14.081663079513081
2026-07-18,0.0,0.0,-0.29745743092233967,0.0,-0.07436435773058492,-3.716505336951458,Neutro,14.081663079513081
2026-07-19,0.0,0.0,-0.2984901169861747,0.0,-0.07462252924654368,-3.729396020978388,Neutro,14.081663079513081
2026-07-20,0.0,0.0,-0.564561173619955,-0.396105028533921,-0.24016655053846897,-11.950938524190867,Neutro,14.081663079513081
2026-07-21,0.0,0.0,-0.7075293983124923,-0.396105028533921,-0.27590860671160333,-13.70857605465703,Neutro,14.081663079513081
2026-07-22,0.0,0.0,-0.9877233773347704,-0.396105028533921,-0.34595710146717285,-17.12736889021246,Neutro,14.081663079513081
2026-07-23,0.0,0.0,-0.8347602574884221,-0.396105028533921,-0.30771632150558575,-15.265548693771565,Neutro,14.081663079513081
2026-07-24,0.0,0.0,-0.761495205035668,-0.396105028533921,-0.28940005839239724,-14.369850190580191,Neutro,14.081663079513081
2026-07-25,0.0,0.0,-0.7602476005873631,0.0,-0.19006190014684077,-9.474590861730954,Neutro,14.081663079513081
2026-07-26,0.0,0.0,-0.759002113619565,0.0,-0.18975052840489126,-9.45916180306365,Neutro,14.081663079513081
2026-07-27,0.0,0.0,-0.4208927807830679,-0.396105028533921,-0.20424945232924724,-10.177116583026843,Neutro,14.081663079513081
2026-07-28,0.0,0.0,-0.08508006581516216,-0.7978577111311839,-0.2207344442365865,-10.99212699316199,Neutro,14.081663079513081
2026-07-29,0.0,0.0,-0.13118606398806196,-0.3941224838117896,-0.1313271369499629,-6.556935699459,Neutro,14.081663079513081
2026-07-30,0.0,0.0,-0.3572811690528349,-1.1953306847870664,-0.3881529634599753,-19.167596778273634,Neutro,14.081663079513081
2026-07-31,0.0,0.0,-0.11441576478683488,-1.1891201462335101,-0.32588397775508626,-16.15150990024794,Neutro,14.078187510020843
2026-08-01,0.0,0.0,-0.11311689574569482,0.0,-0.028279223936423705,-1.4138669739162664,Neutro,14.078187510020843
2026-08-02,0.0,0.0,-0.11181804558354469,0.0,-0.027954511395886172,-1.3976345553044933,Neutro,14.078187510020843
2026-08-03,0.0,0.0,-0.2367599076585431,-1.182960472475447,-0.35493009503349754,-17.562520277152146,Neutro,14.078187510020843
2026-08-04,0.0,0.0,0.4477109445000732,-0.38160015241143447,0.016527698022159684,0.8263660900161858,Neutro,14.078187510020843
2026-08-05,0.0,0.0,0.5493071696896755,-0.38160015241143447,0.041926754319560264,2.096030682202219,Neutro,14.078187510020843
2026-08-06,0.0,0.0,0.20512972877405453,-0.38354711033107175,-0.044604345389254306,-2.2298475827236865,Neutro,14.078187510020843
2026-08-07,0.0,0.0,-0.06938107237211577,-0.38354711033107175,-0.11323204567579688,-5.655560845367425,Neutro,14.078187510020843
2026-08-08,0.0,0.0,-0.06920752317242108,0.0,-0.01730188079310527,-0.8650724594433975,Neutro,14.078187510020843
2026-08-09,0.0,0.0,-0.06903397891437002,0.0,-0.017258494728592505,-0.8629033181509224,Neutro,14.078187510020843
2026-08-10,0.0,0.0,0.23053080255438685,-1.1795232249973162,-0.23724810561073234,-11.807075425002726,Neutro,14.078187510020843
2026-08-11,0.0,0.0,0.6209282658499671,-0.3794159498981946,0.06037807898794312,3.0179871626240304,Neutro,14.078187510020843
2026-08-12,0.0,0.0,1.0615497108108958,-0.38135630729393494,0.1700483508792402,8.481988310944729,Neutro,14.078187510020843
2026-08-13,0.0,0.0,1.0982531292394107,-0.7817804299525666,0.07911817482171102,3.9538464699152995,Neutro,14.078187510020843
2026-08-14,0.0,0.0,1.5519776517171242,-0.38330156469873766,0.29216902175459664,14.505412450098977,Neutro,14.078187510020843
2026-08-15,0.0,0.0,1.5415100532258286,0.0,0.38537751330645714,19.033887247613638,Neutro,14.078187510020843
2026-08-16,0.0,0.0,1.5311802267331793,0.0,0.38279505668329483,18.909411869581287,Neutro,14.078187510020843
2026-08-17,0.0,0.0,1.0320913873036048,-1.1848948784255584,-0.03820087278048839,-1.9098113946289579,Neutro,14.078187510020843
2026-08-18,0.0,0.0,0.906436157288976,-1.19414451311221,-0.07192708895580849,-3.59480476936543,Neutro,14.078187510020843
2026-08-19,0.0,0.0,0.5881441376782511,-1.2035333325566564,-0.15384729871960132,-7.677228218809764,Neutro,14.078187510020843
2026-08-20,0.0,0.0,1.1424842303239688,-1.2130652457815723,-0.017645253864400856,-0.8822398025255326,Neutro,14.078187510020843
2026-08-21,0.0,0.0,0.8991341513597476,-1.2066905492811966,-0.07688909948036224,-3.8425620795262905,Neutro,14.078187510020843
2026-08-22,0.0,0.0,0.8951839744624677,0.0,0.22379599361561692,11.143329315070599,Neutro,14.078187510020843
2026-08-23,0.0,0.0,0.8912535968616621,0.0,0.22281339921541551,11.094807004864961,Neutro,14.078187510020843
2026-08-24,0.0,0.0,0.8327475964342544,-1.2110677689774718,-0.09458004313580434,-4.725480078817899,Neutro,14.078187510020843
2026-08-25,0.0,0.0,0.5225782549942777,-1.2074837434394508,-0.17122637211129327,-8.540462685878367,Neutro,14.078187510020843
2026-08-26,0.0,0.0,0.5376901177489455,-0.7988434942129443,-0.06528834411599971,-3.2632581332000496,Neutro,14.078187510020843
2026-08-27,0.0,0.0,0.6986172513078199,-1.198400601966873,-0.12494583766476325,-6.239177104523743,Neutro,14.078187510020843
2026-08-28,0.0,0.0,1.1210008306672683,-0.3887572998337577,0.18306088270837767,9.127568646413302,Neutro,14.078187510020843
2026-08-29,0.0,0.0,1.1268326235455959,0.0,0.28170815588639897,13.992990253446278,Neutro,14.078187510020843
2026-08-30,0.0,0.0,1.1327191584948224,0.0,0.2831797896237056,14.065123743013489,Neutro,14.078187510020843
2026-08-31,0.0,0.0,0.922840717196274,-0.3887572998337577,0.1335208543406291,6.666142094128591,Neutro,14.008502597402597
2026-09-01,0.0,0.0,0.42434548158874275,-0.3887572998337577,0.008897045438746268,0.44484933751412215,Neutro,14.008502597402597
2026-09-02,0.0,0.0,-0.1472177067485338,-0.3887572998337577,-0.13399375164557287,-6.689681516155946,Neutro,14.008502597402597
2026-09-03,0.0,0.0,-0.6134507979977951,-0.3887572998337577,-0.2505520244578882,-12.462473650514031,Neutro,14.008502597402597
2026-09-04,0.0,0.0,-0.6785519910662134,-0.3907369702198681,-0.2673222403215204,-13.287080226979484,Neutro,14.008502597402597
2026-09-05,0.0,0.0,-0.6726810840200833,0.0,-0.16817027100502083,-8.388752502548611,Neutro,14.008502597402597
2026-09-06,0.0,0.0,-0.666836803244117,0.0,-0.16670920081102925,-8.316208646149272,Neutro,14.008502597402597
2026-09-07,0.0,0.0,-0.46135226378810495,-0.3907369702198681,-0.21302230850199327,-10.611019723316026,Neutro,14.008502597402597
2026-09-08,0.0,0.0,-0.8462027071284965,-0.39497131794748386,-0.3102935062689951,-15.391380213158426,Neutro,14.008502597402597
2026-09-09,0.0,0.0,-0.43131638703401526,-1.2011543899351502,-0.4081176942422914,-20.127290294954157,Pressão moderada de queda,14.008502597402597
2026-09-10,0.0,0.0,-0.40430859552841697,-0.7917356237713598,-0.29901105482494417,-14.8401486328487,Neutro,14.008502597402597
2026-09-11,0.0,0.0,-0.39802743614185576,-0.992569011150621,-0.3476491118231192,-17.209475762442274,Neutro,14.008502597402597
2026-09-12,0.0,0.0,-0.3942937362413768,0.0,-0.0985734340603442,-4.924684699342437,Neutro,14.008502597402597
2026-09-13,0.0,0.0,-0.3905633031252414,0.0,-0.09764082578131035,-4.878166311015564,Neutro,14.008502597402597
2026-09-14,0.0,0.0,0.43845991223461794,0.0,0.10961497805865449,5.475267686403743,Neutro,14.008502597402597
2026-09-15,0.0,0.0,0.2646499887923595,0.0,0.06616249719808988,3.3069186181564576,Neutro,14.008502597402597
